[0m13:29:10.185276 [debug] [MainThread]: Sending event: {'category': 'dbt', 'action': 'invocation', 'label': 'start', 'context': [<snowplow_tracker.self_describing_json.SelfDescribingJson object at 0x7f74ed832540>, <snowplow_tracker.self_describing_json.SelfDescribingJson object at 0x7f74ef270170>, <snowplow_tracker.self_describing_json.SelfDescribingJson object at 0x7f74ece54aa0>]}


============================== 13:29:10.288585 | b99df1d2-d26f-4778-a961-739f8606fca8 ==============================
[0m13:29:10.288585 [info ] [MainThread]: Running with dbt=1.10.13
[0m13:29:10.293540 [debug] [MainThread]: running dbt with arguments {'printer_width': '80', 'static_parser': 'True', 'use_experimental_parser': 'False', 'no_print': 'None', 'write_json': 'True', 'send_anonymous_usage_stats': 'True', 'quiet': 'False', 'profiles_dir': '/home/vaishu19/.dbt', 'log_format': 'default', 'empty': 'None', 'log_cache_events': 'False', 'invocation_command': 'dbt init finance_lakehouse --profile finance_lakehouse', 'debug': 'False', 'warn_error': 'None', 'partial_parse': 'True', 'target_path': 'None', 'indirect_selection': 'eager', 'cache_selected_only': 'False', 'introspect': 'True', 'warn_error_options': 'WarnErrorOptionsV2(error=[], warn=[], silence=[])', 'log_path': 'logs', 'use_colors': 'True', 'fail_fast': 'False', 'version_check': 'True'}
[0m13:29:11.691940 [error] [MainThread]: Encountered an error:
Runtime Error
  Could not find profile named 'finance_lakehouse'
[0m13:29:11.704698 [debug] [MainThread]: Resource report: {"command_name": "init", "command_success": false, "command_wall_clock_time": 1.5925556, "process_in_blocks": "12040", "process_kernel_time": 1.42708, "process_mem_max_rss": "98768", "process_out_blocks": "0", "process_user_time": 1.88681}
[0m13:29:11.707935 [debug] [MainThread]: Command `dbt init` failed at 13:29:11.707799 after 1.60 seconds
[0m13:29:11.710931 [debug] [MainThread]: Sending event: {'category': 'dbt', 'action': 'invocation', 'label': 'end', 'context': [<snowplow_tracker.self_describing_json.SelfDescribingJson object at 0x7f74edaf1d90>, <snowplow_tracker.self_describing_json.SelfDescribingJson object at 0x7f74ed12d2b0>, <snowplow_tracker.self_describing_json.SelfDescribingJson object at 0x7f74ec925220>]}
[0m13:29:11.713683 [debug] [MainThread]: Flushing usage events
[0m13:29:12.766251 [debug] [MainThread]: An error was encountered while trying to flush usage events
[0m13:33:48.915243 [debug] [MainThread]: Sending event: {'category': 'dbt', 'action': 'invocation', 'label': 'start', 'context': [<snowplow_tracker.self_describing_json.SelfDescribingJson object at 0x7f8730c9b980>, <snowplow_tracker.self_describing_json.SelfDescribingJson object at 0x7f8731094ec0>, <snowplow_tracker.self_describing_json.SelfDescribingJson object at 0x7f8732b9ae40>]}


============================== 13:33:48.964389 | 45efec06-cef6-48ee-ac32-9538b79bfc4b ==============================
[0m13:33:48.964389 [info ] [MainThread]: Running with dbt=1.10.13
[0m13:33:48.967378 [debug] [MainThread]: running dbt with arguments {'invocation_command': 'dbt debug --profiles-dir /home/vaishu19/.dbt --profile finance_lakehouse', 'write_json': 'True', 'fail_fast': 'False', 'static_parser': 'True', 'indirect_selection': 'eager', 'cache_selected_only': 'False', 'warn_error_options': 'WarnErrorOptionsV2(error=[], warn=[], silence=[])', 'use_colors': 'True', 'debug': 'False', 'log_cache_events': 'False', 'use_experimental_parser': 'False', 'send_anonymous_usage_stats': 'True', 'empty': 'None', 'partial_parse': 'True', 'log_path': 'logs', 'target_path': 'None', 'no_print': 'None', 'profiles_dir': '/home/vaishu19/.dbt', 'introspect': 'True', 'quiet': 'False', 'version_check': 'True', 'log_format': 'default', 'printer_width': '80', 'warn_error': 'None'}
[0m13:33:49.664516 [info ] [MainThread]: dbt version: 1.10.13
[0m13:33:49.666011 [info ] [MainThread]: python version: 3.12.3
[0m13:33:49.668239 [info ] [MainThread]: python path: /mnt/d/finance-lakehouse-aws/dbt/finance_dbt/.venv/bin/python3
[0m13:33:49.670106 [info ] [MainThread]: os info: Linux-5.15.146.1-microsoft-standard-WSL2-x86_64-with-glibc2.39
[0m13:34:07.400860 [info ] [MainThread]: Using profiles dir at /home/vaishu19/.dbt
[0m13:34:07.404851 [info ] [MainThread]: Using profiles.yml file at /home/vaishu19/.dbt/profiles.yml
[0m13:34:07.408852 [info ] [MainThread]: Using dbt_project.yml file at /mnt/d/finance-lakehouse-aws/dbt/finance_dbt/dbt_project.yml
[0m13:34:07.454867 [info ] [MainThread]: adapter type: athena
[0m13:34:07.457985 [info ] [MainThread]: adapter version: 1.9.5
[0m13:34:07.462213 [info ] [MainThread]: Configuration:
[0m13:34:07.465111 [info ] [MainThread]:   profiles.yml file [[32mOK found and valid[0m]
[0m13:34:07.469016 [info ] [MainThread]:   dbt_project.yml file [[31mERROR not found[0m]
[0m13:34:07.471361 [info ] [MainThread]: Required dependencies:
[0m13:34:07.474195 [debug] [MainThread]: Executing "git --help"
[0m13:34:07.504793 [debug] [MainThread]: STDOUT: "b"usage: git [-v | --version] [-h | --help] [-C <path>] [-c <name>=<value>]\n           [--exec-path[=<path>]] [--html-path] [--man-path] [--info-path]\n           [-p | --paginate | -P | --no-pager] [--no-replace-objects] [--bare]\n           [--git-dir=<path>] [--work-tree=<path>] [--namespace=<name>]\n           [--config-env=<name>=<envvar>] <command> [<args>]\n\nThese are common Git commands used in various situations:\n\nstart a working area (see also: git help tutorial)\n   clone     Clone a repository into a new directory\n   init      Create an empty Git repository or reinitialize an existing one\n\nwork on the current change (see also: git help everyday)\n   add       Add file contents to the index\n   mv        Move or rename a file, a directory, or a symlink\n   restore   Restore working tree files\n   rm        Remove files from the working tree and from the index\n\nexamine the history and state (see also: git help revisions)\n   bisect    Use binary search to find the commit that introduced a bug\n   diff      Show changes between commits, commit and working tree, etc\n   grep      Print lines matching a pattern\n   log       Show commit logs\n   show      Show various types of objects\n   status    Show the working tree status\n\ngrow, mark and tweak your common history\n   branch    List, create, or delete branches\n   commit    Record changes to the repository\n   merge     Join two or more development histories together\n   rebase    Reapply commits on top of another base tip\n   reset     Reset current HEAD to the specified state\n   switch    Switch branches\n   tag       Create, list, delete or verify a tag object signed with GPG\n\ncollaborate (see also: git help workflows)\n   fetch     Download objects and refs from another repository\n   pull      Fetch from and integrate with another repository or a local branch\n   push      Update remote refs along with associated objects\n\n'git help -a' and 'git help -g' list available subcommands and some\nconcept guides. See 'git help <command>' or 'git help <concept>'\nto read about a specific subcommand or concept.\nSee 'git help git' for an overview of the system.\n""
[0m13:34:07.507329 [debug] [MainThread]: STDERR: "b''"
[0m13:34:07.509547 [info ] [MainThread]:  - git [[32mOK found[0m]

[0m13:34:07.511954 [info ] [MainThread]: Connection:
[0m13:34:07.514505 [info ] [MainThread]:   s3_staging_dir: s3://finance-lake-query-vk1911eu/
[0m13:34:07.517198 [info ] [MainThread]:   work_group: primary
[0m13:34:07.519560 [info ] [MainThread]:   skip_workgroup_check: False
[0m13:34:07.522381 [info ] [MainThread]:   region_name: eu-central-1
[0m13:34:07.525954 [info ] [MainThread]:   database: finance_lake_db
[0m13:34:07.528657 [info ] [MainThread]:   schema: default
[0m13:34:07.531450 [info ] [MainThread]:   poll_interval: 1.0
[0m13:34:07.534433 [info ] [MainThread]:   aws_profile_name: vaishnavi-dev
[0m13:34:07.537681 [info ] [MainThread]:   aws_access_key_id: None
[0m13:34:07.541545 [info ] [MainThread]:   endpoint_url: None
[0m13:34:07.544047 [info ] [MainThread]:   s3_data_dir: None
[0m13:34:07.546441 [info ] [MainThread]:   s3_data_naming: schema_table_unique
[0m13:34:07.549873 [info ] [MainThread]:   s3_tmp_table_dir: None
[0m13:34:07.552792 [info ] [MainThread]:   debug_query_state: False
[0m13:34:07.555641 [info ] [MainThread]:   seed_s3_upload_args: None
[0m13:34:07.559540 [info ] [MainThread]:   lf_tags_database: None
[0m13:34:07.562736 [info ] [MainThread]:   spark_work_group: None
[0m13:34:07.574396 [info ] [MainThread]: Registered adapter: athena=1.9.5
[0m13:34:48.918875 [debug] [MainThread]: Acquiring new athena connection 'debug'
[0m13:34:48.923747 [debug] [MainThread]: Using athena connection "debug"
[0m13:34:48.927517 [debug] [MainThread]: On debug: select 1 as id
[0m13:34:48.931867 [debug] [MainThread]: Opening a new connection, currently in state init
[0m13:35:21.645041 [debug] [MainThread]: dbt.adapters.athena.constants adapter: Athena query ID 5b3e00c2-3a7b-4c49-a3f0-270dbf3681b9
[0m13:35:24.190684 [debug] [MainThread]: SQL status: OK -1 in 35.259 seconds
[0m13:35:24.196486 [debug] [MainThread]: On debug: Close
[0m13:35:24.199783 [info ] [MainThread]:   Connection test: [[32mOK connection ok[0m]

[0m13:35:24.203063 [info ] [MainThread]: [31m1 check failed:[0m
[0m13:35:24.206890 [info ] [MainThread]: Project loading failed for the following reason:
 project path </mnt/d/finance-lakehouse-aws/dbt/finance_dbt/dbt_project.yml> not found

[0m13:35:24.218177 [debug] [MainThread]: Resource report: {"command_name": "debug", "command_success": false, "command_wall_clock_time": 95.38503, "process_in_blocks": "13016", "process_kernel_time": 3.593867, "process_mem_max_rss": "138608", "process_out_blocks": "0", "process_user_time": 3.553027}
[0m13:35:24.221267 [debug] [MainThread]: Command `dbt debug` failed at 13:35:24.221088 after 95.39 seconds
[0m13:35:24.224255 [debug] [MainThread]: Connection 'debug' was properly closed.
[0m13:35:24.227362 [debug] [MainThread]: Sending event: {'category': 'dbt', 'action': 'invocation', 'label': 'end', 'context': [<snowplow_tracker.self_describing_json.SelfDescribingJson object at 0x7f872fd389e0>, <snowplow_tracker.self_describing_json.SelfDescribingJson object at 0x7f872fd605c0>, <snowplow_tracker.self_describing_json.SelfDescribingJson object at 0x7f872fd28050>]}
[0m13:35:24.230368 [debug] [MainThread]: Flushing usage events
[0m13:35:25.253022 [debug] [MainThread]: An error was encountered while trying to flush usage events
[0m13:50:18.954749 [debug] [MainThread]: Sending event: {'category': 'dbt', 'action': 'invocation', 'label': 'start', 'context': [<snowplow_tracker.self_describing_json.SelfDescribingJson object at 0x7fef808811c0>, <snowplow_tracker.self_describing_json.SelfDescribingJson object at 0x7fef805aadb0>, <snowplow_tracker.self_describing_json.SelfDescribingJson object at 0x7fef806f0350>]}


============================== 13:50:18.990985 | e86080f6-2c01-47a2-a745-8b71a0ef5af6 ==============================
[0m13:50:18.990985 [info ] [MainThread]: Running with dbt=1.10.13
[0m13:50:18.992939 [debug] [MainThread]: running dbt with arguments {'write_json': 'True', 'send_anonymous_usage_stats': 'True', 'indirect_selection': 'eager', 'printer_width': '80', 'use_colors': 'True', 'profiles_dir': '/home/vaishu19/.dbt', 'no_print': 'None', 'log_format': 'default', 'debug': 'False', 'introspect': 'True', 'cache_selected_only': 'False', 'partial_parse': 'True', 'log_path': '/mnt/d/finance-lakehouse-aws/dbt/finance_dbt/logs', 'version_check': 'True', 'log_cache_events': 'False', 'empty': 'None', 'warn_error_options': 'WarnErrorOptionsV2(error=[], warn=[], silence=[])', 'warn_error': 'None', 'use_experimental_parser': 'False', 'quiet': 'False', 'invocation_command': 'dbt debug', 'target_path': 'None', 'static_parser': 'True', 'fail_fast': 'False'}
[0m13:50:19.914150 [info ] [MainThread]: dbt version: 1.10.13
[0m13:50:19.917057 [info ] [MainThread]: python version: 3.12.3
[0m13:50:19.920767 [info ] [MainThread]: python path: /mnt/d/finance-lakehouse-aws/dbt/finance_dbt/.venv/bin/python3
[0m13:50:19.923917 [info ] [MainThread]: os info: Linux-5.15.146.1-microsoft-standard-WSL2-x86_64-with-glibc2.39
[0m13:50:36.531029 [info ] [MainThread]: Using profiles dir at /home/vaishu19/.dbt
[0m13:50:36.536628 [info ] [MainThread]: Using profiles.yml file at /home/vaishu19/.dbt/profiles.yml
[0m13:50:36.540104 [info ] [MainThread]: Using dbt_project.yml file at /mnt/d/finance-lakehouse-aws/dbt/finance_dbt/dbt_project.yml
[0m13:50:36.580559 [info ] [MainThread]: adapter type: athena
[0m13:50:36.583042 [info ] [MainThread]: adapter version: 1.9.5
[0m13:50:36.753588 [info ] [MainThread]: Configuration:
[0m13:50:36.757829 [info ] [MainThread]:   profiles.yml file [[32mOK found and valid[0m]
[0m13:50:36.761724 [info ] [MainThread]:   dbt_project.yml file [[32mOK found and valid[0m]
[0m13:50:36.765334 [info ] [MainThread]: Required dependencies:
[0m13:50:36.768639 [debug] [MainThread]: Executing "git --help"
[0m13:50:36.785334 [debug] [MainThread]: STDOUT: "b"usage: git [-v | --version] [-h | --help] [-C <path>] [-c <name>=<value>]\n           [--exec-path[=<path>]] [--html-path] [--man-path] [--info-path]\n           [-p | --paginate | -P | --no-pager] [--no-replace-objects] [--bare]\n           [--git-dir=<path>] [--work-tree=<path>] [--namespace=<name>]\n           [--config-env=<name>=<envvar>] <command> [<args>]\n\nThese are common Git commands used in various situations:\n\nstart a working area (see also: git help tutorial)\n   clone     Clone a repository into a new directory\n   init      Create an empty Git repository or reinitialize an existing one\n\nwork on the current change (see also: git help everyday)\n   add       Add file contents to the index\n   mv        Move or rename a file, a directory, or a symlink\n   restore   Restore working tree files\n   rm        Remove files from the working tree and from the index\n\nexamine the history and state (see also: git help revisions)\n   bisect    Use binary search to find the commit that introduced a bug\n   diff      Show changes between commits, commit and working tree, etc\n   grep      Print lines matching a pattern\n   log       Show commit logs\n   show      Show various types of objects\n   status    Show the working tree status\n\ngrow, mark and tweak your common history\n   branch    List, create, or delete branches\n   commit    Record changes to the repository\n   merge     Join two or more development histories together\n   rebase    Reapply commits on top of another base tip\n   reset     Reset current HEAD to the specified state\n   switch    Switch branches\n   tag       Create, list, delete or verify a tag object signed with GPG\n\ncollaborate (see also: git help workflows)\n   fetch     Download objects and refs from another repository\n   pull      Fetch from and integrate with another repository or a local branch\n   push      Update remote refs along with associated objects\n\n'git help -a' and 'git help -g' list available subcommands and some\nconcept guides. See 'git help <command>' or 'git help <concept>'\nto read about a specific subcommand or concept.\nSee 'git help git' for an overview of the system.\n""
[0m13:50:36.788104 [debug] [MainThread]: STDERR: "b''"
[0m13:50:36.790529 [info ] [MainThread]:  - git [[32mOK found[0m]

[0m13:50:36.794696 [info ] [MainThread]: Connection:
[0m13:50:36.801657 [info ] [MainThread]:   s3_staging_dir: s3://finance-lake-query-vk1911eu/
[0m13:50:36.804750 [info ] [MainThread]:   work_group: primary
[0m13:50:36.808650 [info ] [MainThread]:   skip_workgroup_check: False
[0m13:50:36.811369 [info ] [MainThread]:   region_name: eu-central-1
[0m13:50:36.814073 [info ] [MainThread]:   database: finance_lake_db
[0m13:50:36.817404 [info ] [MainThread]:   schema: default
[0m13:50:36.819933 [info ] [MainThread]:   poll_interval: 1.0
[0m13:50:36.822371 [info ] [MainThread]:   aws_profile_name: vaishnavi-dev
[0m13:50:36.825489 [info ] [MainThread]:   aws_access_key_id: None
[0m13:50:36.827852 [info ] [MainThread]:   endpoint_url: None
[0m13:50:36.830004 [info ] [MainThread]:   s3_data_dir: None
[0m13:50:36.833219 [info ] [MainThread]:   s3_data_naming: schema_table_unique
[0m13:50:36.835685 [info ] [MainThread]:   s3_tmp_table_dir: None
[0m13:50:36.837874 [info ] [MainThread]:   debug_query_state: False
[0m13:50:36.841833 [info ] [MainThread]:   seed_s3_upload_args: None
[0m13:50:36.844604 [info ] [MainThread]:   lf_tags_database: None
[0m13:50:36.847019 [info ] [MainThread]:   spark_work_group: None
[0m13:50:36.856123 [info ] [MainThread]: Registered adapter: athena=1.9.5
[0m13:51:15.480679 [debug] [MainThread]: Acquiring new athena connection 'debug'
[0m13:51:15.484108 [debug] [MainThread]: Using athena connection "debug"
[0m13:51:15.486814 [debug] [MainThread]: On debug: select 1 as id
[0m13:51:15.489612 [debug] [MainThread]: Opening a new connection, currently in state init
[0m13:51:47.284812 [debug] [MainThread]: dbt.adapters.athena.constants adapter: Athena query ID d0ad8a0c-9ed5-4109-8a2e-e39cd13bb39f
[0m13:51:50.038944 [debug] [MainThread]: SQL status: OK -1 in 34.549 seconds
[0m13:51:50.044080 [debug] [MainThread]: On debug: Close
[0m13:51:50.048209 [info ] [MainThread]:   Connection test: [[32mOK connection ok[0m]

[0m13:51:50.052161 [info ] [MainThread]: [32mAll checks passed![0m
[0m13:51:50.065560 [debug] [MainThread]: Resource report: {"command_name": "debug", "command_success": true, "command_wall_clock_time": 91.20413, "process_in_blocks": "12688", "process_kernel_time": 3.560664, "process_mem_max_rss": "139784", "process_out_blocks": "0", "process_user_time": 4.060407}
[0m13:51:50.069334 [debug] [MainThread]: Command `dbt debug` succeeded at 13:51:50.069022 after 91.21 seconds
[0m13:51:50.073106 [debug] [MainThread]: Connection 'debug' was properly closed.
[0m13:51:50.076733 [debug] [MainThread]: Sending event: {'category': 'dbt', 'action': 'invocation', 'label': 'end', 'context': [<snowplow_tracker.self_describing_json.SelfDescribingJson object at 0x7fef80fb1220>, <snowplow_tracker.self_describing_json.SelfDescribingJson object at 0x7fef7da17410>, <snowplow_tracker.self_describing_json.SelfDescribingJson object at 0x7fef80e9a9c0>]}
[0m13:51:50.080268 [debug] [MainThread]: Flushing usage events
[0m13:51:51.476176 [debug] [MainThread]: An error was encountered while trying to flush usage events
[0m14:15:41.505157 [debug] [MainThread]: Sending event: {'category': 'dbt', 'action': 'invocation', 'label': 'start', 'context': [<snowplow_tracker.self_describing_json.SelfDescribingJson object at 0x7f89c500b200>, <snowplow_tracker.self_describing_json.SelfDescribingJson object at 0x7f89c4997410>, <snowplow_tracker.self_describing_json.SelfDescribingJson object at 0x7f89c4e6b560>]}


============================== 14:15:41.577467 | cc152d44-5957-45c1-9ede-7113dd838c83 ==============================
[0m14:15:41.577467 [info ] [MainThread]: Running with dbt=1.10.13
[0m14:15:41.580553 [debug] [MainThread]: running dbt with arguments {'warn_error_options': 'WarnErrorOptionsV2(error=[], warn=[], silence=[])', 'fail_fast': 'False', 'introspect': 'True', 'debug': 'False', 'target_path': 'None', 'use_experimental_parser': 'False', 'version_check': 'True', 'write_json': 'True', 'log_cache_events': 'False', 'log_format': 'default', 'invocation_command': 'dbt run -s silver', 'use_colors': 'True', 'profiles_dir': '/home/vaishu19/.dbt', 'static_parser': 'True', 'no_print': 'None', 'indirect_selection': 'eager', 'warn_error': 'None', 'partial_parse': 'True', 'printer_width': '80', 'quiet': 'False', 'cache_selected_only': 'False', 'empty': 'False', 'log_path': '/mnt/d/finance-lakehouse-aws/dbt/finance_dbt/logs', 'send_anonymous_usage_stats': 'True'}
[0m14:16:17.625287 [debug] [MainThread]: Sending event: {'category': 'dbt', 'action': 'project_id', 'label': 'cc152d44-5957-45c1-9ede-7113dd838c83', 'context': [<snowplow_tracker.self_describing_json.SelfDescribingJson object at 0x7f89c3698a70>]}
[0m14:16:18.029309 [debug] [MainThread]: Sending event: {'category': 'dbt', 'action': 'adapter_info', 'label': 'cc152d44-5957-45c1-9ede-7113dd838c83', 'context': [<snowplow_tracker.self_describing_json.SelfDescribingJson object at 0x7f89c41c5be0>]}
[0m14:16:18.147367 [info ] [MainThread]: Registered adapter: athena=1.9.5
[0m14:16:57.058677 [debug] [MainThread]: checksum: 9f0c81e2574b4ff463f3d16d080df83c6982fc0372c9feeacae0504ac9ea3ffe, vars: {}, profile: , target: , version: 1.10.13
[0m14:16:57.105195 [info ] [MainThread]: Unable to do partial parsing because saved manifest not found. Starting full parse.
[0m14:16:57.109010 [debug] [MainThread]: Sending event: {'category': 'dbt', 'action': 'partial_parser', 'label': 'cc152d44-5957-45c1-9ede-7113dd838c83', 'context': [<snowplow_tracker.self_describing_json.SelfDescribingJson object at 0x7f89c455fad0>]}
[0m14:17:10.480899 [debug] [MainThread]: Sending event: {'category': 'dbt', 'action': 'load_project', 'label': 'cc152d44-5957-45c1-9ede-7113dd838c83', 'context': [<snowplow_tracker.self_describing_json.SelfDescribingJson object at 0x7f89c1700ec0>]}
[0m14:17:10.600701 [debug] [MainThread]: Wrote artifact WritableManifest to /mnt/d/finance-lakehouse-aws/dbt/finance_dbt/target/manifest.json
[0m14:17:10.729748 [debug] [MainThread]: Wrote artifact SemanticManifest to /mnt/d/finance-lakehouse-aws/dbt/finance_dbt/target/semantic_manifest.json
[0m14:17:12.418333 [debug] [MainThread]: Sending event: {'category': 'dbt', 'action': 'resource_counts', 'label': 'cc152d44-5957-45c1-9ede-7113dd838c83', 'context': [<snowplow_tracker.self_describing_json.SelfDescribingJson object at 0x7f89c1756930>]}
[0m14:17:12.423862 [info ] [MainThread]: Found 2 models, 2 sources, 476 macros
[0m14:17:12.428622 [debug] [MainThread]: Sending event: {'category': 'dbt', 'action': 'runnable_timing', 'label': 'cc152d44-5957-45c1-9ede-7113dd838c83', 'context': [<snowplow_tracker.self_describing_json.SelfDescribingJson object at 0x7f89c1744920>]}
[0m14:17:12.434050 [info ] [MainThread]: 
[0m14:17:12.438352 [info ] [MainThread]: Concurrency: 1 threads (target='dev')
[0m14:17:12.443506 [info ] [MainThread]: 
[0m14:17:12.448792 [debug] [MainThread]: Acquiring new athena connection 'master'
[0m14:17:12.463494 [debug] [ThreadPool]: Acquiring new athena connection 'list_finance_lake_db'
[0m14:17:12.468529 [debug] [ThreadPool]: Opening a new connection, currently in state init
[0m14:17:53.260514 [debug] [ThreadPool]: On list_finance_lake_db: Close
[0m14:17:53.265349 [debug] [ThreadPool]: Re-using an available connection from the pool (formerly list_finance_lake_db, now create_finance_lake_db_default_silver)
[0m14:17:53.269409 [debug] [ThreadPool]: Creating schema "database: "finance_lake_db"
schema: "default_silver"
"
[0m14:17:53.280154 [debug] [ThreadPool]: Using athena connection "create_finance_lake_db_default_silver"
[0m14:17:53.283932 [debug] [ThreadPool]: On create_finance_lake_db_default_silver: -- /* {"app": "dbt", "dbt_version": "1.10.13", "profile_name": "finance_lakehouse", "target_name": "dev", "connection_name": "create_finance_lake_db_default_silver"} */
create schema if not exists `default_silver`
  
[0m14:17:53.287767 [debug] [ThreadPool]: Opening a new connection, currently in state closed
[0m14:18:22.038653 [debug] [ThreadPool]: dbt.adapters.athena.constants adapter: Athena query ID 1daef19a-7443-4434-8bf1-43134951ee41
[0m14:18:25.315970 [debug] [ThreadPool]: SQL status: OK -1 in 32.028 seconds
[0m14:18:25.324130 [debug] [ThreadPool]: dbt.adapters.athena.constants adapter: Lakeformation is disabled for "finance_lake_db"."default_silver"
[0m14:18:25.328857 [debug] [ThreadPool]: On create_finance_lake_db_default_silver: Close
[0m14:18:25.336258 [debug] [ThreadPool]: Acquiring new athena connection 'list_finance_lake_db_default_silver'
[0m14:18:25.339975 [debug] [ThreadPool]: Opening a new connection, currently in state init
[0m14:18:51.611923 [debug] [ThreadPool]: On list_finance_lake_db_default_silver: Close
[0m14:18:51.617155 [debug] [MainThread]: Connection 'master' was properly closed.
[0m14:18:51.622139 [debug] [MainThread]: Connection 'create_finance_lake_db_default_silver' was properly closed.
[0m14:18:51.625465 [debug] [MainThread]: Connection 'list_finance_lake_db_default_silver' was properly closed.
[0m14:18:51.629263 [info ] [MainThread]: 
[0m14:18:51.633012 [info ] [MainThread]: Finished running  in 0 hours 1 minutes and 39.18 seconds (99.18s).
[0m14:18:51.636538 [error] [MainThread]: Encountered an error:
An error occurred (InvalidRequestException) when calling the GetDataCatalog operation: DataCatalog finance_lake_db was not found.
[0m14:18:52.149615 [error] [MainThread]: Traceback (most recent call last):
  File "/mnt/d/finance-lakehouse-aws/dbt/finance_dbt/.venv/lib/python3.12/site-packages/dbt/cli/requires.py", line 178, in wrapper
    result, success = func(*args, **kwargs)
                      ^^^^^^^^^^^^^^^^^^^^^
  File "/mnt/d/finance-lakehouse-aws/dbt/finance_dbt/.venv/lib/python3.12/site-packages/dbt/cli/requires.py", line 128, in wrapper
    return func(*args, **kwargs)
           ^^^^^^^^^^^^^^^^^^^^^
  File "/mnt/d/finance-lakehouse-aws/dbt/finance_dbt/.venv/lib/python3.12/site-packages/dbt/cli/requires.py", line 272, in wrapper
    return func(*args, **kwargs)
           ^^^^^^^^^^^^^^^^^^^^^
  File "/mnt/d/finance-lakehouse-aws/dbt/finance_dbt/.venv/lib/python3.12/site-packages/dbt/cli/requires.py", line 303, in wrapper
    return func(*args, **kwargs)
           ^^^^^^^^^^^^^^^^^^^^^
  File "/mnt/d/finance-lakehouse-aws/dbt/finance_dbt/.venv/lib/python3.12/site-packages/dbt/cli/requires.py", line 373, in wrapper
    return func(*args, **kwargs)
           ^^^^^^^^^^^^^^^^^^^^^
  File "/mnt/d/finance-lakehouse-aws/dbt/finance_dbt/.venv/lib/python3.12/site-packages/dbt/cli/requires.py", line 350, in wrapper
    return func(*args, **kwargs)
           ^^^^^^^^^^^^^^^^^^^^^
  File "/mnt/d/finance-lakehouse-aws/dbt/finance_dbt/.venv/lib/python3.12/site-packages/dbt/cli/requires.py", line 390, in wrapper
    return func(*args, **kwargs)
           ^^^^^^^^^^^^^^^^^^^^^
  File "/mnt/d/finance-lakehouse-aws/dbt/finance_dbt/.venv/lib/python3.12/site-packages/dbt/cli/main.py", line 587, in run
    results = task.run()
              ^^^^^^^^^^
  File "/mnt/d/finance-lakehouse-aws/dbt/finance_dbt/.venv/lib/python3.12/site-packages/dbt/task/runnable.py", line 599, in run
    result = self.execute_with_hooks(selected_uids)
             ^^^^^^^^^^^^^^^^^^^^^^^^^^^^^^^^^^^^^^
  File "/mnt/d/finance-lakehouse-aws/dbt/finance_dbt/.venv/lib/python3.12/site-packages/dbt/task/runnable.py", line 532, in execute_with_hooks
    before_run_status = self.before_run(adapter, selected_uids)
                        ^^^^^^^^^^^^^^^^^^^^^^^^^^^^^^^^^^^^^^^
  File "/mnt/d/finance-lakehouse-aws/dbt/finance_dbt/.venv/lib/python3.12/site-packages/dbt/task/run.py", line 1075, in before_run
    self.populate_adapter_cache(adapter, required_schemas)
  File "/mnt/d/finance-lakehouse-aws/dbt/finance_dbt/.venv/lib/python3.12/site-packages/dbt/task/runnable.py", line 498, in populate_adapter_cache
    adapter.set_relations_cache(cachable_nodes)
  File "/mnt/d/finance-lakehouse-aws/dbt/finance_dbt/.venv/lib/python3.12/site-packages/dbt/adapters/base/impl.py", line 641, in set_relations_cache
    self._relations_cache_for_schemas(relation_configs, required_schemas)
  File "/mnt/d/finance-lakehouse-aws/dbt/finance_dbt/.venv/lib/python3.12/site-packages/dbt/adapters/base/impl.py", line 617, in _relations_cache_for_schemas
    for relation in future.result():
                    ^^^^^^^^^^^^^^^
  File "/usr/lib/python3.12/concurrent/futures/_base.py", line 449, in result
    return self.__get_result()
           ^^^^^^^^^^^^^^^^^^^
  File "/usr/lib/python3.12/concurrent/futures/_base.py", line 401, in __get_result
    raise self._exception
  File "/usr/lib/python3.12/concurrent/futures/thread.py", line 58, in run
    result = self.fn(*self.args, **self.kwargs)
             ^^^^^^^^^^^^^^^^^^^^^^^^^^^^^^^^^^
  File "/mnt/d/finance-lakehouse-aws/dbt/finance_dbt/.venv/lib/python3.12/site-packages/dbt_common/utils/executor.py", line 16, in connected
    return func(*args, **kwargs)
           ^^^^^^^^^^^^^^^^^^^^^
  File "/mnt/d/finance-lakehouse-aws/dbt/finance_dbt/.venv/lib/python3.12/site-packages/dbt/adapters/athena/impl.py", line 732, in list_relations_without_caching
    data_catalog = self._get_data_catalog(schema_relation.database)  # type:ignore
                   ^^^^^^^^^^^^^^^^^^^^^^^^^^^^^^^^^^^^^^^^^^^^^^^^
  File "/mnt/d/finance-lakehouse-aws/dbt/finance_dbt/.venv/lib/python3.12/site-packages/dbt/adapters/athena/impl.py", line 725, in _get_data_catalog
    return athena.get_data_catalog(Name=database)["DataCatalog"]
           ^^^^^^^^^^^^^^^^^^^^^^^^^^^^^^^^^^^^^^
  File "/mnt/d/finance-lakehouse-aws/dbt/finance_dbt/.venv/lib/python3.12/site-packages/botocore/client.py", line 602, in _api_call
    return self._make_api_call(operation_name, kwargs)
           ^^^^^^^^^^^^^^^^^^^^^^^^^^^^^^^^^^^^^^^^^^^
  File "/mnt/d/finance-lakehouse-aws/dbt/finance_dbt/.venv/lib/python3.12/site-packages/botocore/context.py", line 123, in wrapper
    return func(*args, **kwargs)
           ^^^^^^^^^^^^^^^^^^^^^
  File "/mnt/d/finance-lakehouse-aws/dbt/finance_dbt/.venv/lib/python3.12/site-packages/botocore/client.py", line 1078, in _make_api_call
    raise error_class(parsed_response, operation_name)
botocore.errorfactory.InvalidRequestException: An error occurred (InvalidRequestException) when calling the GetDataCatalog operation: DataCatalog finance_lake_db was not found.

[0m14:18:52.165000 [debug] [MainThread]: Resource report: {"command_name": "run", "command_success": false, "command_wall_clock_time": 190.80832, "process_in_blocks": "13016", "process_kernel_time": 6.597239, "process_mem_max_rss": "164576", "process_out_blocks": "0", "process_user_time": 6.74088}
[0m14:18:52.170176 [debug] [MainThread]: Command `dbt run` failed at 14:18:52.170023 after 190.82 seconds
[0m14:18:52.174693 [debug] [MainThread]: Sending event: {'category': 'dbt', 'action': 'invocation', 'label': 'end', 'context': [<snowplow_tracker.self_describing_json.SelfDescribingJson object at 0x7f89c4bcbf80>, <snowplow_tracker.self_describing_json.SelfDescribingJson object at 0x7f89c18939b0>, <snowplow_tracker.self_describing_json.SelfDescribingJson object at 0x7f89c36f1ca0>]}
[0m14:18:52.178368 [debug] [MainThread]: Flushing usage events
[0m14:18:53.259431 [debug] [MainThread]: An error was encountered while trying to flush usage events
[0m15:22:32.230328 [debug] [MainThread]: Sending event: {'category': 'dbt', 'action': 'invocation', 'label': 'start', 'context': [<snowplow_tracker.self_describing_json.SelfDescribingJson object at 0x7f21c9eb3d70>, <snowplow_tracker.self_describing_json.SelfDescribingJson object at 0x7f21cb1b7470>, <snowplow_tracker.self_describing_json.SelfDescribingJson object at 0x7f21c9bc80e0>]}


============================== 15:22:32.319756 | e9bcd16c-6f25-4949-8b56-99cad231e3c8 ==============================
[0m15:22:32.319756 [info ] [MainThread]: Running with dbt=1.10.13
[0m15:22:32.329526 [debug] [MainThread]: running dbt with arguments {'send_anonymous_usage_stats': 'True', 'printer_width': '80', 'cache_selected_only': 'False', 'log_cache_events': 'False', 'profiles_dir': '/home/vaishu19/.dbt', 'warn_error': 'None', 'version_check': 'True', 'log_format': 'default', 'target_path': 'None', 'log_path': '/mnt/d/finance-lakehouse-aws/dbt/finance_dbt/logs', 'quiet': 'False', 'debug': 'False', 'indirect_selection': 'eager', 'partial_parse': 'True', 'use_colors': 'True', 'write_json': 'True', 'introspect': 'True', 'empty': 'None', 'use_experimental_parser': 'False', 'warn_error_options': 'WarnErrorOptionsV2(error=[], warn=[], silence=[])', 'static_parser': 'True', 'fail_fast': 'False', 'invocation_command': 'dbt debug', 'no_print': 'None'}
[0m15:22:34.023902 [info ] [MainThread]: dbt version: 1.10.13
[0m15:22:34.031331 [info ] [MainThread]: python version: 3.12.3
[0m15:22:34.035678 [info ] [MainThread]: python path: /mnt/d/finance-lakehouse-aws/dbt/finance_dbt/.venv/bin/python3
[0m15:22:34.041171 [info ] [MainThread]: os info: Linux-5.15.146.1-microsoft-standard-WSL2-x86_64-with-glibc2.39
[0m15:22:59.233230 [info ] [MainThread]: Using profiles dir at /home/vaishu19/.dbt
[0m15:22:59.236506 [info ] [MainThread]: Using profiles.yml file at /home/vaishu19/.dbt/profiles.yml
[0m15:22:59.239528 [info ] [MainThread]: Using dbt_project.yml file at /mnt/d/finance-lakehouse-aws/dbt/finance_dbt/dbt_project.yml
[0m15:22:59.284635 [info ] [MainThread]: adapter type: athena
[0m15:22:59.287234 [info ] [MainThread]: adapter version: 1.9.5
[0m15:22:59.500269 [info ] [MainThread]: Configuration:
[0m15:22:59.503465 [info ] [MainThread]:   profiles.yml file [[32mOK found and valid[0m]
[0m15:22:59.506543 [info ] [MainThread]:   dbt_project.yml file [[32mOK found and valid[0m]
[0m15:22:59.509664 [info ] [MainThread]: Required dependencies:
[0m15:22:59.512785 [debug] [MainThread]: Executing "git --help"
[0m15:22:59.539206 [debug] [MainThread]: STDOUT: "b"usage: git [-v | --version] [-h | --help] [-C <path>] [-c <name>=<value>]\n           [--exec-path[=<path>]] [--html-path] [--man-path] [--info-path]\n           [-p | --paginate | -P | --no-pager] [--no-replace-objects] [--bare]\n           [--git-dir=<path>] [--work-tree=<path>] [--namespace=<name>]\n           [--config-env=<name>=<envvar>] <command> [<args>]\n\nThese are common Git commands used in various situations:\n\nstart a working area (see also: git help tutorial)\n   clone     Clone a repository into a new directory\n   init      Create an empty Git repository or reinitialize an existing one\n\nwork on the current change (see also: git help everyday)\n   add       Add file contents to the index\n   mv        Move or rename a file, a directory, or a symlink\n   restore   Restore working tree files\n   rm        Remove files from the working tree and from the index\n\nexamine the history and state (see also: git help revisions)\n   bisect    Use binary search to find the commit that introduced a bug\n   diff      Show changes between commits, commit and working tree, etc\n   grep      Print lines matching a pattern\n   log       Show commit logs\n   show      Show various types of objects\n   status    Show the working tree status\n\ngrow, mark and tweak your common history\n   branch    List, create, or delete branches\n   commit    Record changes to the repository\n   merge     Join two or more development histories together\n   rebase    Reapply commits on top of another base tip\n   reset     Reset current HEAD to the specified state\n   switch    Switch branches\n   tag       Create, list, delete or verify a tag object signed with GPG\n\ncollaborate (see also: git help workflows)\n   fetch     Download objects and refs from another repository\n   pull      Fetch from and integrate with another repository or a local branch\n   push      Update remote refs along with associated objects\n\n'git help -a' and 'git help -g' list available subcommands and some\nconcept guides. See 'git help <command>' or 'git help <concept>'\nto read about a specific subcommand or concept.\nSee 'git help git' for an overview of the system.\n""
[0m15:22:59.542365 [debug] [MainThread]: STDERR: "b''"
[0m15:22:59.545220 [info ] [MainThread]:  - git [[32mOK found[0m]

[0m15:22:59.547365 [info ] [MainThread]: Connection:
[0m15:22:59.551932 [info ] [MainThread]:   s3_staging_dir: s3://finance-lake-query-vk1911eu/
[0m15:22:59.555372 [info ] [MainThread]:   work_group: primary
[0m15:22:59.558585 [info ] [MainThread]:   skip_workgroup_check: False
[0m15:22:59.561006 [info ] [MainThread]:   region_name: eu-central-1
[0m15:22:59.564199 [info ] [MainThread]:   database: finance_lake_db
[0m15:22:59.568456 [info ] [MainThread]:   schema: default
[0m15:22:59.570849 [info ] [MainThread]:   poll_interval: 1.0
[0m15:22:59.573034 [info ] [MainThread]:   aws_profile_name: vaishnavi-dev
[0m15:22:59.575959 [info ] [MainThread]:   aws_access_key_id: None
[0m15:22:59.578448 [info ] [MainThread]:   endpoint_url: None
[0m15:22:59.580163 [info ] [MainThread]:   s3_data_dir: None
[0m15:22:59.583451 [info ] [MainThread]:   s3_data_naming: schema_table_unique
[0m15:22:59.585914 [info ] [MainThread]:   s3_tmp_table_dir: None
[0m15:22:59.587799 [info ] [MainThread]:   debug_query_state: False
[0m15:22:59.589502 [info ] [MainThread]:   seed_s3_upload_args: None
[0m15:22:59.592661 [info ] [MainThread]:   lf_tags_database: None
[0m15:22:59.595551 [info ] [MainThread]:   spark_work_group: None
[0m15:22:59.603332 [info ] [MainThread]: Registered adapter: athena=1.9.5
[0m15:23:44.577718 [debug] [MainThread]: Acquiring new athena connection 'debug'
[0m15:23:44.581237 [debug] [MainThread]: Using athena connection "debug"
[0m15:23:44.585662 [debug] [MainThread]: On debug: select 1 as id
[0m15:23:44.590254 [debug] [MainThread]: Opening a new connection, currently in state init
[0m15:24:17.968128 [debug] [MainThread]: dbt.adapters.athena.constants adapter: Athena query ID 1feb90d9-7d97-411b-93e0-d613e465c731
[0m15:24:20.257169 [debug] [MainThread]: SQL status: OK -1 in 35.667 seconds
[0m15:24:20.261466 [debug] [MainThread]: On debug: Close
[0m15:24:20.263231 [info ] [MainThread]:   Connection test: [[32mOK connection ok[0m]

[0m15:24:20.264982 [info ] [MainThread]: [32mAll checks passed![0m
[0m15:24:20.280926 [debug] [MainThread]: Resource report: {"command_name": "debug", "command_success": true, "command_wall_clock_time": 108.441475, "process_in_blocks": "12688", "process_kernel_time": 9.0544, "process_mem_max_rss": "140856", "process_out_blocks": "0", "process_user_time": 6.942737}
[0m15:24:20.285528 [debug] [MainThread]: Command `dbt debug` succeeded at 15:24:20.285269 after 108.45 seconds
[0m15:24:20.287615 [debug] [MainThread]: Connection 'debug' was properly closed.
[0m15:24:20.294501 [debug] [MainThread]: Sending event: {'category': 'dbt', 'action': 'invocation', 'label': 'end', 'context': [<snowplow_tracker.self_describing_json.SelfDescribingJson object at 0x7f21cb895ee0>, <snowplow_tracker.self_describing_json.SelfDescribingJson object at 0x7f21c7f58830>, <snowplow_tracker.self_describing_json.SelfDescribingJson object at 0x7f21ca389250>]}
[0m15:24:20.299673 [debug] [MainThread]: Flushing usage events
[0m15:24:21.406610 [debug] [MainThread]: An error was encountered while trying to flush usage events
[0m15:25:22.663404 [debug] [MainThread]: Sending event: {'category': 'dbt', 'action': 'invocation', 'label': 'start', 'context': [<snowplow_tracker.self_describing_json.SelfDescribingJson object at 0x7fa73bfc1d90>, <snowplow_tracker.self_describing_json.SelfDescribingJson object at 0x7fa73d4ca210>, <snowplow_tracker.self_describing_json.SelfDescribingJson object at 0x7fa73bb11ee0>]}


============================== 15:25:22.699248 | f29cc37e-e9f6-4d37-b341-8bf64ca1ee73 ==============================
[0m15:25:22.699248 [info ] [MainThread]: Running with dbt=1.10.13
[0m15:25:22.701947 [debug] [MainThread]: running dbt with arguments {'send_anonymous_usage_stats': 'True', 'partial_parse': 'True', 'use_colors': 'True', 'profiles_dir': '/home/vaishu19/.dbt', 'warn_error_options': 'WarnErrorOptionsV2(error=[], warn=[], silence=[])', 'printer_width': '80', 'version_check': 'True', 'log_cache_events': 'False', 'static_parser': 'True', 'debug': 'False', 'fail_fast': 'False', 'write_json': 'True', 'empty': 'False', 'warn_error': 'None', 'use_experimental_parser': 'False', 'quiet': 'False', 'indirect_selection': 'eager', 'introspect': 'True', 'log_path': '/mnt/d/finance-lakehouse-aws/dbt/finance_dbt/logs', 'cache_selected_only': 'False', 'no_print': 'None', 'invocation_command': 'dbt run -s silver', 'log_format': 'default', 'target_path': 'None'}
[0m15:25:41.817494 [debug] [MainThread]: Sending event: {'category': 'dbt', 'action': 'project_id', 'label': 'f29cc37e-e9f6-4d37-b341-8bf64ca1ee73', 'context': [<snowplow_tracker.self_describing_json.SelfDescribingJson object at 0x7fa739bf08c0>]}
[0m15:25:42.146053 [debug] [MainThread]: Sending event: {'category': 'dbt', 'action': 'adapter_info', 'label': 'f29cc37e-e9f6-4d37-b341-8bf64ca1ee73', 'context': [<snowplow_tracker.self_describing_json.SelfDescribingJson object at 0x7fa739b30350>]}
[0m15:25:42.203070 [info ] [MainThread]: Registered adapter: athena=1.9.5
[0m15:26:22.576651 [debug] [MainThread]: checksum: 9f0c81e2574b4ff463f3d16d080df83c6982fc0372c9feeacae0504ac9ea3ffe, vars: {}, profile: , target: , version: 1.10.13
[0m15:26:32.659765 [debug] [MainThread]: Partial parsing enabled: 0 files deleted, 0 files added, 0 files changed.
[0m15:26:32.663659 [debug] [MainThread]: Partial parsing enabled, no changes found, skipping parsing
[0m15:26:32.694972 [debug] [MainThread]: Sending event: {'category': 'dbt', 'action': 'load_project', 'label': 'f29cc37e-e9f6-4d37-b341-8bf64ca1ee73', 'context': [<snowplow_tracker.self_describing_json.SelfDescribingJson object at 0x7fa739a8d1c0>]}
[0m15:26:32.808754 [debug] [MainThread]: Wrote artifact WritableManifest to /mnt/d/finance-lakehouse-aws/dbt/finance_dbt/target/manifest.json
[0m15:26:32.857638 [debug] [MainThread]: Wrote artifact SemanticManifest to /mnt/d/finance-lakehouse-aws/dbt/finance_dbt/target/semantic_manifest.json
[0m15:26:33.842434 [debug] [MainThread]: Sending event: {'category': 'dbt', 'action': 'resource_counts', 'label': 'f29cc37e-e9f6-4d37-b341-8bf64ca1ee73', 'context': [<snowplow_tracker.self_describing_json.SelfDescribingJson object at 0x7fa7399d5e80>]}
[0m15:26:33.846278 [info ] [MainThread]: Found 2 models, 2 sources, 476 macros
[0m15:26:33.850504 [debug] [MainThread]: Sending event: {'category': 'dbt', 'action': 'runnable_timing', 'label': 'f29cc37e-e9f6-4d37-b341-8bf64ca1ee73', 'context': [<snowplow_tracker.self_describing_json.SelfDescribingJson object at 0x7fa739b08fe0>]}
[0m15:26:33.855569 [info ] [MainThread]: 
[0m15:26:33.864538 [info ] [MainThread]: Concurrency: 1 threads (target='dev')
[0m15:26:33.867455 [info ] [MainThread]: 
[0m15:26:33.874347 [debug] [MainThread]: Acquiring new athena connection 'master'
[0m15:26:33.886383 [debug] [ThreadPool]: Acquiring new athena connection 'list_finance_lake_db'
[0m15:26:33.889419 [debug] [ThreadPool]: Opening a new connection, currently in state init
[0m15:27:13.503078 [debug] [ThreadPool]: On list_finance_lake_db: Close
[0m15:27:13.508565 [debug] [ThreadPool]: Re-using an available connection from the pool (formerly list_finance_lake_db, now list_finance_lake_db_default_silver)
[0m15:27:13.511875 [debug] [ThreadPool]: Opening a new connection, currently in state closed
[0m15:27:46.126152 [debug] [ThreadPool]: On list_finance_lake_db_default_silver: Close
[0m15:27:46.130456 [debug] [MainThread]: Connection 'master' was properly closed.
[0m15:27:46.133435 [debug] [MainThread]: Connection 'list_finance_lake_db_default_silver' was properly closed.
[0m15:27:46.137166 [info ] [MainThread]: 
[0m15:27:46.141185 [info ] [MainThread]: Finished running  in 0 hours 1 minutes and 12.26 seconds (72.26s).
[0m15:27:46.150033 [error] [MainThread]: Encountered an error:
An error occurred (InvalidRequestException) when calling the GetDataCatalog operation: DataCatalog finance_lake_db was not found.
[0m15:27:46.331079 [error] [MainThread]: Traceback (most recent call last):
  File "/mnt/d/finance-lakehouse-aws/dbt/finance_dbt/.venv/lib/python3.12/site-packages/dbt/cli/requires.py", line 178, in wrapper
    result, success = func(*args, **kwargs)
                      ^^^^^^^^^^^^^^^^^^^^^
  File "/mnt/d/finance-lakehouse-aws/dbt/finance_dbt/.venv/lib/python3.12/site-packages/dbt/cli/requires.py", line 128, in wrapper
    return func(*args, **kwargs)
           ^^^^^^^^^^^^^^^^^^^^^
  File "/mnt/d/finance-lakehouse-aws/dbt/finance_dbt/.venv/lib/python3.12/site-packages/dbt/cli/requires.py", line 272, in wrapper
    return func(*args, **kwargs)
           ^^^^^^^^^^^^^^^^^^^^^
  File "/mnt/d/finance-lakehouse-aws/dbt/finance_dbt/.venv/lib/python3.12/site-packages/dbt/cli/requires.py", line 303, in wrapper
    return func(*args, **kwargs)
           ^^^^^^^^^^^^^^^^^^^^^
  File "/mnt/d/finance-lakehouse-aws/dbt/finance_dbt/.venv/lib/python3.12/site-packages/dbt/cli/requires.py", line 373, in wrapper
    return func(*args, **kwargs)
           ^^^^^^^^^^^^^^^^^^^^^
  File "/mnt/d/finance-lakehouse-aws/dbt/finance_dbt/.venv/lib/python3.12/site-packages/dbt/cli/requires.py", line 350, in wrapper
    return func(*args, **kwargs)
           ^^^^^^^^^^^^^^^^^^^^^
  File "/mnt/d/finance-lakehouse-aws/dbt/finance_dbt/.venv/lib/python3.12/site-packages/dbt/cli/requires.py", line 390, in wrapper
    return func(*args, **kwargs)
           ^^^^^^^^^^^^^^^^^^^^^
  File "/mnt/d/finance-lakehouse-aws/dbt/finance_dbt/.venv/lib/python3.12/site-packages/dbt/cli/main.py", line 587, in run
    results = task.run()
              ^^^^^^^^^^
  File "/mnt/d/finance-lakehouse-aws/dbt/finance_dbt/.venv/lib/python3.12/site-packages/dbt/task/runnable.py", line 599, in run
    result = self.execute_with_hooks(selected_uids)
             ^^^^^^^^^^^^^^^^^^^^^^^^^^^^^^^^^^^^^^
  File "/mnt/d/finance-lakehouse-aws/dbt/finance_dbt/.venv/lib/python3.12/site-packages/dbt/task/runnable.py", line 532, in execute_with_hooks
    before_run_status = self.before_run(adapter, selected_uids)
                        ^^^^^^^^^^^^^^^^^^^^^^^^^^^^^^^^^^^^^^^
  File "/mnt/d/finance-lakehouse-aws/dbt/finance_dbt/.venv/lib/python3.12/site-packages/dbt/task/run.py", line 1075, in before_run
    self.populate_adapter_cache(adapter, required_schemas)
  File "/mnt/d/finance-lakehouse-aws/dbt/finance_dbt/.venv/lib/python3.12/site-packages/dbt/task/runnable.py", line 498, in populate_adapter_cache
    adapter.set_relations_cache(cachable_nodes)
  File "/mnt/d/finance-lakehouse-aws/dbt/finance_dbt/.venv/lib/python3.12/site-packages/dbt/adapters/base/impl.py", line 641, in set_relations_cache
    self._relations_cache_for_schemas(relation_configs, required_schemas)
  File "/mnt/d/finance-lakehouse-aws/dbt/finance_dbt/.venv/lib/python3.12/site-packages/dbt/adapters/base/impl.py", line 617, in _relations_cache_for_schemas
    for relation in future.result():
                    ^^^^^^^^^^^^^^^
  File "/usr/lib/python3.12/concurrent/futures/_base.py", line 449, in result
    return self.__get_result()
           ^^^^^^^^^^^^^^^^^^^
  File "/usr/lib/python3.12/concurrent/futures/_base.py", line 401, in __get_result
    raise self._exception
  File "/usr/lib/python3.12/concurrent/futures/thread.py", line 58, in run
    result = self.fn(*self.args, **self.kwargs)
             ^^^^^^^^^^^^^^^^^^^^^^^^^^^^^^^^^^
  File "/mnt/d/finance-lakehouse-aws/dbt/finance_dbt/.venv/lib/python3.12/site-packages/dbt_common/utils/executor.py", line 16, in connected
    return func(*args, **kwargs)
           ^^^^^^^^^^^^^^^^^^^^^
  File "/mnt/d/finance-lakehouse-aws/dbt/finance_dbt/.venv/lib/python3.12/site-packages/dbt/adapters/athena/impl.py", line 732, in list_relations_without_caching
    data_catalog = self._get_data_catalog(schema_relation.database)  # type:ignore
                   ^^^^^^^^^^^^^^^^^^^^^^^^^^^^^^^^^^^^^^^^^^^^^^^^
  File "/mnt/d/finance-lakehouse-aws/dbt/finance_dbt/.venv/lib/python3.12/site-packages/dbt/adapters/athena/impl.py", line 725, in _get_data_catalog
    return athena.get_data_catalog(Name=database)["DataCatalog"]
           ^^^^^^^^^^^^^^^^^^^^^^^^^^^^^^^^^^^^^^
  File "/mnt/d/finance-lakehouse-aws/dbt/finance_dbt/.venv/lib/python3.12/site-packages/botocore/client.py", line 602, in _api_call
    return self._make_api_call(operation_name, kwargs)
           ^^^^^^^^^^^^^^^^^^^^^^^^^^^^^^^^^^^^^^^^^^^
  File "/mnt/d/finance-lakehouse-aws/dbt/finance_dbt/.venv/lib/python3.12/site-packages/botocore/context.py", line 123, in wrapper
    return func(*args, **kwargs)
           ^^^^^^^^^^^^^^^^^^^^^
  File "/mnt/d/finance-lakehouse-aws/dbt/finance_dbt/.venv/lib/python3.12/site-packages/botocore/client.py", line 1078, in _make_api_call
    raise error_class(parsed_response, operation_name)
botocore.errorfactory.InvalidRequestException: An error occurred (InvalidRequestException) when calling the GetDataCatalog operation: DataCatalog finance_lake_db was not found.

[0m15:27:46.341281 [debug] [MainThread]: Resource report: {"command_name": "run", "command_success": false, "command_wall_clock_time": 143.78036, "process_in_blocks": "12688", "process_kernel_time": 5.132024, "process_mem_max_rss": "153724", "process_out_blocks": "0", "process_user_time": 5.341068}
[0m15:27:46.344271 [debug] [MainThread]: Command `dbt run` failed at 15:27:46.344053 after 143.78 seconds
[0m15:27:46.347940 [debug] [MainThread]: Sending event: {'category': 'dbt', 'action': 'invocation', 'label': 'end', 'context': [<snowplow_tracker.self_describing_json.SelfDescribingJson object at 0x7fa73af08e00>, <snowplow_tracker.self_describing_json.SelfDescribingJson object at 0x7fa739819490>, <snowplow_tracker.self_describing_json.SelfDescribingJson object at 0x7fa73a867080>]}
[0m15:27:46.353593 [debug] [MainThread]: Flushing usage events
[0m15:27:47.338061 [debug] [MainThread]: An error was encountered while trying to flush usage events
[0m15:36:48.978699 [debug] [MainThread]: Sending event: {'category': 'dbt', 'action': 'invocation', 'label': 'start', 'context': [<snowplow_tracker.self_describing_json.SelfDescribingJson object at 0x7f5db7aeb1d0>, <snowplow_tracker.self_describing_json.SelfDescribingJson object at 0x7f5db7a54770>, <snowplow_tracker.self_describing_json.SelfDescribingJson object at 0x7f5db7a2e570>]}


============================== 15:36:49.015398 | d6ea5aee-9da3-4a1e-ae37-440fa2050276 ==============================
[0m15:36:49.015398 [info ] [MainThread]: Running with dbt=1.10.13
[0m15:36:49.017834 [debug] [MainThread]: running dbt with arguments {'invocation_command': 'dbt debug', 'partial_parse': 'True', 'static_parser': 'True', 'profiles_dir': '/home/vaishu19/.dbt', 'log_path': '/mnt/d/finance-lakehouse-aws/dbt/finance_dbt/logs', 'log_cache_events': 'False', 'quiet': 'False', 'warn_error': 'None', 'fail_fast': 'False', 'empty': 'None', 'version_check': 'True', 'send_anonymous_usage_stats': 'True', 'write_json': 'True', 'log_format': 'default', 'warn_error_options': 'WarnErrorOptionsV2(error=[], warn=[], silence=[])', 'use_colors': 'True', 'target_path': 'None', 'cache_selected_only': 'False', 'debug': 'False', 'indirect_selection': 'eager', 'use_experimental_parser': 'False', 'introspect': 'True', 'printer_width': '80', 'no_print': 'None'}
[0m15:36:50.038898 [info ] [MainThread]: dbt version: 1.10.13
[0m15:36:50.040482 [info ] [MainThread]: python version: 3.12.3
[0m15:36:50.041955 [info ] [MainThread]: python path: /mnt/d/finance-lakehouse-aws/dbt/finance_dbt/.venv/bin/python3
[0m15:36:50.044264 [info ] [MainThread]: os info: Linux-5.15.146.1-microsoft-standard-WSL2-x86_64-with-glibc2.39
[0m15:37:05.112596 [info ] [MainThread]: Using profiles dir at /home/vaishu19/.dbt
[0m15:37:05.115528 [info ] [MainThread]: Using profiles.yml file at /home/vaishu19/.dbt/profiles.yml
[0m15:37:05.119038 [info ] [MainThread]: Using dbt_project.yml file at /mnt/d/finance-lakehouse-aws/dbt/finance_dbt/dbt_project.yml
[0m15:37:05.149853 [info ] [MainThread]: adapter type: athena
[0m15:37:05.151755 [info ] [MainThread]: adapter version: 1.9.5
[0m15:37:05.371335 [info ] [MainThread]: Configuration:
[0m15:37:05.373987 [info ] [MainThread]:   profiles.yml file [[32mOK found and valid[0m]
[0m15:37:05.377372 [info ] [MainThread]:   dbt_project.yml file [[32mOK found and valid[0m]
[0m15:37:05.380190 [info ] [MainThread]: Required dependencies:
[0m15:37:05.382232 [debug] [MainThread]: Executing "git --help"
[0m15:37:05.395973 [debug] [MainThread]: STDOUT: "b"usage: git [-v | --version] [-h | --help] [-C <path>] [-c <name>=<value>]\n           [--exec-path[=<path>]] [--html-path] [--man-path] [--info-path]\n           [-p | --paginate | -P | --no-pager] [--no-replace-objects] [--bare]\n           [--git-dir=<path>] [--work-tree=<path>] [--namespace=<name>]\n           [--config-env=<name>=<envvar>] <command> [<args>]\n\nThese are common Git commands used in various situations:\n\nstart a working area (see also: git help tutorial)\n   clone     Clone a repository into a new directory\n   init      Create an empty Git repository or reinitialize an existing one\n\nwork on the current change (see also: git help everyday)\n   add       Add file contents to the index\n   mv        Move or rename a file, a directory, or a symlink\n   restore   Restore working tree files\n   rm        Remove files from the working tree and from the index\n\nexamine the history and state (see also: git help revisions)\n   bisect    Use binary search to find the commit that introduced a bug\n   diff      Show changes between commits, commit and working tree, etc\n   grep      Print lines matching a pattern\n   log       Show commit logs\n   show      Show various types of objects\n   status    Show the working tree status\n\ngrow, mark and tweak your common history\n   branch    List, create, or delete branches\n   commit    Record changes to the repository\n   merge     Join two or more development histories together\n   rebase    Reapply commits on top of another base tip\n   reset     Reset current HEAD to the specified state\n   switch    Switch branches\n   tag       Create, list, delete or verify a tag object signed with GPG\n\ncollaborate (see also: git help workflows)\n   fetch     Download objects and refs from another repository\n   pull      Fetch from and integrate with another repository or a local branch\n   push      Update remote refs along with associated objects\n\n'git help -a' and 'git help -g' list available subcommands and some\nconcept guides. See 'git help <command>' or 'git help <concept>'\nto read about a specific subcommand or concept.\nSee 'git help git' for an overview of the system.\n""
[0m15:37:05.398516 [debug] [MainThread]: STDERR: "b''"
[0m15:37:05.400562 [info ] [MainThread]:  - git [[32mOK found[0m]

[0m15:37:05.403452 [info ] [MainThread]: Connection:
[0m15:37:05.405996 [info ] [MainThread]:   s3_staging_dir: s3://finance-lake-query-vk1911eu/
[0m15:37:05.408511 [info ] [MainThread]:   work_group: primary
[0m15:37:05.410779 [info ] [MainThread]:   skip_workgroup_check: False
[0m15:37:05.413759 [info ] [MainThread]:   region_name: eu-central-1
[0m15:37:05.415391 [info ] [MainThread]:   database: AwsDataCatalog
[0m15:37:05.417377 [info ] [MainThread]:   schema: finance_lake_db
[0m15:37:05.419017 [info ] [MainThread]:   poll_interval: 1.0
[0m15:37:05.421507 [info ] [MainThread]:   aws_profile_name: vaishnavi-dev
[0m15:37:05.423692 [info ] [MainThread]:   aws_access_key_id: None
[0m15:37:05.425179 [info ] [MainThread]:   endpoint_url: None
[0m15:37:05.427412 [info ] [MainThread]:   s3_data_dir: None
[0m15:37:05.431089 [info ] [MainThread]:   s3_data_naming: schema_table_unique
[0m15:37:05.434675 [info ] [MainThread]:   s3_tmp_table_dir: None
[0m15:37:05.439608 [info ] [MainThread]:   debug_query_state: False
[0m15:37:05.442358 [info ] [MainThread]:   seed_s3_upload_args: None
[0m15:37:05.445660 [info ] [MainThread]:   lf_tags_database: None
[0m15:37:05.449085 [info ] [MainThread]:   spark_work_group: None
[0m15:37:05.457552 [info ] [MainThread]: Registered adapter: athena=1.9.5
[0m15:37:40.226000 [debug] [MainThread]: Acquiring new athena connection 'debug'
[0m15:37:40.228784 [debug] [MainThread]: Using athena connection "debug"
[0m15:37:40.235037 [debug] [MainThread]: On debug: select 1 as id
[0m15:37:40.238483 [debug] [MainThread]: Opening a new connection, currently in state init
[0m15:38:05.529869 [debug] [MainThread]: dbt.adapters.athena.constants adapter: Athena query ID 385c0465-f8e1-48c7-8d55-5e2f196d7dba
[0m15:38:07.979182 [debug] [MainThread]: SQL status: OK -1 in 27.741 seconds
[0m15:38:07.982764 [debug] [MainThread]: On debug: Close
[0m15:38:07.985707 [info ] [MainThread]:   Connection test: [[32mOK connection ok[0m]

[0m15:38:07.990251 [info ] [MainThread]: [32mAll checks passed![0m
[0m15:38:08.001554 [debug] [MainThread]: Resource report: {"command_name": "debug", "command_success": true, "command_wall_clock_time": 79.11889, "process_in_blocks": "12688", "process_kernel_time": 4.87479, "process_mem_max_rss": "140016", "process_out_blocks": "0", "process_user_time": 4.778787}
[0m15:38:08.007735 [debug] [MainThread]: Command `dbt debug` succeeded at 15:38:08.007346 after 79.13 seconds
[0m15:38:08.010119 [debug] [MainThread]: Connection 'debug' was properly closed.
[0m15:38:08.012481 [debug] [MainThread]: Sending event: {'category': 'dbt', 'action': 'invocation', 'label': 'end', 'context': [<snowplow_tracker.self_describing_json.SelfDescribingJson object at 0x7f5db9465af0>, <snowplow_tracker.self_describing_json.SelfDescribingJson object at 0x7f5db5adbb90>, <snowplow_tracker.self_describing_json.SelfDescribingJson object at 0x7f5db6183da0>]}
[0m15:38:08.014851 [debug] [MainThread]: Flushing usage events
[0m15:38:09.214129 [debug] [MainThread]: An error was encountered while trying to flush usage events
[0m15:47:22.458621 [debug] [MainThread]: Sending event: {'category': 'dbt', 'action': 'invocation', 'label': 'start', 'context': [<snowplow_tracker.self_describing_json.SelfDescribingJson object at 0x7f40e5365940>, <snowplow_tracker.self_describing_json.SelfDescribingJson object at 0x7f40e38d1400>, <snowplow_tracker.self_describing_json.SelfDescribingJson object at 0x7f40e309b650>]}


============================== 15:47:22.493496 | 90900792-b119-464d-b4f8-4fa7e9a63c6f ==============================
[0m15:47:22.493496 [info ] [MainThread]: Running with dbt=1.10.13
[0m15:47:22.495887 [debug] [MainThread]: running dbt with arguments {'use_experimental_parser': 'False', 'write_json': 'True', 'use_colors': 'True', 'debug': 'False', 'static_parser': 'True', 'log_path': '/mnt/d/finance-lakehouse-aws/dbt/finance_dbt/logs', 'log_format': 'default', 'version_check': 'True', 'cache_selected_only': 'False', 'target_path': 'None', 'warn_error_options': 'WarnErrorOptionsV2(error=[], warn=[], silence=[])', 'partial_parse': 'True', 'invocation_command': 'dbt run -s silver', 'no_print': 'None', 'indirect_selection': 'eager', 'quiet': 'False', 'fail_fast': 'False', 'empty': 'False', 'profiles_dir': '/home/vaishu19/.dbt', 'introspect': 'True', 'log_cache_events': 'False', 'warn_error': 'None', 'printer_width': '80', 'send_anonymous_usage_stats': 'True'}
[0m15:47:36.657631 [debug] [MainThread]: Sending event: {'category': 'dbt', 'action': 'project_id', 'label': '90900792-b119-464d-b4f8-4fa7e9a63c6f', 'context': [<snowplow_tracker.self_describing_json.SelfDescribingJson object at 0x7f40e1b4ecc0>]}
[0m15:47:36.796232 [debug] [MainThread]: Sending event: {'category': 'dbt', 'action': 'adapter_info', 'label': '90900792-b119-464d-b4f8-4fa7e9a63c6f', 'context': [<snowplow_tracker.self_describing_json.SelfDescribingJson object at 0x7f40e24f8620>]}
[0m15:47:36.825156 [info ] [MainThread]: Registered adapter: athena=1.9.5
[0m15:48:02.261820 [debug] [MainThread]: checksum: 9f0c81e2574b4ff463f3d16d080df83c6982fc0372c9feeacae0504ac9ea3ffe, vars: {}, profile: , target: , version: 1.10.13
[0m15:48:02.275137 [info ] [MainThread]: Unable to do partial parsing because saved manifest not found. Starting full parse.
[0m15:48:02.276695 [debug] [MainThread]: Sending event: {'category': 'dbt', 'action': 'partial_parser', 'label': '90900792-b119-464d-b4f8-4fa7e9a63c6f', 'context': [<snowplow_tracker.self_describing_json.SelfDescribingJson object at 0x7f40e2900830>]}
[0m15:48:08.979977 [debug] [MainThread]: Sending event: {'category': 'dbt', 'action': 'load_project', 'label': '90900792-b119-464d-b4f8-4fa7e9a63c6f', 'context': [<snowplow_tracker.self_describing_json.SelfDescribingJson object at 0x7f40bbb1f560>]}
[0m15:48:09.082700 [debug] [MainThread]: Wrote artifact WritableManifest to /mnt/d/finance-lakehouse-aws/dbt/finance_dbt/target/manifest.json
[0m15:48:09.107085 [debug] [MainThread]: Wrote artifact SemanticManifest to /mnt/d/finance-lakehouse-aws/dbt/finance_dbt/target/semantic_manifest.json
[0m15:48:09.914854 [debug] [MainThread]: Sending event: {'category': 'dbt', 'action': 'resource_counts', 'label': '90900792-b119-464d-b4f8-4fa7e9a63c6f', 'context': [<snowplow_tracker.self_describing_json.SelfDescribingJson object at 0x7f40bbbd6660>]}
[0m15:48:09.916581 [info ] [MainThread]: Found 2 models, 2 sources, 476 macros
[0m15:48:09.921323 [debug] [MainThread]: Sending event: {'category': 'dbt', 'action': 'runnable_timing', 'label': '90900792-b119-464d-b4f8-4fa7e9a63c6f', 'context': [<snowplow_tracker.self_describing_json.SelfDescribingJson object at 0x7f40e2931610>]}
[0m15:48:09.925461 [info ] [MainThread]: 
[0m15:48:09.928265 [info ] [MainThread]: Concurrency: 1 threads (target='dev')
[0m15:48:09.932002 [info ] [MainThread]: 
[0m15:48:09.935331 [debug] [MainThread]: Acquiring new athena connection 'master'
[0m15:48:09.948013 [debug] [ThreadPool]: Acquiring new athena connection 'list_AwsDataCatalog'
[0m15:48:09.951464 [debug] [ThreadPool]: Opening a new connection, currently in state init
[0m15:48:37.326756 [debug] [ThreadPool]: On list_AwsDataCatalog: Close
[0m15:48:37.331837 [debug] [ThreadPool]: Re-using an available connection from the pool (formerly list_AwsDataCatalog, now create_AwsDataCatalog_finance_lake_db_silver)
[0m15:48:37.334831 [debug] [ThreadPool]: Creating schema "database: "AwsDataCatalog"
schema: "finance_lake_db_silver"
"
[0m15:48:37.347793 [debug] [ThreadPool]: Using athena connection "create_AwsDataCatalog_finance_lake_db_silver"
[0m15:48:37.350096 [debug] [ThreadPool]: On create_AwsDataCatalog_finance_lake_db_silver: -- /* {"app": "dbt", "dbt_version": "1.10.13", "profile_name": "finance_lakehouse", "target_name": "dev", "connection_name": "create_AwsDataCatalog_finance_lake_db_silver"} */
create schema if not exists `finance_lake_db_silver`
  
[0m15:48:37.352373 [debug] [ThreadPool]: Opening a new connection, currently in state closed
[0m15:49:01.734103 [debug] [ThreadPool]: dbt.adapters.athena.constants adapter: Athena query ID 72ece802-c6c5-4128-9b62-93b1d1b5a5de
[0m15:49:03.794481 [debug] [ThreadPool]: SQL status: OK -1 in 26.442 seconds
[0m15:49:03.800587 [debug] [ThreadPool]: dbt.adapters.athena.constants adapter: Lakeformation is disabled for "AwsDataCatalog"."finance_lake_db_silver"
[0m15:49:03.805668 [debug] [ThreadPool]: On create_AwsDataCatalog_finance_lake_db_silver: Close
[0m15:49:03.813097 [debug] [ThreadPool]: Acquiring new athena connection 'list_AwsDataCatalog_finance_lake_db_silver'
[0m15:49:03.817918 [debug] [ThreadPool]: Opening a new connection, currently in state init
[0m15:49:36.510530 [debug] [ThreadPool]: On list_AwsDataCatalog_finance_lake_db_silver: Close
[0m15:49:36.515574 [debug] [MainThread]: Sending event: {'category': 'dbt', 'action': 'runnable_timing', 'label': '90900792-b119-464d-b4f8-4fa7e9a63c6f', 'context': [<snowplow_tracker.self_describing_json.SelfDescribingJson object at 0x7f40bbb743e0>]}
[0m15:49:36.541412 [debug] [Thread-1 (]: Began running node model.finance_lakehouse.equities_clean
[0m15:49:36.545613 [info ] [Thread-1 (]: 1 of 2 START sql table model finance_lake_db_silver.equities_clean ............. [RUN]
[0m15:49:36.549555 [debug] [Thread-1 (]: Re-using an available connection from the pool (formerly list_AwsDataCatalog_finance_lake_db_silver, now model.finance_lakehouse.equities_clean)
[0m15:49:36.553661 [debug] [Thread-1 (]: Began compiling node model.finance_lakehouse.equities_clean
[0m15:49:36.566147 [debug] [Thread-1 (]: Writing injected SQL for node "model.finance_lakehouse.equities_clean"
[0m15:49:36.623914 [debug] [Thread-1 (]: Began executing node model.finance_lakehouse.equities_clean
[0m15:49:36.677234 [debug] [Thread-1 (]: Skip partitioning: False
[0m15:49:36.680357 [debug] [Thread-1 (]: dbt.adapters.athena.constants adapter: get_work_group for %s
[0m15:49:36.682328 [debug] [Thread-1 (]: Opening a new connection, currently in state closed
[0m15:49:57.378139 [debug] [Thread-1 (]: dbt.adapters.athena.constants adapter: S3 path does not exist
[0m15:49:57.385343 [debug] [Thread-1 (]: dbt.adapters.athena.constants adapter: Running Athena query:
-- /* {"app": "dbt", "dbt_version": "1.10.13", "profile_name": "finance_lakehouse", "target_name": "dev", "node_id": "model.finance_lakehouse.equities_clean"} */
create table "AwsDataCatalog"."finance_lake_db_silver"."equities_clean"
    with (
      table_type='external',
      is_external=true,external_location='s3://finance-lake-query-vk1911eu/tables/finance_lake_db_silver/equities_clean/3910d351-5152-47f9-823d-3cace26c7e7a',
      partitioned_by=ARRAY['symbol', 'year'],
      format='parquet'
    )
    as
      

with base as (
  select
    symbol, year, month, day, date, open, high, low, close, volume
  from "finance_lake_db"."default"."equities_stooq_raw"
),
typed as (
  select
    symbol,
    try_cast(year  as int)                         as year,
    try_cast(month as int)                         as month,
    try_cast(day   as int)                         as day,
    try_cast(date  as date)                        as trade_date,
    try_cast(nullif(open,   '') as double)         as open,
    try_cast(nullif(high,   '') as double)         as high,
    try_cast(nullif(low,    '') as double)         as low,
    try_cast(nullif(close,  '') as double)         as close,
    try_cast(nullif(volume, '') as bigint)         as volume
  from base
)
select * from typed
[0m15:49:58.241662 [debug] [Thread-1 (]: dbt.adapters.athena.constants adapter: Athena query ID 0faef23d-6864-493c-b26f-c9d64651d663
[0m15:50:03.005116 [debug] [Thread-1 (]: dbt.adapters.athena.constants adapter: Athena query ID ad40250e-c0b6-4f48-a08f-a15da6cdfb39
[0m15:50:16.471350 [debug] [Thread-1 (]: dbt.adapters.athena.constants adapter: Athena query ID b92a08d0-f224-4bb4-b728-f3d83aafba6c
[0m15:50:22.561920 [debug] [Thread-1 (]: dbt.adapters.athena.constants adapter: Athena query ID 68076ed7-5432-40cf-aa24-a5d96a4a3242
[0m15:51:04.414091 [debug] [Thread-1 (]: dbt.adapters.athena.constants adapter: Athena query ID aee6e683-34b1-4d52-a7f3-c9a34dafbfc5
[0m15:51:43.304362 [debug] [Thread-1 (]: dbt.adapters.athena.constants adapter: Athena query ID f1df3fab-7c0f-4176-8c09-f8123fed6775
[0m15:51:44.512979 [debug] [Thread-1 (]: dbt.adapters.athena.constants adapter: CAUGHT EXCEPTION: CATALOG_NOT_FOUND: line 22:6: Catalog 'finance_lake_db' does not exist. You may need to manually clean the data at location 's3://finance-lake-query-vk1911eu/tables/f1df3fab-7c0f-4176-8c09-f8123fed6775' before retrying. Athena will not delete data in your account.
[0m15:51:44.517433 [debug] [Thread-1 (]: On model.finance_lakehouse.equities_clean: Close
[0m15:51:44.520909 [error] [Thread-1 (]: [31mUnhandled error while executing [0m
CATALOG_NOT_FOUND: line 22:6: Catalog 'finance_lake_db' does not exist. You may need to manually clean the data at location 's3://finance-lake-query-vk1911eu/tables/f1df3fab-7c0f-4176-8c09-f8123fed6775' before retrying. Athena will not delete data in your account.
[0m15:51:45.150124 [debug] [Thread-1 (]: Traceback (most recent call last):
  File "/mnt/d/finance-lakehouse-aws/dbt/finance_dbt/.venv/lib/python3.12/site-packages/dbt/task/base.py", line 363, in safe_run
    result = self.compile_and_execute(manifest, ctx)
             ^^^^^^^^^^^^^^^^^^^^^^^^^^^^^^^^^^^^^^^
  File "/mnt/d/finance-lakehouse-aws/dbt/finance_dbt/.venv/lib/python3.12/site-packages/dbt/task/base.py", line 310, in compile_and_execute
    result = self.run(ctx.node, manifest)
             ^^^^^^^^^^^^^^^^^^^^^^^^^^^^
  File "/mnt/d/finance-lakehouse-aws/dbt/finance_dbt/.venv/lib/python3.12/site-packages/dbt/task/base.py", line 410, in run
    return self.execute(compiled_node, manifest)
           ^^^^^^^^^^^^^^^^^^^^^^^^^^^^^^^^^^^^^
  File "/mnt/d/finance-lakehouse-aws/dbt/finance_dbt/.venv/lib/python3.12/site-packages/dbt/task/run.py", line 336, in execute
    return self._execute_model(hook_ctx, context_config, model, context, materialization_macro)
           ^^^^^^^^^^^^^^^^^^^^^^^^^^^^^^^^^^^^^^^^^^^^^^^^^^^^^^^^^^^^^^^^^^^^^^^^^^^^^^^^^^^^
  File "/mnt/d/finance-lakehouse-aws/dbt/finance_dbt/.venv/lib/python3.12/site-packages/dbt/task/run.py", line 296, in _execute_model
    result = MacroGenerator(
             ^^^^^^^^^^^^^^^
  File "/mnt/d/finance-lakehouse-aws/dbt/finance_dbt/.venv/lib/python3.12/site-packages/dbt/clients/jinja.py", line 82, in __call__
    return self.call_macro(*args, **kwargs)
           ^^^^^^^^^^^^^^^^^^^^^^^^^^^^^^^^
  File "/mnt/d/finance-lakehouse-aws/dbt/finance_dbt/.venv/lib/python3.12/site-packages/dbt_common/clients/jinja.py", line 395, in call_macro
    return macro(*args, **kwargs)
           ^^^^^^^^^^^^^^^^^^^^^^
  File "/mnt/d/finance-lakehouse-aws/dbt/finance_dbt/.venv/lib/python3.12/site-packages/jinja2/runtime.py", line 770, in __call__
    return self._invoke(arguments, autoescape)
           ^^^^^^^^^^^^^^^^^^^^^^^^^^^^^^^^^^^
  File "/mnt/d/finance-lakehouse-aws/dbt/finance_dbt/.venv/lib/python3.12/site-packages/jinja2/runtime.py", line 784, in _invoke
    rv = self._func(*arguments)
         ^^^^^^^^^^^^^^^^^^^^^^
  File "<template>", line 171, in macro
  File "/mnt/d/finance-lakehouse-aws/dbt/finance_dbt/.venv/lib/python3.12/site-packages/jinja2/sandbox.py", line 401, in call
    return __context.call(__obj, *args, **kwargs)
           ^^^^^^^^^^^^^^^^^^^^^^^^^^^^^^^^^^^^^^
  File "/mnt/d/finance-lakehouse-aws/dbt/finance_dbt/.venv/lib/python3.12/site-packages/jinja2/runtime.py", line 303, in call
    return __obj(*args, **kwargs)
           ^^^^^^^^^^^^^^^^^^^^^^
  File "/mnt/d/finance-lakehouse-aws/dbt/finance_dbt/.venv/lib/python3.12/site-packages/dbt/clients/jinja.py", line 82, in __call__
    return self.call_macro(*args, **kwargs)
           ^^^^^^^^^^^^^^^^^^^^^^^^^^^^^^^^
  File "/mnt/d/finance-lakehouse-aws/dbt/finance_dbt/.venv/lib/python3.12/site-packages/dbt_common/clients/jinja.py", line 395, in call_macro
    return macro(*args, **kwargs)
           ^^^^^^^^^^^^^^^^^^^^^^
  File "/mnt/d/finance-lakehouse-aws/dbt/finance_dbt/.venv/lib/python3.12/site-packages/jinja2/runtime.py", line 770, in __call__
    return self._invoke(arguments, autoescape)
           ^^^^^^^^^^^^^^^^^^^^^^^^^^^^^^^^^^^
  File "/mnt/d/finance-lakehouse-aws/dbt/finance_dbt/.venv/lib/python3.12/site-packages/jinja2/runtime.py", line 784, in _invoke
    rv = self._func(*arguments)
         ^^^^^^^^^^^^^^^^^^^^^^
  File "<template>", line 50, in macro
  File "/mnt/d/finance-lakehouse-aws/dbt/finance_dbt/.venv/lib/python3.12/site-packages/jinja2/sandbox.py", line 401, in call
    return __context.call(__obj, *args, **kwargs)
           ^^^^^^^^^^^^^^^^^^^^^^^^^^^^^^^^^^^^^^
  File "/mnt/d/finance-lakehouse-aws/dbt/finance_dbt/.venv/lib/python3.12/site-packages/jinja2/runtime.py", line 303, in call
    return __obj(*args, **kwargs)
           ^^^^^^^^^^^^^^^^^^^^^^
  File "/mnt/d/finance-lakehouse-aws/dbt/finance_dbt/.venv/lib/python3.12/site-packages/dbt/adapters/athena/impl.py", line 1399, in run_query_with_partitions_limit_catching
    raise e
  File "/mnt/d/finance-lakehouse-aws/dbt/finance_dbt/.venv/lib/python3.12/site-packages/dbt/adapters/athena/impl.py", line 1395, in run_query_with_partitions_limit_catching
    cursor = self._run_query(sql, catch_partitions_limit=True)
             ^^^^^^^^^^^^^^^^^^^^^^^^^^^^^^^^^^^^^^^^^^^^^^^^^
  File "/mnt/d/finance-lakehouse-aws/dbt/finance_dbt/.venv/lib/python3.12/site-packages/dbt/adapters/athena/impl.py", line 1480, in _run_query
    raise e
  File "/mnt/d/finance-lakehouse-aws/dbt/finance_dbt/.venv/lib/python3.12/site-packages/dbt/adapters/athena/impl.py", line 1477, in _run_query
    cursor.execute(query, catch_partitions_limit=catch_partitions_limit)
  File "/mnt/d/finance-lakehouse-aws/dbt/finance_dbt/.venv/lib/python3.12/site-packages/dbt/adapters/athena/connections.py", line 229, in execute
    return inner()
           ^^^^^^^
  File "/mnt/d/finance-lakehouse-aws/dbt/finance_dbt/.venv/lib/python3.12/site-packages/tenacity/__init__.py", line 338, in wrapped_f
    return copy(f, *args, **kw)
           ^^^^^^^^^^^^^^^^^^^^
  File "/mnt/d/finance-lakehouse-aws/dbt/finance_dbt/.venv/lib/python3.12/site-packages/tenacity/__init__.py", line 477, in __call__
    do = self.iter(retry_state=retry_state)
         ^^^^^^^^^^^^^^^^^^^^^^^^^^^^^^^^^^
  File "/mnt/d/finance-lakehouse-aws/dbt/finance_dbt/.venv/lib/python3.12/site-packages/tenacity/__init__.py", line 378, in iter
    result = action(retry_state)
             ^^^^^^^^^^^^^^^^^^^
  File "/mnt/d/finance-lakehouse-aws/dbt/finance_dbt/.venv/lib/python3.12/site-packages/tenacity/__init__.py", line 420, in exc_check
    raise retry_exc.reraise()
          ^^^^^^^^^^^^^^^^^^^
  File "/mnt/d/finance-lakehouse-aws/dbt/finance_dbt/.venv/lib/python3.12/site-packages/tenacity/__init__.py", line 187, in reraise
    raise self.last_attempt.result()
          ^^^^^^^^^^^^^^^^^^^^^^^^^^
  File "/usr/lib/python3.12/concurrent/futures/_base.py", line 449, in result
    return self.__get_result()
           ^^^^^^^^^^^^^^^^^^^
  File "/usr/lib/python3.12/concurrent/futures/_base.py", line 401, in __get_result
    raise self._exception
  File "/mnt/d/finance-lakehouse-aws/dbt/finance_dbt/.venv/lib/python3.12/site-packages/tenacity/__init__.py", line 480, in __call__
    result = fn(*args, **kwargs)
             ^^^^^^^^^^^^^^^^^^^
  File "/mnt/d/finance-lakehouse-aws/dbt/finance_dbt/.venv/lib/python3.12/site-packages/dbt/adapters/athena/connections.py", line 227, in inner
    return execute_with_iceberg_retries()
           ^^^^^^^^^^^^^^^^^^^^^^^^^^^^^^
  File "/mnt/d/finance-lakehouse-aws/dbt/finance_dbt/.venv/lib/python3.12/site-packages/tenacity/__init__.py", line 338, in wrapped_f
    return copy(f, *args, **kw)
           ^^^^^^^^^^^^^^^^^^^^
  File "/mnt/d/finance-lakehouse-aws/dbt/finance_dbt/.venv/lib/python3.12/site-packages/tenacity/__init__.py", line 477, in __call__
    do = self.iter(retry_state=retry_state)
         ^^^^^^^^^^^^^^^^^^^^^^^^^^^^^^^^^^
  File "/mnt/d/finance-lakehouse-aws/dbt/finance_dbt/.venv/lib/python3.12/site-packages/tenacity/__init__.py", line 378, in iter
    result = action(retry_state)
             ^^^^^^^^^^^^^^^^^^^
  File "/mnt/d/finance-lakehouse-aws/dbt/finance_dbt/.venv/lib/python3.12/site-packages/tenacity/__init__.py", line 400, in <lambda>
    self._add_action_func(lambda rs: rs.outcome.result())
                                     ^^^^^^^^^^^^^^^^^^^
  File "/usr/lib/python3.12/concurrent/futures/_base.py", line 449, in result
    return self.__get_result()
           ^^^^^^^^^^^^^^^^^^^
  File "/usr/lib/python3.12/concurrent/futures/_base.py", line 401, in __get_result
    raise self._exception
  File "/mnt/d/finance-lakehouse-aws/dbt/finance_dbt/.venv/lib/python3.12/site-packages/tenacity/__init__.py", line 480, in __call__
    result = fn(*args, **kwargs)
             ^^^^^^^^^^^^^^^^^^^
  File "/mnt/d/finance-lakehouse-aws/dbt/finance_dbt/.venv/lib/python3.12/site-packages/dbt/adapters/athena/connections.py", line 225, in execute_with_iceberg_retries
    raise OperationalError(query_execution.state_change_reason)
pyathena.error.OperationalError: CATALOG_NOT_FOUND: line 22:6: Catalog 'finance_lake_db' does not exist. You may need to manually clean the data at location 's3://finance-lake-query-vk1911eu/tables/f1df3fab-7c0f-4176-8c09-f8123fed6775' before retrying. Athena will not delete data in your account.

[0m15:51:45.204749 [debug] [Thread-1 (]: Sending event: {'category': 'dbt', 'action': 'run_model', 'label': '90900792-b119-464d-b4f8-4fa7e9a63c6f', 'context': [<snowplow_tracker.self_describing_json.SelfDescribingJson object at 0x7f40e37b8d40>]}
[0m15:51:45.208882 [error] [Thread-1 (]: 1 of 2 ERROR creating sql table model finance_lake_db_silver.equities_clean .... [[31mERROR[0m in 128.60s]
[0m15:51:45.212574 [debug] [Thread-1 (]: Finished running node model.finance_lakehouse.equities_clean
[0m15:51:45.216144 [debug] [Thread-1 (]: Began running node model.finance_lakehouse.fred_clean
[0m15:51:45.218835 [debug] [Thread-4 (]: Marking all children of 'model.finance_lakehouse.equities_clean' to be skipped because of status 'error'.  Reason: CATALOG_NOT_FOUND: line 22:6: Catalog 'finance_lake_db' does not exist. You may need to manually clean the data at location 's3://finance-lake-query-vk1911eu/tables/f1df3fab-7c0f-4176-8c09-f8123fed6775' before retrying. Athena will not delete data in your account..
[0m15:51:45.222595 [info ] [Thread-1 (]: 2 of 2 START sql table model finance_lake_db_silver.fred_clean ................. [RUN]
[0m15:51:45.234159 [debug] [Thread-1 (]: Re-using an available connection from the pool (formerly model.finance_lakehouse.equities_clean, now model.finance_lakehouse.fred_clean)
[0m15:51:45.238823 [debug] [Thread-1 (]: Began compiling node model.finance_lakehouse.fred_clean
[0m15:51:45.252671 [debug] [Thread-1 (]: Writing injected SQL for node "model.finance_lakehouse.fred_clean"
[0m15:51:45.278421 [debug] [Thread-1 (]: Began executing node model.finance_lakehouse.fred_clean
[0m15:51:45.287021 [debug] [Thread-1 (]: Skip partitioning: False
[0m15:51:45.291258 [debug] [Thread-1 (]: Opening a new connection, currently in state closed
[0m15:52:07.762456 [debug] [Thread-1 (]: dbt.adapters.athena.constants adapter: S3 path does not exist
[0m15:52:07.766174 [debug] [Thread-1 (]: dbt.adapters.athena.constants adapter: Running Athena query:
-- /* {"app": "dbt", "dbt_version": "1.10.13", "profile_name": "finance_lakehouse", "target_name": "dev", "node_id": "model.finance_lakehouse.fred_clean"} */
create table "AwsDataCatalog"."finance_lake_db_silver"."fred_clean"
    with (
      table_type='external',
      is_external=true,external_location='s3://finance-lake-query-vk1911eu/tables/finance_lake_db_silver/fred_clean/3ef4980a-33dd-4094-b8fa-f80447ce4bc7',
      partitioned_by=ARRAY['series'],
      format='parquet'
    )
    as
      

with base as (
  select
    series,
    elem.realtime_start,
    elem.realtime_end,
    elem.date  as obs_date_raw,
    elem.value as value_raw
  from "finance_lake_db"."default"."fred_raw",
       unnest(observations) as t(elem)
  where elem.value <> '.'
),
typed as (
  select
    series,
    try_cast(obs_date_raw as date)  as obs_date,
    try_cast(value_raw as double)   as value,
    realtime_start,
    realtime_end
  from base
)
select * from typed
[0m15:52:08.593766 [debug] [Thread-1 (]: dbt.adapters.athena.constants adapter: Athena query ID a1020d42-caba-421c-8c8d-f2c6ef152511
[0m15:52:14.733369 [debug] [Thread-1 (]: dbt.adapters.athena.constants adapter: Athena query ID 0cd8c07b-4b1f-4cab-82ba-297659d133f9
[0m15:52:20.476295 [debug] [Thread-1 (]: dbt.adapters.athena.constants adapter: Athena query ID 972ca94f-7045-4c5b-9371-b668c3014f0b
[0m15:52:29.996435 [debug] [Thread-1 (]: dbt.adapters.athena.constants adapter: Athena query ID f45d5520-17f4-4182-a509-0bff564c5821
[0m15:53:06.810991 [debug] [Thread-1 (]: dbt.adapters.athena.constants adapter: Athena query ID 7d1dbca2-6a4b-4599-8dd8-c37707b048d1
[0m15:54:02.976223 [debug] [Thread-1 (]: dbt.adapters.athena.constants adapter: Athena query ID 2e14fe8d-f944-4e75-bced-ef184f5da014
[0m15:54:04.293657 [debug] [Thread-1 (]: dbt.adapters.athena.constants adapter: CAUGHT EXCEPTION: CATALOG_NOT_FOUND: line 17:6: Catalog 'finance_lake_db' does not exist. You may need to manually clean the data at location 's3://finance-lake-query-vk1911eu/tables/2e14fe8d-f944-4e75-bced-ef184f5da014' before retrying. Athena will not delete data in your account.
[0m15:54:04.297712 [debug] [Thread-1 (]: On model.finance_lakehouse.fred_clean: Close
[0m15:54:04.304070 [error] [Thread-1 (]: [31mUnhandled error while executing [0m
CATALOG_NOT_FOUND: line 17:6: Catalog 'finance_lake_db' does not exist. You may need to manually clean the data at location 's3://finance-lake-query-vk1911eu/tables/2e14fe8d-f944-4e75-bced-ef184f5da014' before retrying. Athena will not delete data in your account.
[0m15:54:04.380308 [debug] [Thread-1 (]: Traceback (most recent call last):
  File "/mnt/d/finance-lakehouse-aws/dbt/finance_dbt/.venv/lib/python3.12/site-packages/dbt/task/base.py", line 363, in safe_run
    result = self.compile_and_execute(manifest, ctx)
             ^^^^^^^^^^^^^^^^^^^^^^^^^^^^^^^^^^^^^^^
  File "/mnt/d/finance-lakehouse-aws/dbt/finance_dbt/.venv/lib/python3.12/site-packages/dbt/task/base.py", line 310, in compile_and_execute
    result = self.run(ctx.node, manifest)
             ^^^^^^^^^^^^^^^^^^^^^^^^^^^^
  File "/mnt/d/finance-lakehouse-aws/dbt/finance_dbt/.venv/lib/python3.12/site-packages/dbt/task/base.py", line 410, in run
    return self.execute(compiled_node, manifest)
           ^^^^^^^^^^^^^^^^^^^^^^^^^^^^^^^^^^^^^
  File "/mnt/d/finance-lakehouse-aws/dbt/finance_dbt/.venv/lib/python3.12/site-packages/dbt/task/run.py", line 336, in execute
    return self._execute_model(hook_ctx, context_config, model, context, materialization_macro)
           ^^^^^^^^^^^^^^^^^^^^^^^^^^^^^^^^^^^^^^^^^^^^^^^^^^^^^^^^^^^^^^^^^^^^^^^^^^^^^^^^^^^^
  File "/mnt/d/finance-lakehouse-aws/dbt/finance_dbt/.venv/lib/python3.12/site-packages/dbt/task/run.py", line 296, in _execute_model
    result = MacroGenerator(
             ^^^^^^^^^^^^^^^
  File "/mnt/d/finance-lakehouse-aws/dbt/finance_dbt/.venv/lib/python3.12/site-packages/dbt/clients/jinja.py", line 82, in __call__
    return self.call_macro(*args, **kwargs)
           ^^^^^^^^^^^^^^^^^^^^^^^^^^^^^^^^
  File "/mnt/d/finance-lakehouse-aws/dbt/finance_dbt/.venv/lib/python3.12/site-packages/dbt_common/clients/jinja.py", line 395, in call_macro
    return macro(*args, **kwargs)
           ^^^^^^^^^^^^^^^^^^^^^^
  File "/mnt/d/finance-lakehouse-aws/dbt/finance_dbt/.venv/lib/python3.12/site-packages/jinja2/runtime.py", line 770, in __call__
    return self._invoke(arguments, autoescape)
           ^^^^^^^^^^^^^^^^^^^^^^^^^^^^^^^^^^^
  File "/mnt/d/finance-lakehouse-aws/dbt/finance_dbt/.venv/lib/python3.12/site-packages/jinja2/runtime.py", line 784, in _invoke
    rv = self._func(*arguments)
         ^^^^^^^^^^^^^^^^^^^^^^
  File "<template>", line 171, in macro
  File "/mnt/d/finance-lakehouse-aws/dbt/finance_dbt/.venv/lib/python3.12/site-packages/jinja2/sandbox.py", line 401, in call
    return __context.call(__obj, *args, **kwargs)
           ^^^^^^^^^^^^^^^^^^^^^^^^^^^^^^^^^^^^^^
  File "/mnt/d/finance-lakehouse-aws/dbt/finance_dbt/.venv/lib/python3.12/site-packages/jinja2/runtime.py", line 303, in call
    return __obj(*args, **kwargs)
           ^^^^^^^^^^^^^^^^^^^^^^
  File "/mnt/d/finance-lakehouse-aws/dbt/finance_dbt/.venv/lib/python3.12/site-packages/dbt/clients/jinja.py", line 82, in __call__
    return self.call_macro(*args, **kwargs)
           ^^^^^^^^^^^^^^^^^^^^^^^^^^^^^^^^
  File "/mnt/d/finance-lakehouse-aws/dbt/finance_dbt/.venv/lib/python3.12/site-packages/dbt_common/clients/jinja.py", line 395, in call_macro
    return macro(*args, **kwargs)
           ^^^^^^^^^^^^^^^^^^^^^^
  File "/mnt/d/finance-lakehouse-aws/dbt/finance_dbt/.venv/lib/python3.12/site-packages/jinja2/runtime.py", line 770, in __call__
    return self._invoke(arguments, autoescape)
           ^^^^^^^^^^^^^^^^^^^^^^^^^^^^^^^^^^^
  File "/mnt/d/finance-lakehouse-aws/dbt/finance_dbt/.venv/lib/python3.12/site-packages/jinja2/runtime.py", line 784, in _invoke
    rv = self._func(*arguments)
         ^^^^^^^^^^^^^^^^^^^^^^
  File "<template>", line 50, in macro
  File "/mnt/d/finance-lakehouse-aws/dbt/finance_dbt/.venv/lib/python3.12/site-packages/jinja2/sandbox.py", line 401, in call
    return __context.call(__obj, *args, **kwargs)
           ^^^^^^^^^^^^^^^^^^^^^^^^^^^^^^^^^^^^^^
  File "/mnt/d/finance-lakehouse-aws/dbt/finance_dbt/.venv/lib/python3.12/site-packages/jinja2/runtime.py", line 303, in call
    return __obj(*args, **kwargs)
           ^^^^^^^^^^^^^^^^^^^^^^
  File "/mnt/d/finance-lakehouse-aws/dbt/finance_dbt/.venv/lib/python3.12/site-packages/dbt/adapters/athena/impl.py", line 1399, in run_query_with_partitions_limit_catching
    raise e
  File "/mnt/d/finance-lakehouse-aws/dbt/finance_dbt/.venv/lib/python3.12/site-packages/dbt/adapters/athena/impl.py", line 1395, in run_query_with_partitions_limit_catching
    cursor = self._run_query(sql, catch_partitions_limit=True)
             ^^^^^^^^^^^^^^^^^^^^^^^^^^^^^^^^^^^^^^^^^^^^^^^^^
  File "/mnt/d/finance-lakehouse-aws/dbt/finance_dbt/.venv/lib/python3.12/site-packages/dbt/adapters/athena/impl.py", line 1480, in _run_query
    raise e
  File "/mnt/d/finance-lakehouse-aws/dbt/finance_dbt/.venv/lib/python3.12/site-packages/dbt/adapters/athena/impl.py", line 1477, in _run_query
    cursor.execute(query, catch_partitions_limit=catch_partitions_limit)
  File "/mnt/d/finance-lakehouse-aws/dbt/finance_dbt/.venv/lib/python3.12/site-packages/dbt/adapters/athena/connections.py", line 229, in execute
    return inner()
           ^^^^^^^
  File "/mnt/d/finance-lakehouse-aws/dbt/finance_dbt/.venv/lib/python3.12/site-packages/tenacity/__init__.py", line 338, in wrapped_f
    return copy(f, *args, **kw)
           ^^^^^^^^^^^^^^^^^^^^
  File "/mnt/d/finance-lakehouse-aws/dbt/finance_dbt/.venv/lib/python3.12/site-packages/tenacity/__init__.py", line 477, in __call__
    do = self.iter(retry_state=retry_state)
         ^^^^^^^^^^^^^^^^^^^^^^^^^^^^^^^^^^
  File "/mnt/d/finance-lakehouse-aws/dbt/finance_dbt/.venv/lib/python3.12/site-packages/tenacity/__init__.py", line 378, in iter
    result = action(retry_state)
             ^^^^^^^^^^^^^^^^^^^
  File "/mnt/d/finance-lakehouse-aws/dbt/finance_dbt/.venv/lib/python3.12/site-packages/tenacity/__init__.py", line 420, in exc_check
    raise retry_exc.reraise()
          ^^^^^^^^^^^^^^^^^^^
  File "/mnt/d/finance-lakehouse-aws/dbt/finance_dbt/.venv/lib/python3.12/site-packages/tenacity/__init__.py", line 187, in reraise
    raise self.last_attempt.result()
          ^^^^^^^^^^^^^^^^^^^^^^^^^^
  File "/usr/lib/python3.12/concurrent/futures/_base.py", line 449, in result
    return self.__get_result()
           ^^^^^^^^^^^^^^^^^^^
  File "/usr/lib/python3.12/concurrent/futures/_base.py", line 401, in __get_result
    raise self._exception
  File "/mnt/d/finance-lakehouse-aws/dbt/finance_dbt/.venv/lib/python3.12/site-packages/tenacity/__init__.py", line 480, in __call__
    result = fn(*args, **kwargs)
             ^^^^^^^^^^^^^^^^^^^
  File "/mnt/d/finance-lakehouse-aws/dbt/finance_dbt/.venv/lib/python3.12/site-packages/dbt/adapters/athena/connections.py", line 227, in inner
    return execute_with_iceberg_retries()
           ^^^^^^^^^^^^^^^^^^^^^^^^^^^^^^
  File "/mnt/d/finance-lakehouse-aws/dbt/finance_dbt/.venv/lib/python3.12/site-packages/tenacity/__init__.py", line 338, in wrapped_f
    return copy(f, *args, **kw)
           ^^^^^^^^^^^^^^^^^^^^
  File "/mnt/d/finance-lakehouse-aws/dbt/finance_dbt/.venv/lib/python3.12/site-packages/tenacity/__init__.py", line 477, in __call__
    do = self.iter(retry_state=retry_state)
         ^^^^^^^^^^^^^^^^^^^^^^^^^^^^^^^^^^
  File "/mnt/d/finance-lakehouse-aws/dbt/finance_dbt/.venv/lib/python3.12/site-packages/tenacity/__init__.py", line 378, in iter
    result = action(retry_state)
             ^^^^^^^^^^^^^^^^^^^
  File "/mnt/d/finance-lakehouse-aws/dbt/finance_dbt/.venv/lib/python3.12/site-packages/tenacity/__init__.py", line 400, in <lambda>
    self._add_action_func(lambda rs: rs.outcome.result())
                                     ^^^^^^^^^^^^^^^^^^^
  File "/usr/lib/python3.12/concurrent/futures/_base.py", line 449, in result
    return self.__get_result()
           ^^^^^^^^^^^^^^^^^^^
  File "/usr/lib/python3.12/concurrent/futures/_base.py", line 401, in __get_result
    raise self._exception
  File "/mnt/d/finance-lakehouse-aws/dbt/finance_dbt/.venv/lib/python3.12/site-packages/tenacity/__init__.py", line 480, in __call__
    result = fn(*args, **kwargs)
             ^^^^^^^^^^^^^^^^^^^
  File "/mnt/d/finance-lakehouse-aws/dbt/finance_dbt/.venv/lib/python3.12/site-packages/dbt/adapters/athena/connections.py", line 225, in execute_with_iceberg_retries
    raise OperationalError(query_execution.state_change_reason)
pyathena.error.OperationalError: CATALOG_NOT_FOUND: line 17:6: Catalog 'finance_lake_db' does not exist. You may need to manually clean the data at location 's3://finance-lake-query-vk1911eu/tables/2e14fe8d-f944-4e75-bced-ef184f5da014' before retrying. Athena will not delete data in your account.

[0m15:54:04.385303 [debug] [Thread-1 (]: Sending event: {'category': 'dbt', 'action': 'run_model', 'label': '90900792-b119-464d-b4f8-4fa7e9a63c6f', 'context': [<snowplow_tracker.self_describing_json.SelfDescribingJson object at 0x7f409adc1d00>]}
[0m15:54:04.389437 [error] [Thread-1 (]: 2 of 2 ERROR creating sql table model finance_lake_db_silver.fred_clean ........ [[31mERROR[0m in 139.15s]
[0m15:54:04.394262 [debug] [Thread-1 (]: Finished running node model.finance_lakehouse.fred_clean
[0m15:54:04.398888 [debug] [Thread-4 (]: Marking all children of 'model.finance_lakehouse.fred_clean' to be skipped because of status 'error'.  Reason: CATALOG_NOT_FOUND: line 17:6: Catalog 'finance_lake_db' does not exist. You may need to manually clean the data at location 's3://finance-lake-query-vk1911eu/tables/2e14fe8d-f944-4e75-bced-ef184f5da014' before retrying. Athena will not delete data in your account..
[0m15:54:04.419100 [debug] [MainThread]: Connection 'master' was properly closed.
[0m15:54:04.422485 [debug] [MainThread]: Connection 'create_AwsDataCatalog_finance_lake_db_silver' was properly closed.
[0m15:54:04.426313 [debug] [MainThread]: Connection 'model.finance_lakehouse.fred_clean' was properly closed.
[0m15:54:04.430819 [info ] [MainThread]: 
[0m15:54:04.434222 [info ] [MainThread]: Finished running 2 table models in 0 hours 5 minutes and 54.49 seconds (354.49s).
[0m15:54:04.440623 [debug] [MainThread]: Command end result
[0m15:54:04.572450 [debug] [MainThread]: Wrote artifact WritableManifest to /mnt/d/finance-lakehouse-aws/dbt/finance_dbt/target/manifest.json
[0m15:54:04.628522 [debug] [MainThread]: Wrote artifact SemanticManifest to /mnt/d/finance-lakehouse-aws/dbt/finance_dbt/target/semantic_manifest.json
[0m15:54:04.657848 [debug] [MainThread]: Wrote artifact RunExecutionResult to /mnt/d/finance-lakehouse-aws/dbt/finance_dbt/target/run_results.json
[0m15:54:04.660657 [info ] [MainThread]: 
[0m15:54:04.663686 [info ] [MainThread]: [31mCompleted with 2 errors, 0 partial successes, and 0 warnings:[0m
[0m15:54:04.669257 [info ] [MainThread]: 
[0m15:54:04.676953 [error] [MainThread]: [31mFailure in model equities_clean (models/silver/equities_clean.sql)[0m
[0m15:54:04.684542 [error] [MainThread]:   CATALOG_NOT_FOUND: line 22:6: Catalog 'finance_lake_db' does not exist. You may need to manually clean the data at location 's3://finance-lake-query-vk1911eu/tables/f1df3fab-7c0f-4176-8c09-f8123fed6775' before retrying. Athena will not delete data in your account.
[0m15:54:04.687742 [info ] [MainThread]: 
[0m15:54:04.692390 [info ] [MainThread]:   compiled code at target/compiled/finance_lakehouse/models/silver/equities_clean.sql
[0m15:54:04.695584 [info ] [MainThread]: 
[0m15:54:04.700206 [error] [MainThread]: [31mFailure in model fred_clean (models/silver/fred_clean.sql)[0m
[0m15:54:04.704005 [error] [MainThread]:   CATALOG_NOT_FOUND: line 17:6: Catalog 'finance_lake_db' does not exist. You may need to manually clean the data at location 's3://finance-lake-query-vk1911eu/tables/2e14fe8d-f944-4e75-bced-ef184f5da014' before retrying. Athena will not delete data in your account.
[0m15:54:04.709487 [info ] [MainThread]: 
[0m15:54:04.712230 [info ] [MainThread]:   compiled code at target/compiled/finance_lakehouse/models/silver/fred_clean.sql
[0m15:54:04.717348 [info ] [MainThread]: 
[0m15:54:04.720808 [info ] [MainThread]: Done. PASS=0 WARN=0 ERROR=2 SKIP=0 NO-OP=0 TOTAL=2
[0m15:54:04.742632 [debug] [MainThread]: Resource report: {"command_name": "run", "command_success": false, "command_wall_clock_time": 402.37958, "process_in_blocks": "12936", "process_kernel_time": 6.415168, "process_mem_max_rss": "204440", "process_out_blocks": "0", "process_user_time": 7.525693}
[0m15:54:04.748434 [debug] [MainThread]: Command `dbt run` failed at 15:54:04.747685 after 402.39 seconds
[0m15:54:04.753656 [debug] [MainThread]: Sending event: {'category': 'dbt', 'action': 'invocation', 'label': 'end', 'context': [<snowplow_tracker.self_describing_json.SelfDescribingJson object at 0x7f40e37e3a70>, <snowplow_tracker.self_describing_json.SelfDescribingJson object at 0x7f40bba2f9b0>, <snowplow_tracker.self_describing_json.SelfDescribingJson object at 0x7f409adb1df0>]}
[0m15:54:04.758113 [debug] [MainThread]: Flushing usage events
[0m15:54:06.079711 [debug] [MainThread]: An error was encountered while trying to flush usage events
[0m16:05:55.960324 [debug] [MainThread]: Sending event: {'category': 'dbt', 'action': 'invocation', 'label': 'start', 'context': [<snowplow_tracker.self_describing_json.SelfDescribingJson object at 0x7f0bed356f90>, <snowplow_tracker.self_describing_json.SelfDescribingJson object at 0x7f0bef8fce00>, <snowplow_tracker.self_describing_json.SelfDescribingJson object at 0x7f0bee00e180>]}


============================== 16:05:56.004684 | dcae86a5-f79d-4c7b-b80f-ffda5b914e5c ==============================
[0m16:05:56.004684 [info ] [MainThread]: Running with dbt=1.10.13
[0m16:05:56.007344 [debug] [MainThread]: running dbt with arguments {'version_check': 'True', 'static_parser': 'True', 'introspect': 'True', 'quiet': 'False', 'write_json': 'True', 'invocation_command': 'dbt clean', 'no_print': 'None', 'log_path': '/mnt/d/finance-lakehouse-aws/dbt/finance_dbt/logs', 'fail_fast': 'False', 'profiles_dir': '/home/vaishu19/.dbt', 'indirect_selection': 'eager', 'use_colors': 'True', 'cache_selected_only': 'False', 'empty': 'None', 'printer_width': '80', 'use_experimental_parser': 'False', 'target_path': 'None', 'partial_parse': 'True', 'warn_error': 'None', 'send_anonymous_usage_stats': 'True', 'debug': 'False', 'warn_error_options': 'WarnErrorOptionsV2(error=[], warn=[], silence=[])', 'log_format': 'default', 'log_cache_events': 'False'}
[0m16:05:56.898226 [debug] [MainThread]: Sending event: {'category': 'dbt', 'action': 'project_id', 'label': 'dcae86a5-f79d-4c7b-b80f-ffda5b914e5c', 'context': [<snowplow_tracker.self_describing_json.SelfDescribingJson object at 0x7f0bede9f560>]}
[0m16:05:57.799850 [debug] [MainThread]: Resource report: {"command_name": "clean", "command_success": true, "command_wall_clock_time": 1.9615655, "process_in_blocks": "12016", "process_kernel_time": 2.554371, "process_mem_max_rss": "101324", "process_out_blocks": "0", "process_user_time": 2.868256}
[0m16:05:57.802715 [debug] [MainThread]: Command `dbt clean` succeeded at 16:05:57.802494 after 1.97 seconds
[0m16:05:57.805082 [debug] [MainThread]: Sending event: {'category': 'dbt', 'action': 'invocation', 'label': 'end', 'context': [<snowplow_tracker.self_describing_json.SelfDescribingJson object at 0x7f0bedb72fc0>, <snowplow_tracker.self_describing_json.SelfDescribingJson object at 0x7f0becec3920>, <snowplow_tracker.self_describing_json.SelfDescribingJson object at 0x7f0bef7ca390>]}
[0m16:05:57.806818 [debug] [MainThread]: Flushing usage events
[0m16:05:59.179817 [debug] [MainThread]: An error was encountered while trying to flush usage events
[0m16:06:42.439524 [debug] [MainThread]: Sending event: {'category': 'dbt', 'action': 'invocation', 'label': 'start', 'context': [<snowplow_tracker.self_describing_json.SelfDescribingJson object at 0x7fe416459400>, <snowplow_tracker.self_describing_json.SelfDescribingJson object at 0x7fe4168a9a00>, <snowplow_tracker.self_describing_json.SelfDescribingJson object at 0x7fe4179e6720>]}


============================== 16:06:42.470825 | 096eae31-f15c-48d3-adef-47fecf17d9fc ==============================
[0m16:06:42.470825 [info ] [MainThread]: Running with dbt=1.10.13
[0m16:06:42.473014 [debug] [MainThread]: running dbt with arguments {'fail_fast': 'False', 'static_parser': 'True', 'target_path': 'None', 'invocation_command': 'dbt debug', 'warn_error_options': 'WarnErrorOptionsV2(error=[], warn=[], silence=[])', 'no_print': 'None', 'partial_parse': 'True', 'log_path': '/mnt/d/finance-lakehouse-aws/dbt/finance_dbt/logs', 'write_json': 'True', 'use_experimental_parser': 'False', 'use_colors': 'True', 'profiles_dir': '/home/vaishu19/.dbt', 'indirect_selection': 'eager', 'warn_error': 'None', 'quiet': 'False', 'debug': 'False', 'version_check': 'True', 'printer_width': '80', 'send_anonymous_usage_stats': 'True', 'log_format': 'default', 'introspect': 'True', 'empty': 'None', 'cache_selected_only': 'False', 'log_cache_events': 'False'}
[0m16:06:43.151831 [info ] [MainThread]: dbt version: 1.10.13
[0m16:06:43.153687 [info ] [MainThread]: python version: 3.12.3
[0m16:06:43.155826 [info ] [MainThread]: python path: /mnt/d/finance-lakehouse-aws/dbt/finance_dbt/.venv/bin/python3
[0m16:06:43.157555 [info ] [MainThread]: os info: Linux-5.15.146.1-microsoft-standard-WSL2-x86_64-with-glibc2.39
[0m16:06:58.142982 [info ] [MainThread]: Using profiles dir at /home/vaishu19/.dbt
[0m16:06:58.147059 [info ] [MainThread]: Using profiles.yml file at /home/vaishu19/.dbt/profiles.yml
[0m16:06:58.149528 [info ] [MainThread]: Using dbt_project.yml file at /mnt/d/finance-lakehouse-aws/dbt/finance_dbt/dbt_project.yml
[0m16:06:58.181676 [info ] [MainThread]: adapter type: athena
[0m16:06:58.183351 [info ] [MainThread]: adapter version: 1.9.5
[0m16:06:58.400446 [info ] [MainThread]: Configuration:
[0m16:06:58.403056 [info ] [MainThread]:   profiles.yml file [[32mOK found and valid[0m]
[0m16:06:58.406022 [info ] [MainThread]:   dbt_project.yml file [[32mOK found and valid[0m]
[0m16:06:58.408730 [info ] [MainThread]: Required dependencies:
[0m16:06:58.410657 [debug] [MainThread]: Executing "git --help"
[0m16:06:58.439555 [debug] [MainThread]: STDOUT: "b"usage: git [-v | --version] [-h | --help] [-C <path>] [-c <name>=<value>]\n           [--exec-path[=<path>]] [--html-path] [--man-path] [--info-path]\n           [-p | --paginate | -P | --no-pager] [--no-replace-objects] [--bare]\n           [--git-dir=<path>] [--work-tree=<path>] [--namespace=<name>]\n           [--config-env=<name>=<envvar>] <command> [<args>]\n\nThese are common Git commands used in various situations:\n\nstart a working area (see also: git help tutorial)\n   clone     Clone a repository into a new directory\n   init      Create an empty Git repository or reinitialize an existing one\n\nwork on the current change (see also: git help everyday)\n   add       Add file contents to the index\n   mv        Move or rename a file, a directory, or a symlink\n   restore   Restore working tree files\n   rm        Remove files from the working tree and from the index\n\nexamine the history and state (see also: git help revisions)\n   bisect    Use binary search to find the commit that introduced a bug\n   diff      Show changes between commits, commit and working tree, etc\n   grep      Print lines matching a pattern\n   log       Show commit logs\n   show      Show various types of objects\n   status    Show the working tree status\n\ngrow, mark and tweak your common history\n   branch    List, create, or delete branches\n   commit    Record changes to the repository\n   merge     Join two or more development histories together\n   rebase    Reapply commits on top of another base tip\n   reset     Reset current HEAD to the specified state\n   switch    Switch branches\n   tag       Create, list, delete or verify a tag object signed with GPG\n\ncollaborate (see also: git help workflows)\n   fetch     Download objects and refs from another repository\n   pull      Fetch from and integrate with another repository or a local branch\n   push      Update remote refs along with associated objects\n\n'git help -a' and 'git help -g' list available subcommands and some\nconcept guides. See 'git help <command>' or 'git help <concept>'\nto read about a specific subcommand or concept.\nSee 'git help git' for an overview of the system.\n""
[0m16:06:58.441696 [debug] [MainThread]: STDERR: "b''"
[0m16:06:58.443892 [info ] [MainThread]:  - git [[32mOK found[0m]

[0m16:06:58.445943 [info ] [MainThread]: Connection:
[0m16:06:58.448565 [info ] [MainThread]:   s3_staging_dir: s3://finance-lake-query-vk1911eu/
[0m16:06:58.450972 [info ] [MainThread]:   work_group: primary
[0m16:06:58.452505 [info ] [MainThread]:   skip_workgroup_check: False
[0m16:06:58.455515 [info ] [MainThread]:   region_name: eu-central-1
[0m16:06:58.457855 [info ] [MainThread]:   database: AwsDataCatalog
[0m16:06:58.460358 [info ] [MainThread]:   schema: finance_lake_db
[0m16:06:58.462760 [info ] [MainThread]:   poll_interval: 1.0
[0m16:06:58.466257 [info ] [MainThread]:   aws_profile_name: vaishnavi-dev
[0m16:06:58.468894 [info ] [MainThread]:   aws_access_key_id: None
[0m16:06:58.471494 [info ] [MainThread]:   endpoint_url: None
[0m16:06:58.474479 [info ] [MainThread]:   s3_data_dir: None
[0m16:06:58.476760 [info ] [MainThread]:   s3_data_naming: schema_table_unique
[0m16:06:58.478570 [info ] [MainThread]:   s3_tmp_table_dir: None
[0m16:06:58.481639 [info ] [MainThread]:   debug_query_state: False
[0m16:06:58.484297 [info ] [MainThread]:   seed_s3_upload_args: None
[0m16:06:58.485970 [info ] [MainThread]:   lf_tags_database: None
[0m16:06:58.488312 [info ] [MainThread]:   spark_work_group: None
[0m16:06:58.496551 [info ] [MainThread]: Registered adapter: athena=1.9.5
[0m16:07:30.550472 [debug] [MainThread]: Acquiring new athena connection 'debug'
[0m16:07:30.553753 [debug] [MainThread]: Using athena connection "debug"
[0m16:07:30.556124 [debug] [MainThread]: On debug: select 1 as id
[0m16:07:30.558058 [debug] [MainThread]: Opening a new connection, currently in state init
[0m16:07:55.526155 [debug] [MainThread]: dbt.adapters.athena.constants adapter: Athena query ID efe459ad-139d-4627-a8ef-0b08b079d85c
[0m16:07:58.256758 [debug] [MainThread]: SQL status: OK -1 in 27.698 seconds
[0m16:07:58.261648 [debug] [MainThread]: On debug: Close
[0m16:07:58.265887 [info ] [MainThread]:   Connection test: [[32mOK connection ok[0m]

[0m16:07:58.268485 [info ] [MainThread]: [32mAll checks passed![0m
[0m16:07:58.275716 [debug] [MainThread]: Resource report: {"command_name": "debug", "command_success": true, "command_wall_clock_time": 75.93278, "process_in_blocks": "12688", "process_kernel_time": 3.447299, "process_mem_max_rss": "140120", "process_out_blocks": "0", "process_user_time": 4.10786}
[0m16:07:58.278164 [debug] [MainThread]: Command `dbt debug` succeeded at 16:07:58.277971 after 75.94 seconds
[0m16:07:58.280201 [debug] [MainThread]: Connection 'debug' was properly closed.
[0m16:07:58.281885 [debug] [MainThread]: Sending event: {'category': 'dbt', 'action': 'invocation', 'label': 'end', 'context': [<snowplow_tracker.self_describing_json.SelfDescribingJson object at 0x7fe413497ce0>, <snowplow_tracker.self_describing_json.SelfDescribingJson object at 0x7fe4149f7920>, <snowplow_tracker.self_describing_json.SelfDescribingJson object at 0x7fe416ce8c80>]}
[0m16:07:58.284692 [debug] [MainThread]: Flushing usage events
[0m16:07:59.904660 [debug] [MainThread]: An error was encountered while trying to flush usage events
[0m16:08:54.000549 [debug] [MainThread]: Sending event: {'category': 'dbt', 'action': 'invocation', 'label': 'start', 'context': [<snowplow_tracker.self_describing_json.SelfDescribingJson object at 0x7ff882167500>, <snowplow_tracker.self_describing_json.SelfDescribingJson object at 0x7ff8824ffda0>, <snowplow_tracker.self_describing_json.SelfDescribingJson object at 0x7ff88344c3b0>]}


============================== 16:08:54.027668 | a2adce41-1ffa-4c54-a78f-ca8474edadcd ==============================
[0m16:08:54.027668 [info ] [MainThread]: Running with dbt=1.10.13
[0m16:08:54.030400 [debug] [MainThread]: running dbt with arguments {'invocation_command': 'dbt run -s silver', 'log_format': 'default', 'no_print': 'None', 'static_parser': 'True', 'fail_fast': 'False', 'partial_parse': 'True', 'cache_selected_only': 'False', 'warn_error_options': 'WarnErrorOptionsV2(error=[], warn=[], silence=[])', 'write_json': 'True', 'warn_error': 'None', 'empty': 'False', 'debug': 'False', 'quiet': 'False', 'target_path': 'None', 'log_cache_events': 'False', 'send_anonymous_usage_stats': 'True', 'printer_width': '80', 'profiles_dir': '/home/vaishu19/.dbt', 'introspect': 'True', 'version_check': 'True', 'indirect_selection': 'eager', 'log_path': '/mnt/d/finance-lakehouse-aws/dbt/finance_dbt/logs', 'use_colors': 'True', 'use_experimental_parser': 'False'}
[0m16:09:10.459562 [debug] [MainThread]: Sending event: {'category': 'dbt', 'action': 'project_id', 'label': 'a2adce41-1ffa-4c54-a78f-ca8474edadcd', 'context': [<snowplow_tracker.self_describing_json.SelfDescribingJson object at 0x7ff880293380>]}
[0m16:09:10.869839 [debug] [MainThread]: Sending event: {'category': 'dbt', 'action': 'adapter_info', 'label': 'a2adce41-1ffa-4c54-a78f-ca8474edadcd', 'context': [<snowplow_tracker.self_describing_json.SelfDescribingJson object at 0x7ff881b7f800>]}
[0m16:09:10.917008 [info ] [MainThread]: Registered adapter: athena=1.9.5
[0m16:09:52.051045 [debug] [MainThread]: checksum: 9f0c81e2574b4ff463f3d16d080df83c6982fc0372c9feeacae0504ac9ea3ffe, vars: {}, profile: , target: , version: 1.10.13
[0m16:09:52.079517 [info ] [MainThread]: Unable to do partial parsing because saved manifest not found. Starting full parse.
[0m16:09:52.082222 [debug] [MainThread]: Sending event: {'category': 'dbt', 'action': 'partial_parser', 'label': 'a2adce41-1ffa-4c54-a78f-ca8474edadcd', 'context': [<snowplow_tracker.self_describing_json.SelfDescribingJson object at 0x7ff881078950>]}
[0m16:10:04.089340 [debug] [MainThread]: Sending event: {'category': 'dbt', 'action': 'load_project', 'label': 'a2adce41-1ffa-4c54-a78f-ca8474edadcd', 'context': [<snowplow_tracker.self_describing_json.SelfDescribingJson object at 0x7ff87e35a810>]}
[0m16:10:04.273001 [debug] [MainThread]: Wrote artifact WritableManifest to /mnt/d/finance-lakehouse-aws/dbt/finance_dbt/target/manifest.json
[0m16:10:04.337643 [debug] [MainThread]: Wrote artifact SemanticManifest to /mnt/d/finance-lakehouse-aws/dbt/finance_dbt/target/semantic_manifest.json
[0m16:10:05.891534 [debug] [MainThread]: Sending event: {'category': 'dbt', 'action': 'resource_counts', 'label': 'a2adce41-1ffa-4c54-a78f-ca8474edadcd', 'context': [<snowplow_tracker.self_describing_json.SelfDescribingJson object at 0x7ff87e22aa20>]}
[0m16:10:05.897856 [info ] [MainThread]: Found 2 models, 2 sources, 476 macros
[0m16:10:05.904489 [debug] [MainThread]: Sending event: {'category': 'dbt', 'action': 'runnable_timing', 'label': 'a2adce41-1ffa-4c54-a78f-ca8474edadcd', 'context': [<snowplow_tracker.self_describing_json.SelfDescribingJson object at 0x7ff87e33cce0>]}
[0m16:10:05.921888 [info ] [MainThread]: 
[0m16:10:05.932301 [info ] [MainThread]: Concurrency: 1 threads (target='dev')
[0m16:10:05.940900 [info ] [MainThread]: 
[0m16:10:05.949872 [debug] [MainThread]: Acquiring new athena connection 'master'
[0m16:10:05.979647 [debug] [ThreadPool]: Acquiring new athena connection 'list_AwsDataCatalog'
[0m16:10:05.991204 [debug] [ThreadPool]: Opening a new connection, currently in state init
[0m16:10:58.505797 [debug] [ThreadPool]: On list_AwsDataCatalog: Close
[0m16:10:58.528094 [debug] [ThreadPool]: Re-using an available connection from the pool (formerly list_AwsDataCatalog, now list_AwsDataCatalog_finance_lake_db_silver)
[0m16:10:58.535615 [debug] [ThreadPool]: Opening a new connection, currently in state closed
[0m16:11:48.451815 [debug] [ThreadPool]: On list_AwsDataCatalog_finance_lake_db_silver: Close
[0m16:11:48.463742 [debug] [MainThread]: Sending event: {'category': 'dbt', 'action': 'runnable_timing', 'label': 'a2adce41-1ffa-4c54-a78f-ca8474edadcd', 'context': [<snowplow_tracker.self_describing_json.SelfDescribingJson object at 0x7ff87e25c140>]}
[0m16:11:48.487758 [debug] [Thread-1 (]: Began running node model.finance_lakehouse.equities_clean
[0m16:11:48.491965 [info ] [Thread-1 (]: 1 of 2 START sql table model finance_lake_db_silver.equities_clean ............. [RUN]
[0m16:11:48.494333 [debug] [Thread-1 (]: Re-using an available connection from the pool (formerly list_AwsDataCatalog_finance_lake_db_silver, now model.finance_lakehouse.equities_clean)
[0m16:11:48.496720 [debug] [Thread-1 (]: Began compiling node model.finance_lakehouse.equities_clean
[0m16:11:48.514815 [debug] [Thread-1 (]: Writing injected SQL for node "model.finance_lakehouse.equities_clean"
[0m16:11:48.601752 [debug] [Thread-1 (]: Began executing node model.finance_lakehouse.equities_clean
[0m16:11:48.740240 [debug] [Thread-1 (]: Skip partitioning: False
[0m16:11:48.759988 [debug] [Thread-1 (]: dbt.adapters.athena.constants adapter: get_work_group for %s
[0m16:11:48.763530 [debug] [Thread-1 (]: Opening a new connection, currently in state closed
[0m16:12:23.810061 [debug] [Thread-1 (]: dbt.adapters.athena.constants adapter: S3 path does not exist
[0m16:12:23.814661 [debug] [Thread-1 (]: dbt.adapters.athena.constants adapter: Running Athena query:
-- /* {"app": "dbt", "dbt_version": "1.10.13", "profile_name": "finance_lakehouse", "target_name": "dev", "node_id": "model.finance_lakehouse.equities_clean"} */
create table "AwsDataCatalog"."finance_lake_db_silver"."equities_clean"
    with (
      table_type='external',
      is_external=true,external_location='s3://finance-lake-query-vk1911eu/tables/finance_lake_db_silver/equities_clean/10897ee9-2f33-45ae-8c77-d2338cd5d992',
      partitioned_by=ARRAY['symbol', 'year'],
      format='parquet'
    )
    as
      

with base as (
  select
    symbol, year, month, day, date, open, high, low, close, volume
  from "AwsDataCatalog"."finance_lake_db"."equities_stooq_raw"
),
typed as (
  select
    symbol,
    try_cast(year  as int)                         as year,
    try_cast(month as int)                         as month,
    try_cast(day   as int)                         as day,
    try_cast(date  as date)                        as trade_date,
    try_cast(nullif(open,   '') as double)         as open,
    try_cast(nullif(high,   '') as double)         as high,
    try_cast(nullif(low,    '') as double)         as low,
    try_cast(nullif(close,  '') as double)         as close,
    try_cast(nullif(volume, '') as bigint)         as volume
  from base
)
select * from typed
[0m16:12:25.049765 [debug] [Thread-1 (]: dbt.adapters.athena.constants adapter: Athena query ID 136fd2b7-a9d1-40ba-83e0-c63dc3c9893c
[0m16:12:27.118921 [debug] [Thread-1 (]: dbt.adapters.athena.constants adapter: Athena query ID c5c48639-7347-4f14-a86c-d6a608665f3f
[0m16:12:32.959493 [debug] [Thread-1 (]: dbt.adapters.athena.constants adapter: Athena query ID 768fe6af-1774-45b7-8b03-dbd9bc11235a
[0m16:12:54.613879 [debug] [Thread-1 (]: dbt.adapters.athena.constants adapter: Athena query ID 4fa5bc45-a076-4456-b8af-9fcc0dfc4cc3
[0m16:13:06.681834 [debug] [Thread-1 (]: dbt.adapters.athena.constants adapter: Athena query ID c55c807b-9fea-4bf6-a4e5-03d9160b82db
[0m16:14:14.924995 [debug] [Thread-1 (]: dbt.adapters.athena.constants adapter: Athena query ID a8efc195-38e5-4f0a-a9dd-8863983bea26
[0m16:14:16.452100 [debug] [Thread-1 (]: dbt.adapters.athena.constants adapter: CAUGHT EXCEPTION: SCHEMA_NOT_FOUND: line 22:6: Schema 'finance_lake_db' does not exist. You may need to manually clean the data at location 's3://finance-lake-query-vk1911eu/tables/a8efc195-38e5-4f0a-a9dd-8863983bea26' before retrying. Athena will not delete data in your account.
[0m16:14:16.460794 [debug] [Thread-1 (]: On model.finance_lakehouse.equities_clean: Close
[0m16:14:16.469865 [error] [Thread-1 (]: [31mUnhandled error while executing [0m
SCHEMA_NOT_FOUND: line 22:6: Schema 'finance_lake_db' does not exist. You may need to manually clean the data at location 's3://finance-lake-query-vk1911eu/tables/a8efc195-38e5-4f0a-a9dd-8863983bea26' before retrying. Athena will not delete data in your account.
[0m16:14:16.635589 [debug] [Thread-1 (]: Traceback (most recent call last):
  File "/mnt/d/finance-lakehouse-aws/dbt/finance_dbt/.venv/lib/python3.12/site-packages/dbt/task/base.py", line 363, in safe_run
    result = self.compile_and_execute(manifest, ctx)
             ^^^^^^^^^^^^^^^^^^^^^^^^^^^^^^^^^^^^^^^
  File "/mnt/d/finance-lakehouse-aws/dbt/finance_dbt/.venv/lib/python3.12/site-packages/dbt/task/base.py", line 310, in compile_and_execute
    result = self.run(ctx.node, manifest)
             ^^^^^^^^^^^^^^^^^^^^^^^^^^^^
  File "/mnt/d/finance-lakehouse-aws/dbt/finance_dbt/.venv/lib/python3.12/site-packages/dbt/task/base.py", line 410, in run
    return self.execute(compiled_node, manifest)
           ^^^^^^^^^^^^^^^^^^^^^^^^^^^^^^^^^^^^^
  File "/mnt/d/finance-lakehouse-aws/dbt/finance_dbt/.venv/lib/python3.12/site-packages/dbt/task/run.py", line 336, in execute
    return self._execute_model(hook_ctx, context_config, model, context, materialization_macro)
           ^^^^^^^^^^^^^^^^^^^^^^^^^^^^^^^^^^^^^^^^^^^^^^^^^^^^^^^^^^^^^^^^^^^^^^^^^^^^^^^^^^^^
  File "/mnt/d/finance-lakehouse-aws/dbt/finance_dbt/.venv/lib/python3.12/site-packages/dbt/task/run.py", line 296, in _execute_model
    result = MacroGenerator(
             ^^^^^^^^^^^^^^^
  File "/mnt/d/finance-lakehouse-aws/dbt/finance_dbt/.venv/lib/python3.12/site-packages/dbt/clients/jinja.py", line 82, in __call__
    return self.call_macro(*args, **kwargs)
           ^^^^^^^^^^^^^^^^^^^^^^^^^^^^^^^^
  File "/mnt/d/finance-lakehouse-aws/dbt/finance_dbt/.venv/lib/python3.12/site-packages/dbt_common/clients/jinja.py", line 395, in call_macro
    return macro(*args, **kwargs)
           ^^^^^^^^^^^^^^^^^^^^^^
  File "/mnt/d/finance-lakehouse-aws/dbt/finance_dbt/.venv/lib/python3.12/site-packages/jinja2/runtime.py", line 770, in __call__
    return self._invoke(arguments, autoescape)
           ^^^^^^^^^^^^^^^^^^^^^^^^^^^^^^^^^^^
  File "/mnt/d/finance-lakehouse-aws/dbt/finance_dbt/.venv/lib/python3.12/site-packages/jinja2/runtime.py", line 784, in _invoke
    rv = self._func(*arguments)
         ^^^^^^^^^^^^^^^^^^^^^^
  File "<template>", line 171, in macro
  File "/mnt/d/finance-lakehouse-aws/dbt/finance_dbt/.venv/lib/python3.12/site-packages/jinja2/sandbox.py", line 401, in call
    return __context.call(__obj, *args, **kwargs)
           ^^^^^^^^^^^^^^^^^^^^^^^^^^^^^^^^^^^^^^
  File "/mnt/d/finance-lakehouse-aws/dbt/finance_dbt/.venv/lib/python3.12/site-packages/jinja2/runtime.py", line 303, in call
    return __obj(*args, **kwargs)
           ^^^^^^^^^^^^^^^^^^^^^^
  File "/mnt/d/finance-lakehouse-aws/dbt/finance_dbt/.venv/lib/python3.12/site-packages/dbt/clients/jinja.py", line 82, in __call__
    return self.call_macro(*args, **kwargs)
           ^^^^^^^^^^^^^^^^^^^^^^^^^^^^^^^^
  File "/mnt/d/finance-lakehouse-aws/dbt/finance_dbt/.venv/lib/python3.12/site-packages/dbt_common/clients/jinja.py", line 395, in call_macro
    return macro(*args, **kwargs)
           ^^^^^^^^^^^^^^^^^^^^^^
  File "/mnt/d/finance-lakehouse-aws/dbt/finance_dbt/.venv/lib/python3.12/site-packages/jinja2/runtime.py", line 770, in __call__
    return self._invoke(arguments, autoescape)
           ^^^^^^^^^^^^^^^^^^^^^^^^^^^^^^^^^^^
  File "/mnt/d/finance-lakehouse-aws/dbt/finance_dbt/.venv/lib/python3.12/site-packages/jinja2/runtime.py", line 784, in _invoke
    rv = self._func(*arguments)
         ^^^^^^^^^^^^^^^^^^^^^^
  File "<template>", line 50, in macro
  File "/mnt/d/finance-lakehouse-aws/dbt/finance_dbt/.venv/lib/python3.12/site-packages/jinja2/sandbox.py", line 401, in call
    return __context.call(__obj, *args, **kwargs)
           ^^^^^^^^^^^^^^^^^^^^^^^^^^^^^^^^^^^^^^
  File "/mnt/d/finance-lakehouse-aws/dbt/finance_dbt/.venv/lib/python3.12/site-packages/jinja2/runtime.py", line 303, in call
    return __obj(*args, **kwargs)
           ^^^^^^^^^^^^^^^^^^^^^^
  File "/mnt/d/finance-lakehouse-aws/dbt/finance_dbt/.venv/lib/python3.12/site-packages/dbt/adapters/athena/impl.py", line 1399, in run_query_with_partitions_limit_catching
    raise e
  File "/mnt/d/finance-lakehouse-aws/dbt/finance_dbt/.venv/lib/python3.12/site-packages/dbt/adapters/athena/impl.py", line 1395, in run_query_with_partitions_limit_catching
    cursor = self._run_query(sql, catch_partitions_limit=True)
             ^^^^^^^^^^^^^^^^^^^^^^^^^^^^^^^^^^^^^^^^^^^^^^^^^
  File "/mnt/d/finance-lakehouse-aws/dbt/finance_dbt/.venv/lib/python3.12/site-packages/dbt/adapters/athena/impl.py", line 1480, in _run_query
    raise e
  File "/mnt/d/finance-lakehouse-aws/dbt/finance_dbt/.venv/lib/python3.12/site-packages/dbt/adapters/athena/impl.py", line 1477, in _run_query
    cursor.execute(query, catch_partitions_limit=catch_partitions_limit)
  File "/mnt/d/finance-lakehouse-aws/dbt/finance_dbt/.venv/lib/python3.12/site-packages/dbt/adapters/athena/connections.py", line 229, in execute
    return inner()
           ^^^^^^^
  File "/mnt/d/finance-lakehouse-aws/dbt/finance_dbt/.venv/lib/python3.12/site-packages/tenacity/__init__.py", line 338, in wrapped_f
    return copy(f, *args, **kw)
           ^^^^^^^^^^^^^^^^^^^^
  File "/mnt/d/finance-lakehouse-aws/dbt/finance_dbt/.venv/lib/python3.12/site-packages/tenacity/__init__.py", line 477, in __call__
    do = self.iter(retry_state=retry_state)
         ^^^^^^^^^^^^^^^^^^^^^^^^^^^^^^^^^^
  File "/mnt/d/finance-lakehouse-aws/dbt/finance_dbt/.venv/lib/python3.12/site-packages/tenacity/__init__.py", line 378, in iter
    result = action(retry_state)
             ^^^^^^^^^^^^^^^^^^^
  File "/mnt/d/finance-lakehouse-aws/dbt/finance_dbt/.venv/lib/python3.12/site-packages/tenacity/__init__.py", line 420, in exc_check
    raise retry_exc.reraise()
          ^^^^^^^^^^^^^^^^^^^
  File "/mnt/d/finance-lakehouse-aws/dbt/finance_dbt/.venv/lib/python3.12/site-packages/tenacity/__init__.py", line 187, in reraise
    raise self.last_attempt.result()
          ^^^^^^^^^^^^^^^^^^^^^^^^^^
  File "/usr/lib/python3.12/concurrent/futures/_base.py", line 449, in result
    return self.__get_result()
           ^^^^^^^^^^^^^^^^^^^
  File "/usr/lib/python3.12/concurrent/futures/_base.py", line 401, in __get_result
    raise self._exception
  File "/mnt/d/finance-lakehouse-aws/dbt/finance_dbt/.venv/lib/python3.12/site-packages/tenacity/__init__.py", line 480, in __call__
    result = fn(*args, **kwargs)
             ^^^^^^^^^^^^^^^^^^^
  File "/mnt/d/finance-lakehouse-aws/dbt/finance_dbt/.venv/lib/python3.12/site-packages/dbt/adapters/athena/connections.py", line 227, in inner
    return execute_with_iceberg_retries()
           ^^^^^^^^^^^^^^^^^^^^^^^^^^^^^^
  File "/mnt/d/finance-lakehouse-aws/dbt/finance_dbt/.venv/lib/python3.12/site-packages/tenacity/__init__.py", line 338, in wrapped_f
    return copy(f, *args, **kw)
           ^^^^^^^^^^^^^^^^^^^^
  File "/mnt/d/finance-lakehouse-aws/dbt/finance_dbt/.venv/lib/python3.12/site-packages/tenacity/__init__.py", line 477, in __call__
    do = self.iter(retry_state=retry_state)
         ^^^^^^^^^^^^^^^^^^^^^^^^^^^^^^^^^^
  File "/mnt/d/finance-lakehouse-aws/dbt/finance_dbt/.venv/lib/python3.12/site-packages/tenacity/__init__.py", line 378, in iter
    result = action(retry_state)
             ^^^^^^^^^^^^^^^^^^^
  File "/mnt/d/finance-lakehouse-aws/dbt/finance_dbt/.venv/lib/python3.12/site-packages/tenacity/__init__.py", line 400, in <lambda>
    self._add_action_func(lambda rs: rs.outcome.result())
                                     ^^^^^^^^^^^^^^^^^^^
  File "/usr/lib/python3.12/concurrent/futures/_base.py", line 449, in result
    return self.__get_result()
           ^^^^^^^^^^^^^^^^^^^
  File "/usr/lib/python3.12/concurrent/futures/_base.py", line 401, in __get_result
    raise self._exception
  File "/mnt/d/finance-lakehouse-aws/dbt/finance_dbt/.venv/lib/python3.12/site-packages/tenacity/__init__.py", line 480, in __call__
    result = fn(*args, **kwargs)
             ^^^^^^^^^^^^^^^^^^^
  File "/mnt/d/finance-lakehouse-aws/dbt/finance_dbt/.venv/lib/python3.12/site-packages/dbt/adapters/athena/connections.py", line 225, in execute_with_iceberg_retries
    raise OperationalError(query_execution.state_change_reason)
pyathena.error.OperationalError: SCHEMA_NOT_FOUND: line 22:6: Schema 'finance_lake_db' does not exist. You may need to manually clean the data at location 's3://finance-lake-query-vk1911eu/tables/a8efc195-38e5-4f0a-a9dd-8863983bea26' before retrying. Athena will not delete data in your account.

[0m16:14:16.682090 [debug] [Thread-1 (]: Sending event: {'category': 'dbt', 'action': 'run_model', 'label': 'a2adce41-1ffa-4c54-a78f-ca8474edadcd', 'context': [<snowplow_tracker.self_describing_json.SelfDescribingJson object at 0x7ff87c2e1760>]}
[0m16:14:16.688580 [error] [Thread-1 (]: 1 of 2 ERROR creating sql table model finance_lake_db_silver.equities_clean .... [[31mERROR[0m in 148.15s]
[0m16:14:16.692581 [debug] [Thread-1 (]: Finished running node model.finance_lakehouse.equities_clean
[0m16:14:16.696099 [debug] [Thread-1 (]: Began running node model.finance_lakehouse.fred_clean
[0m16:14:16.697654 [debug] [Thread-4 (]: Marking all children of 'model.finance_lakehouse.equities_clean' to be skipped because of status 'error'.  Reason: SCHEMA_NOT_FOUND: line 22:6: Schema 'finance_lake_db' does not exist. You may need to manually clean the data at location 's3://finance-lake-query-vk1911eu/tables/a8efc195-38e5-4f0a-a9dd-8863983bea26' before retrying. Athena will not delete data in your account..
[0m16:14:16.700714 [info ] [Thread-1 (]: 2 of 2 START sql table model finance_lake_db_silver.fred_clean ................. [RUN]
[0m16:14:16.716335 [debug] [Thread-1 (]: Re-using an available connection from the pool (formerly model.finance_lakehouse.equities_clean, now model.finance_lakehouse.fred_clean)
[0m16:14:16.719397 [debug] [Thread-1 (]: Began compiling node model.finance_lakehouse.fred_clean
[0m16:14:16.736264 [debug] [Thread-1 (]: Writing injected SQL for node "model.finance_lakehouse.fred_clean"
[0m16:14:16.762568 [debug] [Thread-1 (]: Began executing node model.finance_lakehouse.fred_clean
[0m16:14:16.770951 [debug] [Thread-1 (]: Skip partitioning: False
[0m16:14:16.776160 [debug] [Thread-1 (]: Opening a new connection, currently in state closed
[0m16:14:39.520521 [debug] [Thread-1 (]: dbt.adapters.athena.constants adapter: S3 path does not exist
[0m16:14:39.525997 [debug] [Thread-1 (]: dbt.adapters.athena.constants adapter: Running Athena query:
-- /* {"app": "dbt", "dbt_version": "1.10.13", "profile_name": "finance_lakehouse", "target_name": "dev", "node_id": "model.finance_lakehouse.fred_clean"} */
create table "AwsDataCatalog"."finance_lake_db_silver"."fred_clean"
    with (
      table_type='external',
      is_external=true,external_location='s3://finance-lake-query-vk1911eu/tables/finance_lake_db_silver/fred_clean/8173055f-2629-45c1-9f2b-a11a35b0e527',
      partitioned_by=ARRAY['series'],
      format='parquet'
    )
    as
      

with base as (
  select
    series,
    elem.realtime_start,
    elem.realtime_end,
    elem.date  as obs_date_raw,
    elem.value as value_raw
  from "AwsDataCatalog"."finance_lake_db"."fred_raw",
       unnest(observations) as t(elem)
  where elem.value <> '.'
),
typed as (
  select
    series,
    try_cast(obs_date_raw as date)  as obs_date,
    try_cast(value_raw as double)   as value,
    realtime_start,
    realtime_end
  from base
)
select * from typed
[0m16:14:40.454770 [debug] [Thread-1 (]: dbt.adapters.athena.constants adapter: Athena query ID b5ca950a-ca3e-4926-9df7-6119a999da8b
[0m16:14:46.128599 [debug] [Thread-1 (]: dbt.adapters.athena.constants adapter: Athena query ID 80eb12cc-3d52-4eb2-b740-e48a00385b51
[0m16:14:50.915215 [debug] [Thread-1 (]: dbt.adapters.athena.constants adapter: Athena query ID 2230c3a0-e0d8-4715-bad3-226c15947aad
[0m16:15:12.812719 [debug] [Thread-1 (]: dbt.adapters.athena.constants adapter: Athena query ID 743ef098-f5df-4979-a29b-84d32ca611bf
[0m16:15:38.906093 [debug] [Thread-1 (]: dbt.adapters.athena.constants adapter: Athena query ID 08bbdc52-1009-4391-a649-cda74fc1eda7
[0m16:16:18.924893 [debug] [Thread-1 (]: dbt.adapters.athena.constants adapter: Athena query ID bd15ff50-2b3a-42e6-92db-3e9aeead1426
[0m16:16:20.131845 [debug] [Thread-1 (]: dbt.adapters.athena.constants adapter: CAUGHT EXCEPTION: SCHEMA_NOT_FOUND: line 17:6: Schema 'finance_lake_db' does not exist. You may need to manually clean the data at location 's3://finance-lake-query-vk1911eu/tables/bd15ff50-2b3a-42e6-92db-3e9aeead1426' before retrying. Athena will not delete data in your account.
[0m16:16:20.134809 [debug] [Thread-1 (]: On model.finance_lakehouse.fred_clean: Close
[0m16:16:20.137435 [error] [Thread-1 (]: [31mUnhandled error while executing [0m
SCHEMA_NOT_FOUND: line 17:6: Schema 'finance_lake_db' does not exist. You may need to manually clean the data at location 's3://finance-lake-query-vk1911eu/tables/bd15ff50-2b3a-42e6-92db-3e9aeead1426' before retrying. Athena will not delete data in your account.
[0m16:16:20.202604 [debug] [Thread-1 (]: Traceback (most recent call last):
  File "/mnt/d/finance-lakehouse-aws/dbt/finance_dbt/.venv/lib/python3.12/site-packages/dbt/task/base.py", line 363, in safe_run
    result = self.compile_and_execute(manifest, ctx)
             ^^^^^^^^^^^^^^^^^^^^^^^^^^^^^^^^^^^^^^^
  File "/mnt/d/finance-lakehouse-aws/dbt/finance_dbt/.venv/lib/python3.12/site-packages/dbt/task/base.py", line 310, in compile_and_execute
    result = self.run(ctx.node, manifest)
             ^^^^^^^^^^^^^^^^^^^^^^^^^^^^
  File "/mnt/d/finance-lakehouse-aws/dbt/finance_dbt/.venv/lib/python3.12/site-packages/dbt/task/base.py", line 410, in run
    return self.execute(compiled_node, manifest)
           ^^^^^^^^^^^^^^^^^^^^^^^^^^^^^^^^^^^^^
  File "/mnt/d/finance-lakehouse-aws/dbt/finance_dbt/.venv/lib/python3.12/site-packages/dbt/task/run.py", line 336, in execute
    return self._execute_model(hook_ctx, context_config, model, context, materialization_macro)
           ^^^^^^^^^^^^^^^^^^^^^^^^^^^^^^^^^^^^^^^^^^^^^^^^^^^^^^^^^^^^^^^^^^^^^^^^^^^^^^^^^^^^
  File "/mnt/d/finance-lakehouse-aws/dbt/finance_dbt/.venv/lib/python3.12/site-packages/dbt/task/run.py", line 296, in _execute_model
    result = MacroGenerator(
             ^^^^^^^^^^^^^^^
  File "/mnt/d/finance-lakehouse-aws/dbt/finance_dbt/.venv/lib/python3.12/site-packages/dbt/clients/jinja.py", line 82, in __call__
    return self.call_macro(*args, **kwargs)
           ^^^^^^^^^^^^^^^^^^^^^^^^^^^^^^^^
  File "/mnt/d/finance-lakehouse-aws/dbt/finance_dbt/.venv/lib/python3.12/site-packages/dbt_common/clients/jinja.py", line 395, in call_macro
    return macro(*args, **kwargs)
           ^^^^^^^^^^^^^^^^^^^^^^
  File "/mnt/d/finance-lakehouse-aws/dbt/finance_dbt/.venv/lib/python3.12/site-packages/jinja2/runtime.py", line 770, in __call__
    return self._invoke(arguments, autoescape)
           ^^^^^^^^^^^^^^^^^^^^^^^^^^^^^^^^^^^
  File "/mnt/d/finance-lakehouse-aws/dbt/finance_dbt/.venv/lib/python3.12/site-packages/jinja2/runtime.py", line 784, in _invoke
    rv = self._func(*arguments)
         ^^^^^^^^^^^^^^^^^^^^^^
  File "<template>", line 171, in macro
  File "/mnt/d/finance-lakehouse-aws/dbt/finance_dbt/.venv/lib/python3.12/site-packages/jinja2/sandbox.py", line 401, in call
    return __context.call(__obj, *args, **kwargs)
           ^^^^^^^^^^^^^^^^^^^^^^^^^^^^^^^^^^^^^^
  File "/mnt/d/finance-lakehouse-aws/dbt/finance_dbt/.venv/lib/python3.12/site-packages/jinja2/runtime.py", line 303, in call
    return __obj(*args, **kwargs)
           ^^^^^^^^^^^^^^^^^^^^^^
  File "/mnt/d/finance-lakehouse-aws/dbt/finance_dbt/.venv/lib/python3.12/site-packages/dbt/clients/jinja.py", line 82, in __call__
    return self.call_macro(*args, **kwargs)
           ^^^^^^^^^^^^^^^^^^^^^^^^^^^^^^^^
  File "/mnt/d/finance-lakehouse-aws/dbt/finance_dbt/.venv/lib/python3.12/site-packages/dbt_common/clients/jinja.py", line 395, in call_macro
    return macro(*args, **kwargs)
           ^^^^^^^^^^^^^^^^^^^^^^
  File "/mnt/d/finance-lakehouse-aws/dbt/finance_dbt/.venv/lib/python3.12/site-packages/jinja2/runtime.py", line 770, in __call__
    return self._invoke(arguments, autoescape)
           ^^^^^^^^^^^^^^^^^^^^^^^^^^^^^^^^^^^
  File "/mnt/d/finance-lakehouse-aws/dbt/finance_dbt/.venv/lib/python3.12/site-packages/jinja2/runtime.py", line 784, in _invoke
    rv = self._func(*arguments)
         ^^^^^^^^^^^^^^^^^^^^^^
  File "<template>", line 50, in macro
  File "/mnt/d/finance-lakehouse-aws/dbt/finance_dbt/.venv/lib/python3.12/site-packages/jinja2/sandbox.py", line 401, in call
    return __context.call(__obj, *args, **kwargs)
           ^^^^^^^^^^^^^^^^^^^^^^^^^^^^^^^^^^^^^^
  File "/mnt/d/finance-lakehouse-aws/dbt/finance_dbt/.venv/lib/python3.12/site-packages/jinja2/runtime.py", line 303, in call
    return __obj(*args, **kwargs)
           ^^^^^^^^^^^^^^^^^^^^^^
  File "/mnt/d/finance-lakehouse-aws/dbt/finance_dbt/.venv/lib/python3.12/site-packages/dbt/adapters/athena/impl.py", line 1399, in run_query_with_partitions_limit_catching
    raise e
  File "/mnt/d/finance-lakehouse-aws/dbt/finance_dbt/.venv/lib/python3.12/site-packages/dbt/adapters/athena/impl.py", line 1395, in run_query_with_partitions_limit_catching
    cursor = self._run_query(sql, catch_partitions_limit=True)
             ^^^^^^^^^^^^^^^^^^^^^^^^^^^^^^^^^^^^^^^^^^^^^^^^^
  File "/mnt/d/finance-lakehouse-aws/dbt/finance_dbt/.venv/lib/python3.12/site-packages/dbt/adapters/athena/impl.py", line 1480, in _run_query
    raise e
  File "/mnt/d/finance-lakehouse-aws/dbt/finance_dbt/.venv/lib/python3.12/site-packages/dbt/adapters/athena/impl.py", line 1477, in _run_query
    cursor.execute(query, catch_partitions_limit=catch_partitions_limit)
  File "/mnt/d/finance-lakehouse-aws/dbt/finance_dbt/.venv/lib/python3.12/site-packages/dbt/adapters/athena/connections.py", line 229, in execute
    return inner()
           ^^^^^^^
  File "/mnt/d/finance-lakehouse-aws/dbt/finance_dbt/.venv/lib/python3.12/site-packages/tenacity/__init__.py", line 338, in wrapped_f
    return copy(f, *args, **kw)
           ^^^^^^^^^^^^^^^^^^^^
  File "/mnt/d/finance-lakehouse-aws/dbt/finance_dbt/.venv/lib/python3.12/site-packages/tenacity/__init__.py", line 477, in __call__
    do = self.iter(retry_state=retry_state)
         ^^^^^^^^^^^^^^^^^^^^^^^^^^^^^^^^^^
  File "/mnt/d/finance-lakehouse-aws/dbt/finance_dbt/.venv/lib/python3.12/site-packages/tenacity/__init__.py", line 378, in iter
    result = action(retry_state)
             ^^^^^^^^^^^^^^^^^^^
  File "/mnt/d/finance-lakehouse-aws/dbt/finance_dbt/.venv/lib/python3.12/site-packages/tenacity/__init__.py", line 420, in exc_check
    raise retry_exc.reraise()
          ^^^^^^^^^^^^^^^^^^^
  File "/mnt/d/finance-lakehouse-aws/dbt/finance_dbt/.venv/lib/python3.12/site-packages/tenacity/__init__.py", line 187, in reraise
    raise self.last_attempt.result()
          ^^^^^^^^^^^^^^^^^^^^^^^^^^
  File "/usr/lib/python3.12/concurrent/futures/_base.py", line 449, in result
    return self.__get_result()
           ^^^^^^^^^^^^^^^^^^^
  File "/usr/lib/python3.12/concurrent/futures/_base.py", line 401, in __get_result
    raise self._exception
  File "/mnt/d/finance-lakehouse-aws/dbt/finance_dbt/.venv/lib/python3.12/site-packages/tenacity/__init__.py", line 480, in __call__
    result = fn(*args, **kwargs)
             ^^^^^^^^^^^^^^^^^^^
  File "/mnt/d/finance-lakehouse-aws/dbt/finance_dbt/.venv/lib/python3.12/site-packages/dbt/adapters/athena/connections.py", line 227, in inner
    return execute_with_iceberg_retries()
           ^^^^^^^^^^^^^^^^^^^^^^^^^^^^^^
  File "/mnt/d/finance-lakehouse-aws/dbt/finance_dbt/.venv/lib/python3.12/site-packages/tenacity/__init__.py", line 338, in wrapped_f
    return copy(f, *args, **kw)
           ^^^^^^^^^^^^^^^^^^^^
  File "/mnt/d/finance-lakehouse-aws/dbt/finance_dbt/.venv/lib/python3.12/site-packages/tenacity/__init__.py", line 477, in __call__
    do = self.iter(retry_state=retry_state)
         ^^^^^^^^^^^^^^^^^^^^^^^^^^^^^^^^^^
  File "/mnt/d/finance-lakehouse-aws/dbt/finance_dbt/.venv/lib/python3.12/site-packages/tenacity/__init__.py", line 378, in iter
    result = action(retry_state)
             ^^^^^^^^^^^^^^^^^^^
  File "/mnt/d/finance-lakehouse-aws/dbt/finance_dbt/.venv/lib/python3.12/site-packages/tenacity/__init__.py", line 400, in <lambda>
    self._add_action_func(lambda rs: rs.outcome.result())
                                     ^^^^^^^^^^^^^^^^^^^
  File "/usr/lib/python3.12/concurrent/futures/_base.py", line 449, in result
    return self.__get_result()
           ^^^^^^^^^^^^^^^^^^^
  File "/usr/lib/python3.12/concurrent/futures/_base.py", line 401, in __get_result
    raise self._exception
  File "/mnt/d/finance-lakehouse-aws/dbt/finance_dbt/.venv/lib/python3.12/site-packages/tenacity/__init__.py", line 480, in __call__
    result = fn(*args, **kwargs)
             ^^^^^^^^^^^^^^^^^^^
  File "/mnt/d/finance-lakehouse-aws/dbt/finance_dbt/.venv/lib/python3.12/site-packages/dbt/adapters/athena/connections.py", line 225, in execute_with_iceberg_retries
    raise OperationalError(query_execution.state_change_reason)
pyathena.error.OperationalError: SCHEMA_NOT_FOUND: line 17:6: Schema 'finance_lake_db' does not exist. You may need to manually clean the data at location 's3://finance-lake-query-vk1911eu/tables/bd15ff50-2b3a-42e6-92db-3e9aeead1426' before retrying. Athena will not delete data in your account.

[0m16:16:20.207370 [debug] [Thread-1 (]: Sending event: {'category': 'dbt', 'action': 'run_model', 'label': 'a2adce41-1ffa-4c54-a78f-ca8474edadcd', 'context': [<snowplow_tracker.self_describing_json.SelfDescribingJson object at 0x7ff86d3cc260>]}
[0m16:16:20.211208 [error] [Thread-1 (]: 2 of 2 ERROR creating sql table model finance_lake_db_silver.fred_clean ........ [[31mERROR[0m in 123.49s]
[0m16:16:20.214175 [debug] [Thread-1 (]: Finished running node model.finance_lakehouse.fred_clean
[0m16:16:20.218398 [debug] [Thread-4 (]: Marking all children of 'model.finance_lakehouse.fred_clean' to be skipped because of status 'error'.  Reason: SCHEMA_NOT_FOUND: line 17:6: Schema 'finance_lake_db' does not exist. You may need to manually clean the data at location 's3://finance-lake-query-vk1911eu/tables/bd15ff50-2b3a-42e6-92db-3e9aeead1426' before retrying. Athena will not delete data in your account..
[0m16:16:20.237705 [debug] [MainThread]: Connection 'master' was properly closed.
[0m16:16:20.241338 [debug] [MainThread]: Connection 'model.finance_lakehouse.fred_clean' was properly closed.
[0m16:16:20.246436 [info ] [MainThread]: 
[0m16:16:20.249760 [info ] [MainThread]: Finished running 2 table models in 0 hours 6 minutes and 14.30 seconds (374.30s).
[0m16:16:20.255677 [debug] [MainThread]: Command end result
[0m16:16:20.361705 [debug] [MainThread]: Wrote artifact WritableManifest to /mnt/d/finance-lakehouse-aws/dbt/finance_dbt/target/manifest.json
[0m16:16:20.411400 [debug] [MainThread]: Wrote artifact SemanticManifest to /mnt/d/finance-lakehouse-aws/dbt/finance_dbt/target/semantic_manifest.json
[0m16:16:20.444696 [debug] [MainThread]: Wrote artifact RunExecutionResult to /mnt/d/finance-lakehouse-aws/dbt/finance_dbt/target/run_results.json
[0m16:16:20.448134 [info ] [MainThread]: 
[0m16:16:20.453776 [info ] [MainThread]: [31mCompleted with 2 errors, 0 partial successes, and 0 warnings:[0m
[0m16:16:20.463067 [info ] [MainThread]: 
[0m16:16:20.467953 [error] [MainThread]: [31mFailure in model equities_clean (models/silver/equities_clean.sql)[0m
[0m16:16:20.470860 [error] [MainThread]:   SCHEMA_NOT_FOUND: line 22:6: Schema 'finance_lake_db' does not exist. You may need to manually clean the data at location 's3://finance-lake-query-vk1911eu/tables/a8efc195-38e5-4f0a-a9dd-8863983bea26' before retrying. Athena will not delete data in your account.
[0m16:16:20.473875 [info ] [MainThread]: 
[0m16:16:20.478464 [info ] [MainThread]:   compiled code at target/compiled/finance_lakehouse/models/silver/equities_clean.sql
[0m16:16:20.483304 [info ] [MainThread]: 
[0m16:16:20.487235 [error] [MainThread]: [31mFailure in model fred_clean (models/silver/fred_clean.sql)[0m
[0m16:16:20.491661 [error] [MainThread]:   SCHEMA_NOT_FOUND: line 17:6: Schema 'finance_lake_db' does not exist. You may need to manually clean the data at location 's3://finance-lake-query-vk1911eu/tables/bd15ff50-2b3a-42e6-92db-3e9aeead1426' before retrying. Athena will not delete data in your account.
[0m16:16:20.495306 [info ] [MainThread]: 
[0m16:16:20.499115 [info ] [MainThread]:   compiled code at target/compiled/finance_lakehouse/models/silver/fred_clean.sql
[0m16:16:20.503215 [info ] [MainThread]: 
[0m16:16:20.509354 [info ] [MainThread]: Done. PASS=0 WARN=0 ERROR=2 SKIP=0 NO-OP=0 TOTAL=2
[0m16:16:20.528205 [debug] [MainThread]: Resource report: {"command_name": "run", "command_success": false, "command_wall_clock_time": 446.6213, "process_in_blocks": "12896", "process_kernel_time": 10.362011, "process_mem_max_rss": "183664", "process_out_blocks": "0", "process_user_time": 11.284656}
[0m16:16:20.534119 [debug] [MainThread]: Command `dbt run` failed at 16:16:20.533730 after 446.63 seconds
[0m16:16:20.539025 [debug] [MainThread]: Sending event: {'category': 'dbt', 'action': 'invocation', 'label': 'end', 'context': [<snowplow_tracker.self_describing_json.SelfDescribingJson object at 0x7ff88104da60>, <snowplow_tracker.self_describing_json.SelfDescribingJson object at 0x7ff86de3a090>, <snowplow_tracker.self_describing_json.SelfDescribingJson object at 0x7ff86ca09e20>]}
[0m16:16:20.541697 [debug] [MainThread]: Flushing usage events
[0m16:16:21.776488 [debug] [MainThread]: An error was encountered while trying to flush usage events
[0m17:14:27.467497 [debug] [MainThread]: Sending event: {'category': 'dbt', 'action': 'invocation', 'label': 'start', 'context': [<snowplow_tracker.self_describing_json.SelfDescribingJson object at 0x7ff34d44fc50>, <snowplow_tracker.self_describing_json.SelfDescribingJson object at 0x7ff34cdf3770>, <snowplow_tracker.self_describing_json.SelfDescribingJson object at 0x7ff34cdcecf0>]}


============================== 17:14:27.508459 | 0fe3ae86-18a1-4c97-8fd6-a0dd82053c0a ==============================
[0m17:14:27.508459 [info ] [MainThread]: Running with dbt=1.10.13
[0m17:14:27.511066 [debug] [MainThread]: running dbt with arguments {'cache_selected_only': 'False', 'target_path': 'None', 'log_path': '/mnt/d/finance-lakehouse-aws/dbt/finance_dbt/logs', 'empty': 'None', 'invocation_command': 'dbt clean', 'warn_error_options': 'WarnErrorOptionsV2(error=[], warn=[], silence=[])', 'use_colors': 'True', 'fail_fast': 'False', 'send_anonymous_usage_stats': 'True', 'static_parser': 'True', 'log_format': 'default', 'no_print': 'None', 'warn_error': 'None', 'use_experimental_parser': 'False', 'indirect_selection': 'eager', 'partial_parse': 'True', 'debug': 'False', 'introspect': 'True', 'version_check': 'True', 'log_cache_events': 'False', 'quiet': 'False', 'profiles_dir': '/home/vaishu19/.dbt', 'printer_width': '80', 'write_json': 'True'}
[0m17:14:28.399530 [debug] [MainThread]: Sending event: {'category': 'dbt', 'action': 'project_id', 'label': '0fe3ae86-18a1-4c97-8fd6-a0dd82053c0a', 'context': [<snowplow_tracker.self_describing_json.SelfDescribingJson object at 0x7ff34cebaed0>]}
[0m17:14:29.709162 [debug] [MainThread]: Resource report: {"command_name": "clean", "command_success": true, "command_wall_clock_time": 2.3516161, "process_in_blocks": "12016", "process_kernel_time": 3.098183, "process_mem_max_rss": "101240", "process_out_blocks": "0", "process_user_time": 3.237323}
[0m17:14:29.713677 [debug] [MainThread]: Command `dbt clean` succeeded at 17:14:29.713245 after 2.36 seconds
[0m17:14:29.719294 [debug] [MainThread]: Sending event: {'category': 'dbt', 'action': 'invocation', 'label': 'end', 'context': [<snowplow_tracker.self_describing_json.SelfDescribingJson object at 0x7ff34cfa1eb0>, <snowplow_tracker.self_describing_json.SelfDescribingJson object at 0x7ff34cb4f6b0>, <snowplow_tracker.self_describing_json.SelfDescribingJson object at 0x7ff34c26f260>]}
[0m17:14:29.725598 [debug] [MainThread]: Flushing usage events
[0m17:14:31.180192 [debug] [MainThread]: An error was encountered while trying to flush usage events
[0m17:15:18.887876 [debug] [MainThread]: Sending event: {'category': 'dbt', 'action': 'invocation', 'label': 'start', 'context': [<snowplow_tracker.self_describing_json.SelfDescribingJson object at 0x7efe88863b90>, <snowplow_tracker.self_describing_json.SelfDescribingJson object at 0x7efe8852bf20>, <snowplow_tracker.self_describing_json.SelfDescribingJson object at 0x7efe87f67830>]}


============================== 17:15:18.921253 | 0f38b1d4-6a8f-4fab-a5f2-102a7ad6c535 ==============================
[0m17:15:18.921253 [info ] [MainThread]: Running with dbt=1.10.13
[0m17:15:18.923681 [debug] [MainThread]: running dbt with arguments {'log_format': 'default', 'indirect_selection': 'eager', 'log_path': '/mnt/d/finance-lakehouse-aws/dbt/finance_dbt/logs', 'write_json': 'True', 'log_cache_events': 'False', 'warn_error_options': 'WarnErrorOptionsV2(error=[], warn=[], silence=[])', 'target_path': 'None', 'partial_parse': 'True', 'static_parser': 'True', 'send_anonymous_usage_stats': 'True', 'debug': 'False', 'introspect': 'True', 'profiles_dir': '/home/vaishu19/.dbt', 'no_print': 'None', 'printer_width': '80', 'warn_error': 'None', 'invocation_command': 'dbt debug', 'fail_fast': 'False', 'quiet': 'False', 'use_experimental_parser': 'False', 'cache_selected_only': 'False', 'version_check': 'True', 'use_colors': 'True', 'empty': 'None'}
[0m17:15:19.837598 [info ] [MainThread]: dbt version: 1.10.13
[0m17:15:19.839485 [info ] [MainThread]: python version: 3.12.3
[0m17:15:19.842702 [info ] [MainThread]: python path: /mnt/d/finance-lakehouse-aws/dbt/finance_dbt/.venv/bin/python3
[0m17:15:19.844343 [info ] [MainThread]: os info: Linux-5.15.146.1-microsoft-standard-WSL2-x86_64-with-glibc2.39
[0m17:15:37.445585 [info ] [MainThread]: Using profiles dir at /home/vaishu19/.dbt
[0m17:15:37.450022 [info ] [MainThread]: Using profiles.yml file at /home/vaishu19/.dbt/profiles.yml
[0m17:15:37.453246 [info ] [MainThread]: Using dbt_project.yml file at /mnt/d/finance-lakehouse-aws/dbt/finance_dbt/dbt_project.yml
[0m17:15:37.491830 [info ] [MainThread]: adapter type: athena
[0m17:15:37.494585 [info ] [MainThread]: adapter version: 1.9.5
[0m17:15:37.703044 [info ] [MainThread]: Configuration:
[0m17:15:37.706902 [info ] [MainThread]:   profiles.yml file [[32mOK found and valid[0m]
[0m17:15:37.709945 [info ] [MainThread]:   dbt_project.yml file [[32mOK found and valid[0m]
[0m17:15:37.712397 [info ] [MainThread]: Required dependencies:
[0m17:15:37.714693 [debug] [MainThread]: Executing "git --help"
[0m17:15:37.737850 [debug] [MainThread]: STDOUT: "b"usage: git [-v | --version] [-h | --help] [-C <path>] [-c <name>=<value>]\n           [--exec-path[=<path>]] [--html-path] [--man-path] [--info-path]\n           [-p | --paginate | -P | --no-pager] [--no-replace-objects] [--bare]\n           [--git-dir=<path>] [--work-tree=<path>] [--namespace=<name>]\n           [--config-env=<name>=<envvar>] <command> [<args>]\n\nThese are common Git commands used in various situations:\n\nstart a working area (see also: git help tutorial)\n   clone     Clone a repository into a new directory\n   init      Create an empty Git repository or reinitialize an existing one\n\nwork on the current change (see also: git help everyday)\n   add       Add file contents to the index\n   mv        Move or rename a file, a directory, or a symlink\n   restore   Restore working tree files\n   rm        Remove files from the working tree and from the index\n\nexamine the history and state (see also: git help revisions)\n   bisect    Use binary search to find the commit that introduced a bug\n   diff      Show changes between commits, commit and working tree, etc\n   grep      Print lines matching a pattern\n   log       Show commit logs\n   show      Show various types of objects\n   status    Show the working tree status\n\ngrow, mark and tweak your common history\n   branch    List, create, or delete branches\n   commit    Record changes to the repository\n   merge     Join two or more development histories together\n   rebase    Reapply commits on top of another base tip\n   reset     Reset current HEAD to the specified state\n   switch    Switch branches\n   tag       Create, list, delete or verify a tag object signed with GPG\n\ncollaborate (see also: git help workflows)\n   fetch     Download objects and refs from another repository\n   pull      Fetch from and integrate with another repository or a local branch\n   push      Update remote refs along with associated objects\n\n'git help -a' and 'git help -g' list available subcommands and some\nconcept guides. See 'git help <command>' or 'git help <concept>'\nto read about a specific subcommand or concept.\nSee 'git help git' for an overview of the system.\n""
[0m17:15:37.740624 [debug] [MainThread]: STDERR: "b''"
[0m17:15:37.743103 [info ] [MainThread]:  - git [[32mOK found[0m]

[0m17:15:37.745316 [info ] [MainThread]: Connection:
[0m17:15:37.748555 [info ] [MainThread]:   s3_staging_dir: s3://finance-lake-query-vk1911eu/
[0m17:15:37.751574 [info ] [MainThread]:   work_group: primary
[0m17:15:37.754018 [info ] [MainThread]:   skip_workgroup_check: False
[0m17:15:37.756760 [info ] [MainThread]:   region_name: eu-central-1
[0m17:15:37.759892 [info ] [MainThread]:   database: AwsDataCatalog
[0m17:15:37.762851 [info ] [MainThread]:   schema: finance-lake_db
[0m17:15:37.765581 [info ] [MainThread]:   poll_interval: 1.0
[0m17:15:37.768733 [info ] [MainThread]:   aws_profile_name: vaishnavi-dev
[0m17:15:37.771190 [info ] [MainThread]:   aws_access_key_id: None
[0m17:15:37.773368 [info ] [MainThread]:   endpoint_url: None
[0m17:15:37.776114 [info ] [MainThread]:   s3_data_dir: None
[0m17:15:37.779260 [info ] [MainThread]:   s3_data_naming: schema_table_unique
[0m17:15:37.781721 [info ] [MainThread]:   s3_tmp_table_dir: None
[0m17:15:37.785895 [info ] [MainThread]:   debug_query_state: False
[0m17:15:37.788829 [info ] [MainThread]:   seed_s3_upload_args: None
[0m17:15:37.791160 [info ] [MainThread]:   lf_tags_database: None
[0m17:15:37.794939 [info ] [MainThread]:   spark_work_group: None
[0m17:15:37.805169 [info ] [MainThread]: Registered adapter: athena=1.9.5
[0m17:16:12.285285 [debug] [MainThread]: Acquiring new athena connection 'debug'
[0m17:16:12.291343 [debug] [MainThread]: Using athena connection "debug"
[0m17:16:12.295348 [debug] [MainThread]: On debug: select 1 as id
[0m17:16:12.297806 [debug] [MainThread]: Opening a new connection, currently in state init
[0m17:16:39.460003 [debug] [MainThread]: dbt.adapters.athena.constants adapter: Athena query ID fdeaa34f-3964-4f95-9d2c-ea0e50c0b983
[0m17:16:41.941202 [debug] [MainThread]: SQL status: OK -1 in 29.643 seconds
[0m17:16:41.944155 [debug] [MainThread]: On debug: Close
[0m17:16:41.945896 [info ] [MainThread]:   Connection test: [[32mOK connection ok[0m]

[0m17:16:41.949720 [info ] [MainThread]: [32mAll checks passed![0m
[0m17:16:41.954863 [debug] [MainThread]: Resource report: {"command_name": "debug", "command_success": true, "command_wall_clock_time": 83.163185, "process_in_blocks": "12688", "process_kernel_time": 4.381225, "process_mem_max_rss": "139912", "process_out_blocks": "0", "process_user_time": 4.266182}
[0m17:16:41.959632 [debug] [MainThread]: Command `dbt debug` succeeded at 17:16:41.959063 after 83.17 seconds
[0m17:16:41.961997 [debug] [MainThread]: Connection 'debug' was properly closed.
[0m17:16:41.964177 [debug] [MainThread]: Sending event: {'category': 'dbt', 'action': 'invocation', 'label': 'end', 'context': [<snowplow_tracker.self_describing_json.SelfDescribingJson object at 0x7efe87bd8140>, <snowplow_tracker.self_describing_json.SelfDescribingJson object at 0x7efe8525bf50>, <snowplow_tracker.self_describing_json.SelfDescribingJson object at 0x7efe87c02fc0>]}
[0m17:16:41.966473 [debug] [MainThread]: Flushing usage events
[0m17:16:43.148488 [debug] [MainThread]: An error was encountered while trying to flush usage events
[0m17:17:27.831680 [debug] [MainThread]: Sending event: {'category': 'dbt', 'action': 'invocation', 'label': 'start', 'context': [<snowplow_tracker.self_describing_json.SelfDescribingJson object at 0x7fb3a8d23d10>, <snowplow_tracker.self_describing_json.SelfDescribingJson object at 0x7fb3abb82cc0>, <snowplow_tracker.self_describing_json.SelfDescribingJson object at 0x7fb3a8836ff0>]}


============================== 17:17:27.859647 | 5ec58e73-1c8b-4472-b5f5-0f1755d9fd30 ==============================
[0m17:17:27.859647 [info ] [MainThread]: Running with dbt=1.10.13
[0m17:17:27.861671 [debug] [MainThread]: running dbt with arguments {'empty': 'False', 'cache_selected_only': 'False', 'target_path': 'None', 'log_format': 'default', 'profiles_dir': '/home/vaishu19/.dbt', 'debug': 'False', 'log_cache_events': 'False', 'fail_fast': 'False', 'warn_error_options': 'WarnErrorOptionsV2(error=[], warn=[], silence=[])', 'quiet': 'False', 'send_anonymous_usage_stats': 'True', 'partial_parse': 'True', 'indirect_selection': 'eager', 'printer_width': '80', 'no_print': 'None', 'static_parser': 'True', 'introspect': 'True', 'invocation_command': 'dbt run -s silver', 'version_check': 'True', 'log_path': '/mnt/d/finance-lakehouse-aws/dbt/finance_dbt/logs', 'write_json': 'True', 'use_experimental_parser': 'False', 'warn_error': 'None', 'use_colors': 'True'}
[0m17:17:44.719521 [debug] [MainThread]: Sending event: {'category': 'dbt', 'action': 'project_id', 'label': '5ec58e73-1c8b-4472-b5f5-0f1755d9fd30', 'context': [<snowplow_tracker.self_describing_json.SelfDescribingJson object at 0x7fb3a6d31a90>]}
[0m17:17:44.909401 [debug] [MainThread]: Sending event: {'category': 'dbt', 'action': 'adapter_info', 'label': '5ec58e73-1c8b-4472-b5f5-0f1755d9fd30', 'context': [<snowplow_tracker.self_describing_json.SelfDescribingJson object at 0x7fb3a8098c50>]}
[0m17:17:44.959020 [info ] [MainThread]: Registered adapter: athena=1.9.5
[0m17:18:19.924467 [debug] [MainThread]: checksum: 9f0c81e2574b4ff463f3d16d080df83c6982fc0372c9feeacae0504ac9ea3ffe, vars: {}, profile: , target: , version: 1.10.13
[0m17:18:19.966232 [info ] [MainThread]: Unable to do partial parsing because saved manifest not found. Starting full parse.
[0m17:18:19.969588 [debug] [MainThread]: Sending event: {'category': 'dbt', 'action': 'partial_parser', 'label': '5ec58e73-1c8b-4472-b5f5-0f1755d9fd30', 'context': [<snowplow_tracker.self_describing_json.SelfDescribingJson object at 0x7fb3a89c2600>]}
[0m17:18:28.384522 [debug] [MainThread]: Sending event: {'category': 'dbt', 'action': 'load_project', 'label': '5ec58e73-1c8b-4472-b5f5-0f1755d9fd30', 'context': [<snowplow_tracker.self_describing_json.SelfDescribingJson object at 0x7fb3a4fcd730>]}
[0m17:18:28.480158 [debug] [MainThread]: Wrote artifact WritableManifest to /mnt/d/finance-lakehouse-aws/dbt/finance_dbt/target/manifest.json
[0m17:18:28.506225 [debug] [MainThread]: Wrote artifact SemanticManifest to /mnt/d/finance-lakehouse-aws/dbt/finance_dbt/target/semantic_manifest.json
[0m17:18:29.294439 [debug] [MainThread]: Sending event: {'category': 'dbt', 'action': 'resource_counts', 'label': '5ec58e73-1c8b-4472-b5f5-0f1755d9fd30', 'context': [<snowplow_tracker.self_describing_json.SelfDescribingJson object at 0x7fb3a4e46ba0>]}
[0m17:18:29.297217 [info ] [MainThread]: Found 2 models, 2 sources, 477 macros
[0m17:18:29.302717 [debug] [MainThread]: Sending event: {'category': 'dbt', 'action': 'runnable_timing', 'label': '5ec58e73-1c8b-4472-b5f5-0f1755d9fd30', 'context': [<snowplow_tracker.self_describing_json.SelfDescribingJson object at 0x7fb3a4e530b0>]}
[0m17:18:29.307004 [info ] [MainThread]: 
[0m17:18:29.324178 [info ] [MainThread]: Concurrency: 1 threads (target='dev')
[0m17:18:29.331605 [info ] [MainThread]: 
[0m17:18:29.336019 [debug] [MainThread]: Acquiring new athena connection 'master'
[0m17:18:29.347320 [debug] [ThreadPool]: Acquiring new athena connection 'list_AwsDataCatalog'
[0m17:18:29.349297 [debug] [ThreadPool]: Opening a new connection, currently in state init
[0m17:19:09.360791 [debug] [ThreadPool]: On list_AwsDataCatalog: Close
[0m17:19:09.365502 [debug] [ThreadPool]: Re-using an available connection from the pool (formerly list_AwsDataCatalog, now list_AwsDataCatalog_finance-lake_db)
[0m17:19:09.368071 [debug] [ThreadPool]: Opening a new connection, currently in state closed
[0m17:19:47.196893 [debug] [ThreadPool]: On list_AwsDataCatalog_finance-lake_db: Close
[0m17:19:47.205145 [debug] [MainThread]: Sending event: {'category': 'dbt', 'action': 'runnable_timing', 'label': '5ec58e73-1c8b-4472-b5f5-0f1755d9fd30', 'context': [<snowplow_tracker.self_describing_json.SelfDescribingJson object at 0x7fb3a4ffc920>]}
[0m17:19:47.218984 [debug] [Thread-1 (]: Began running node model.finance_lakehouse.equities_clean
[0m17:19:47.224434 [info ] [Thread-1 (]: 1 of 2 START sql table model finance-lake_db.equities_clean .................... [RUN]
[0m17:19:47.230366 [debug] [Thread-1 (]: Re-using an available connection from the pool (formerly list_AwsDataCatalog_finance-lake_db, now model.finance_lakehouse.equities_clean)
[0m17:19:47.234026 [debug] [Thread-1 (]: Began compiling node model.finance_lakehouse.equities_clean
[0m17:19:47.255799 [debug] [Thread-1 (]: Writing injected SQL for node "model.finance_lakehouse.equities_clean"
[0m17:19:47.330899 [debug] [Thread-1 (]: Began executing node model.finance_lakehouse.equities_clean
[0m17:19:47.397778 [debug] [Thread-1 (]: Skip partitioning: False
[0m17:19:47.401209 [debug] [Thread-1 (]: dbt.adapters.athena.constants adapter: get_work_group for %s
[0m17:19:47.404140 [debug] [Thread-1 (]: Opening a new connection, currently in state closed
[0m17:20:16.867615 [debug] [Thread-1 (]: dbt.adapters.athena.constants adapter: S3 path does not exist
[0m17:20:16.874614 [debug] [Thread-1 (]: dbt.adapters.athena.constants adapter: Running Athena query:
-- /* {"app": "dbt", "dbt_version": "1.10.13", "profile_name": "finance_lakehouse", "target_name": "dev", "node_id": "model.finance_lakehouse.equities_clean"} */
create table "AwsDataCatalog"."finance-lake_db"."equities_clean"
    with (
      table_type='external',
      is_external=true,external_location='s3://finance-lake-query-vk1911eu/tables/finance-lake_db/equities_clean/cb67f951-4fd0-4838-83d3-dab9f6130b12',
      partitioned_by=ARRAY['symbol', 'year'],
      format='parquet'
    )
    as
      

with base as (
  select
    symbol, year, month, day, date, open, high, low, close, volume
  from "AwsDataCatalog"."finance-lake_db"."equities_stooq_raw"
),
typed as (
  select
    symbol,
    try_cast(year  as int)                         as year,
    try_cast(month as int)                         as month,
    try_cast(day   as int)                         as day,
    try_cast(date  as date)                        as trade_date,
    try_cast(nullif(open,   '') as double)         as open,
    try_cast(nullif(high,   '') as double)         as high,
    try_cast(nullif(low,    '') as double)         as low,
    try_cast(nullif(close,  '') as double)         as close,
    try_cast(nullif(volume, '') as bigint)         as volume
  from base
)
select * from typed
[0m17:20:17.517926 [debug] [Thread-1 (]: dbt.adapters.athena.constants adapter: Athena query ID 11f84f7a-b8f6-49f9-bdd9-a1804d591766
[0m17:20:24.876097 [debug] [Thread-1 (]: dbt.adapters.athena.constants adapter: Athena query ID dc2a24cc-24b5-4dcd-b03d-2a5b5b477249
[0m17:20:33.017022 [debug] [Thread-1 (]: dbt.adapters.athena.constants adapter: Athena query ID 6e45d548-e90f-46ef-8734-ddc9dd69e856
[0m17:20:58.496534 [debug] [Thread-1 (]: dbt.adapters.athena.constants adapter: Athena query ID 026d4548-e9b1-466e-a9b0-39cd99eea732
[0m17:21:27.379146 [debug] [Thread-1 (]: dbt.adapters.athena.constants adapter: Athena query ID 6fc35ee4-11c6-4f6e-bf23-ee73a4741c3d
[0m17:21:38.477986 [debug] [Thread-1 (]: dbt.adapters.athena.constants adapter: Athena query ID 4050c00a-f605-4042-a4fb-21c1222f3d4b
[0m17:21:39.784386 [debug] [Thread-1 (]: dbt.adapters.athena.constants adapter: CAUGHT EXCEPTION: HIVE_COLUMN_ORDER_MISMATCH: Partition keys must be the last columns in the table and in the same order as the table properties: [symbol, year]. You may need to manually clean the data at location 's3://finance-lake-query-vk1911eu/tables/4050c00a-f605-4042-a4fb-21c1222f3d4b' before retrying. Athena will not delete data in your account.
[0m17:21:39.789986 [debug] [Thread-1 (]: On model.finance_lakehouse.equities_clean: Close
[0m17:21:39.794119 [error] [Thread-1 (]: [31mUnhandled error while executing [0m
HIVE_COLUMN_ORDER_MISMATCH: Partition keys must be the last columns in the table and in the same order as the table properties: [symbol, year]. You may need to manually clean the data at location 's3://finance-lake-query-vk1911eu/tables/4050c00a-f605-4042-a4fb-21c1222f3d4b' before retrying. Athena will not delete data in your account.
[0m17:21:40.029413 [debug] [Thread-1 (]: Traceback (most recent call last):
  File "/mnt/d/finance-lakehouse-aws/dbt/finance_dbt/.venv/lib/python3.12/site-packages/dbt/task/base.py", line 363, in safe_run
    result = self.compile_and_execute(manifest, ctx)
             ^^^^^^^^^^^^^^^^^^^^^^^^^^^^^^^^^^^^^^^
  File "/mnt/d/finance-lakehouse-aws/dbt/finance_dbt/.venv/lib/python3.12/site-packages/dbt/task/base.py", line 310, in compile_and_execute
    result = self.run(ctx.node, manifest)
             ^^^^^^^^^^^^^^^^^^^^^^^^^^^^
  File "/mnt/d/finance-lakehouse-aws/dbt/finance_dbt/.venv/lib/python3.12/site-packages/dbt/task/base.py", line 410, in run
    return self.execute(compiled_node, manifest)
           ^^^^^^^^^^^^^^^^^^^^^^^^^^^^^^^^^^^^^
  File "/mnt/d/finance-lakehouse-aws/dbt/finance_dbt/.venv/lib/python3.12/site-packages/dbt/task/run.py", line 336, in execute
    return self._execute_model(hook_ctx, context_config, model, context, materialization_macro)
           ^^^^^^^^^^^^^^^^^^^^^^^^^^^^^^^^^^^^^^^^^^^^^^^^^^^^^^^^^^^^^^^^^^^^^^^^^^^^^^^^^^^^
  File "/mnt/d/finance-lakehouse-aws/dbt/finance_dbt/.venv/lib/python3.12/site-packages/dbt/task/run.py", line 296, in _execute_model
    result = MacroGenerator(
             ^^^^^^^^^^^^^^^
  File "/mnt/d/finance-lakehouse-aws/dbt/finance_dbt/.venv/lib/python3.12/site-packages/dbt/clients/jinja.py", line 82, in __call__
    return self.call_macro(*args, **kwargs)
           ^^^^^^^^^^^^^^^^^^^^^^^^^^^^^^^^
  File "/mnt/d/finance-lakehouse-aws/dbt/finance_dbt/.venv/lib/python3.12/site-packages/dbt_common/clients/jinja.py", line 395, in call_macro
    return macro(*args, **kwargs)
           ^^^^^^^^^^^^^^^^^^^^^^
  File "/mnt/d/finance-lakehouse-aws/dbt/finance_dbt/.venv/lib/python3.12/site-packages/jinja2/runtime.py", line 770, in __call__
    return self._invoke(arguments, autoescape)
           ^^^^^^^^^^^^^^^^^^^^^^^^^^^^^^^^^^^
  File "/mnt/d/finance-lakehouse-aws/dbt/finance_dbt/.venv/lib/python3.12/site-packages/jinja2/runtime.py", line 784, in _invoke
    rv = self._func(*arguments)
         ^^^^^^^^^^^^^^^^^^^^^^
  File "<template>", line 171, in macro
  File "/mnt/d/finance-lakehouse-aws/dbt/finance_dbt/.venv/lib/python3.12/site-packages/jinja2/sandbox.py", line 401, in call
    return __context.call(__obj, *args, **kwargs)
           ^^^^^^^^^^^^^^^^^^^^^^^^^^^^^^^^^^^^^^
  File "/mnt/d/finance-lakehouse-aws/dbt/finance_dbt/.venv/lib/python3.12/site-packages/jinja2/runtime.py", line 303, in call
    return __obj(*args, **kwargs)
           ^^^^^^^^^^^^^^^^^^^^^^
  File "/mnt/d/finance-lakehouse-aws/dbt/finance_dbt/.venv/lib/python3.12/site-packages/dbt/clients/jinja.py", line 82, in __call__
    return self.call_macro(*args, **kwargs)
           ^^^^^^^^^^^^^^^^^^^^^^^^^^^^^^^^
  File "/mnt/d/finance-lakehouse-aws/dbt/finance_dbt/.venv/lib/python3.12/site-packages/dbt_common/clients/jinja.py", line 395, in call_macro
    return macro(*args, **kwargs)
           ^^^^^^^^^^^^^^^^^^^^^^
  File "/mnt/d/finance-lakehouse-aws/dbt/finance_dbt/.venv/lib/python3.12/site-packages/jinja2/runtime.py", line 770, in __call__
    return self._invoke(arguments, autoescape)
           ^^^^^^^^^^^^^^^^^^^^^^^^^^^^^^^^^^^
  File "/mnt/d/finance-lakehouse-aws/dbt/finance_dbt/.venv/lib/python3.12/site-packages/jinja2/runtime.py", line 784, in _invoke
    rv = self._func(*arguments)
         ^^^^^^^^^^^^^^^^^^^^^^
  File "<template>", line 50, in macro
  File "/mnt/d/finance-lakehouse-aws/dbt/finance_dbt/.venv/lib/python3.12/site-packages/jinja2/sandbox.py", line 401, in call
    return __context.call(__obj, *args, **kwargs)
           ^^^^^^^^^^^^^^^^^^^^^^^^^^^^^^^^^^^^^^
  File "/mnt/d/finance-lakehouse-aws/dbt/finance_dbt/.venv/lib/python3.12/site-packages/jinja2/runtime.py", line 303, in call
    return __obj(*args, **kwargs)
           ^^^^^^^^^^^^^^^^^^^^^^
  File "/mnt/d/finance-lakehouse-aws/dbt/finance_dbt/.venv/lib/python3.12/site-packages/dbt/adapters/athena/impl.py", line 1399, in run_query_with_partitions_limit_catching
    raise e
  File "/mnt/d/finance-lakehouse-aws/dbt/finance_dbt/.venv/lib/python3.12/site-packages/dbt/adapters/athena/impl.py", line 1395, in run_query_with_partitions_limit_catching
    cursor = self._run_query(sql, catch_partitions_limit=True)
             ^^^^^^^^^^^^^^^^^^^^^^^^^^^^^^^^^^^^^^^^^^^^^^^^^
  File "/mnt/d/finance-lakehouse-aws/dbt/finance_dbt/.venv/lib/python3.12/site-packages/dbt/adapters/athena/impl.py", line 1480, in _run_query
    raise e
  File "/mnt/d/finance-lakehouse-aws/dbt/finance_dbt/.venv/lib/python3.12/site-packages/dbt/adapters/athena/impl.py", line 1477, in _run_query
    cursor.execute(query, catch_partitions_limit=catch_partitions_limit)
  File "/mnt/d/finance-lakehouse-aws/dbt/finance_dbt/.venv/lib/python3.12/site-packages/dbt/adapters/athena/connections.py", line 229, in execute
    return inner()
           ^^^^^^^
  File "/mnt/d/finance-lakehouse-aws/dbt/finance_dbt/.venv/lib/python3.12/site-packages/tenacity/__init__.py", line 338, in wrapped_f
    return copy(f, *args, **kw)
           ^^^^^^^^^^^^^^^^^^^^
  File "/mnt/d/finance-lakehouse-aws/dbt/finance_dbt/.venv/lib/python3.12/site-packages/tenacity/__init__.py", line 477, in __call__
    do = self.iter(retry_state=retry_state)
         ^^^^^^^^^^^^^^^^^^^^^^^^^^^^^^^^^^
  File "/mnt/d/finance-lakehouse-aws/dbt/finance_dbt/.venv/lib/python3.12/site-packages/tenacity/__init__.py", line 378, in iter
    result = action(retry_state)
             ^^^^^^^^^^^^^^^^^^^
  File "/mnt/d/finance-lakehouse-aws/dbt/finance_dbt/.venv/lib/python3.12/site-packages/tenacity/__init__.py", line 420, in exc_check
    raise retry_exc.reraise()
          ^^^^^^^^^^^^^^^^^^^
  File "/mnt/d/finance-lakehouse-aws/dbt/finance_dbt/.venv/lib/python3.12/site-packages/tenacity/__init__.py", line 187, in reraise
    raise self.last_attempt.result()
          ^^^^^^^^^^^^^^^^^^^^^^^^^^
  File "/usr/lib/python3.12/concurrent/futures/_base.py", line 449, in result
    return self.__get_result()
           ^^^^^^^^^^^^^^^^^^^
  File "/usr/lib/python3.12/concurrent/futures/_base.py", line 401, in __get_result
    raise self._exception
  File "/mnt/d/finance-lakehouse-aws/dbt/finance_dbt/.venv/lib/python3.12/site-packages/tenacity/__init__.py", line 480, in __call__
    result = fn(*args, **kwargs)
             ^^^^^^^^^^^^^^^^^^^
  File "/mnt/d/finance-lakehouse-aws/dbt/finance_dbt/.venv/lib/python3.12/site-packages/dbt/adapters/athena/connections.py", line 227, in inner
    return execute_with_iceberg_retries()
           ^^^^^^^^^^^^^^^^^^^^^^^^^^^^^^
  File "/mnt/d/finance-lakehouse-aws/dbt/finance_dbt/.venv/lib/python3.12/site-packages/tenacity/__init__.py", line 338, in wrapped_f
    return copy(f, *args, **kw)
           ^^^^^^^^^^^^^^^^^^^^
  File "/mnt/d/finance-lakehouse-aws/dbt/finance_dbt/.venv/lib/python3.12/site-packages/tenacity/__init__.py", line 477, in __call__
    do = self.iter(retry_state=retry_state)
         ^^^^^^^^^^^^^^^^^^^^^^^^^^^^^^^^^^
  File "/mnt/d/finance-lakehouse-aws/dbt/finance_dbt/.venv/lib/python3.12/site-packages/tenacity/__init__.py", line 378, in iter
    result = action(retry_state)
             ^^^^^^^^^^^^^^^^^^^
  File "/mnt/d/finance-lakehouse-aws/dbt/finance_dbt/.venv/lib/python3.12/site-packages/tenacity/__init__.py", line 400, in <lambda>
    self._add_action_func(lambda rs: rs.outcome.result())
                                     ^^^^^^^^^^^^^^^^^^^
  File "/usr/lib/python3.12/concurrent/futures/_base.py", line 449, in result
    return self.__get_result()
           ^^^^^^^^^^^^^^^^^^^
  File "/usr/lib/python3.12/concurrent/futures/_base.py", line 401, in __get_result
    raise self._exception
  File "/mnt/d/finance-lakehouse-aws/dbt/finance_dbt/.venv/lib/python3.12/site-packages/tenacity/__init__.py", line 480, in __call__
    result = fn(*args, **kwargs)
             ^^^^^^^^^^^^^^^^^^^
  File "/mnt/d/finance-lakehouse-aws/dbt/finance_dbt/.venv/lib/python3.12/site-packages/dbt/adapters/athena/connections.py", line 225, in execute_with_iceberg_retries
    raise OperationalError(query_execution.state_change_reason)
pyathena.error.OperationalError: HIVE_COLUMN_ORDER_MISMATCH: Partition keys must be the last columns in the table and in the same order as the table properties: [symbol, year]. You may need to manually clean the data at location 's3://finance-lake-query-vk1911eu/tables/4050c00a-f605-4042-a4fb-21c1222f3d4b' before retrying. Athena will not delete data in your account.

[0m17:21:40.067726 [debug] [Thread-1 (]: Sending event: {'category': 'dbt', 'action': 'run_model', 'label': '5ec58e73-1c8b-4472-b5f5-0f1755d9fd30', 'context': [<snowplow_tracker.self_describing_json.SelfDescribingJson object at 0x7fb3a4fcdcd0>]}
[0m17:21:40.071371 [error] [Thread-1 (]: 1 of 2 ERROR creating sql table model finance-lake_db.equities_clean ........... [[31mERROR[0m in 112.80s]
[0m17:21:40.073732 [debug] [Thread-1 (]: Finished running node model.finance_lakehouse.equities_clean
[0m17:21:40.077673 [debug] [Thread-1 (]: Began running node model.finance_lakehouse.fred_clean
[0m17:21:40.079367 [debug] [Thread-4 (]: Marking all children of 'model.finance_lakehouse.equities_clean' to be skipped because of status 'error'.  Reason: HIVE_COLUMN_ORDER_MISMATCH: Partition keys must be the last columns in the table and in the same order as the table properties: [symbol, year]. You may need to manually clean the data at location 's3://finance-lake-query-vk1911eu/tables/4050c00a-f605-4042-a4fb-21c1222f3d4b' before retrying. Athena will not delete data in your account..
[0m17:21:40.081893 [info ] [Thread-1 (]: 2 of 2 START sql table model finance-lake_db.fred_clean ........................ [RUN]
[0m17:21:40.088672 [debug] [Thread-1 (]: Re-using an available connection from the pool (formerly model.finance_lakehouse.equities_clean, now model.finance_lakehouse.fred_clean)
[0m17:21:40.090492 [debug] [Thread-1 (]: Began compiling node model.finance_lakehouse.fred_clean
[0m17:21:40.096973 [debug] [Thread-1 (]: Writing injected SQL for node "model.finance_lakehouse.fred_clean"
[0m17:21:40.124704 [debug] [Thread-1 (]: Began executing node model.finance_lakehouse.fred_clean
[0m17:21:40.130787 [debug] [Thread-1 (]: Skip partitioning: False
[0m17:21:40.135047 [debug] [Thread-1 (]: Opening a new connection, currently in state closed
[0m17:22:09.808364 [debug] [Thread-1 (]: dbt.adapters.athena.constants adapter: S3 path does not exist
[0m17:22:09.812267 [debug] [Thread-1 (]: dbt.adapters.athena.constants adapter: Running Athena query:
-- /* {"app": "dbt", "dbt_version": "1.10.13", "profile_name": "finance_lakehouse", "target_name": "dev", "node_id": "model.finance_lakehouse.fred_clean"} */
create table "AwsDataCatalog"."finance-lake_db"."fred_clean"
    with (
      table_type='external',
      is_external=true,external_location='s3://finance-lake-query-vk1911eu/tables/finance-lake_db/fred_clean/d095e7ab-947b-45a7-b93b-05f64c3b25a8',
      partitioned_by=ARRAY['series'],
      format='parquet'
    )
    as
      

with base as (
  select
    series,
    elem.realtime_start,
    elem.realtime_end,
    elem.date  as obs_date_raw,
    elem.value as value_raw
  from "AwsDataCatalog"."finance-lake_db"."fred_raw",
       unnest(observations) as t(elem)
  where elem.value <> '.'
),
typed as (
  select
    series,
    try_cast(obs_date_raw as date)  as obs_date,
    try_cast(value_raw as double)   as value,
    realtime_start,
    realtime_end
  from base
)
select * from typed
[0m17:22:10.521659 [debug] [Thread-1 (]: dbt.adapters.athena.constants adapter: Athena query ID 2aa1d52c-6954-49ca-82ef-4736feb4deb9
[0m17:22:16.643984 [debug] [Thread-1 (]: dbt.adapters.athena.constants adapter: Athena query ID 359bc3c9-4931-4208-bdf1-c52a9cdf9dda
[0m17:22:23.633137 [debug] [Thread-1 (]: dbt.adapters.athena.constants adapter: Athena query ID a62d41e0-567c-4dcd-89e1-99f37c1c200d
[0m17:22:38.421500 [debug] [Thread-1 (]: dbt.adapters.athena.constants adapter: Athena query ID 08962ec7-4567-4aca-8113-19640b577905
[0m17:22:48.014555 [debug] [Thread-1 (]: dbt.adapters.athena.constants adapter: Athena query ID 10110d00-5f42-4a32-9fe8-f94ce75a890e
[0m17:22:55.611007 [debug] [Thread-1 (]: dbt.adapters.athena.constants adapter: Athena query ID aab54fac-65cd-4a4f-ba74-77b7fa896815
[0m17:22:56.910818 [debug] [Thread-1 (]: dbt.adapters.athena.constants adapter: CAUGHT EXCEPTION: HIVE_COLUMN_ORDER_MISMATCH: Partition keys must be the last columns in the table and in the same order as the table properties: [series]. You may need to manually clean the data at location 's3://finance-lake-query-vk1911eu/tables/aab54fac-65cd-4a4f-ba74-77b7fa896815' before retrying. Athena will not delete data in your account.
[0m17:22:56.915586 [debug] [Thread-1 (]: On model.finance_lakehouse.fred_clean: Close
[0m17:22:56.919322 [error] [Thread-1 (]: [31mUnhandled error while executing [0m
HIVE_COLUMN_ORDER_MISMATCH: Partition keys must be the last columns in the table and in the same order as the table properties: [series]. You may need to manually clean the data at location 's3://finance-lake-query-vk1911eu/tables/aab54fac-65cd-4a4f-ba74-77b7fa896815' before retrying. Athena will not delete data in your account.
[0m17:22:56.997778 [debug] [Thread-1 (]: Traceback (most recent call last):
  File "/mnt/d/finance-lakehouse-aws/dbt/finance_dbt/.venv/lib/python3.12/site-packages/dbt/task/base.py", line 363, in safe_run
    result = self.compile_and_execute(manifest, ctx)
             ^^^^^^^^^^^^^^^^^^^^^^^^^^^^^^^^^^^^^^^
  File "/mnt/d/finance-lakehouse-aws/dbt/finance_dbt/.venv/lib/python3.12/site-packages/dbt/task/base.py", line 310, in compile_and_execute
    result = self.run(ctx.node, manifest)
             ^^^^^^^^^^^^^^^^^^^^^^^^^^^^
  File "/mnt/d/finance-lakehouse-aws/dbt/finance_dbt/.venv/lib/python3.12/site-packages/dbt/task/base.py", line 410, in run
    return self.execute(compiled_node, manifest)
           ^^^^^^^^^^^^^^^^^^^^^^^^^^^^^^^^^^^^^
  File "/mnt/d/finance-lakehouse-aws/dbt/finance_dbt/.venv/lib/python3.12/site-packages/dbt/task/run.py", line 336, in execute
    return self._execute_model(hook_ctx, context_config, model, context, materialization_macro)
           ^^^^^^^^^^^^^^^^^^^^^^^^^^^^^^^^^^^^^^^^^^^^^^^^^^^^^^^^^^^^^^^^^^^^^^^^^^^^^^^^^^^^
  File "/mnt/d/finance-lakehouse-aws/dbt/finance_dbt/.venv/lib/python3.12/site-packages/dbt/task/run.py", line 296, in _execute_model
    result = MacroGenerator(
             ^^^^^^^^^^^^^^^
  File "/mnt/d/finance-lakehouse-aws/dbt/finance_dbt/.venv/lib/python3.12/site-packages/dbt/clients/jinja.py", line 82, in __call__
    return self.call_macro(*args, **kwargs)
           ^^^^^^^^^^^^^^^^^^^^^^^^^^^^^^^^
  File "/mnt/d/finance-lakehouse-aws/dbt/finance_dbt/.venv/lib/python3.12/site-packages/dbt_common/clients/jinja.py", line 395, in call_macro
    return macro(*args, **kwargs)
           ^^^^^^^^^^^^^^^^^^^^^^
  File "/mnt/d/finance-lakehouse-aws/dbt/finance_dbt/.venv/lib/python3.12/site-packages/jinja2/runtime.py", line 770, in __call__
    return self._invoke(arguments, autoescape)
           ^^^^^^^^^^^^^^^^^^^^^^^^^^^^^^^^^^^
  File "/mnt/d/finance-lakehouse-aws/dbt/finance_dbt/.venv/lib/python3.12/site-packages/jinja2/runtime.py", line 784, in _invoke
    rv = self._func(*arguments)
         ^^^^^^^^^^^^^^^^^^^^^^
  File "<template>", line 171, in macro
  File "/mnt/d/finance-lakehouse-aws/dbt/finance_dbt/.venv/lib/python3.12/site-packages/jinja2/sandbox.py", line 401, in call
    return __context.call(__obj, *args, **kwargs)
           ^^^^^^^^^^^^^^^^^^^^^^^^^^^^^^^^^^^^^^
  File "/mnt/d/finance-lakehouse-aws/dbt/finance_dbt/.venv/lib/python3.12/site-packages/jinja2/runtime.py", line 303, in call
    return __obj(*args, **kwargs)
           ^^^^^^^^^^^^^^^^^^^^^^
  File "/mnt/d/finance-lakehouse-aws/dbt/finance_dbt/.venv/lib/python3.12/site-packages/dbt/clients/jinja.py", line 82, in __call__
    return self.call_macro(*args, **kwargs)
           ^^^^^^^^^^^^^^^^^^^^^^^^^^^^^^^^
  File "/mnt/d/finance-lakehouse-aws/dbt/finance_dbt/.venv/lib/python3.12/site-packages/dbt_common/clients/jinja.py", line 395, in call_macro
    return macro(*args, **kwargs)
           ^^^^^^^^^^^^^^^^^^^^^^
  File "/mnt/d/finance-lakehouse-aws/dbt/finance_dbt/.venv/lib/python3.12/site-packages/jinja2/runtime.py", line 770, in __call__
    return self._invoke(arguments, autoescape)
           ^^^^^^^^^^^^^^^^^^^^^^^^^^^^^^^^^^^
  File "/mnt/d/finance-lakehouse-aws/dbt/finance_dbt/.venv/lib/python3.12/site-packages/jinja2/runtime.py", line 784, in _invoke
    rv = self._func(*arguments)
         ^^^^^^^^^^^^^^^^^^^^^^
  File "<template>", line 50, in macro
  File "/mnt/d/finance-lakehouse-aws/dbt/finance_dbt/.venv/lib/python3.12/site-packages/jinja2/sandbox.py", line 401, in call
    return __context.call(__obj, *args, **kwargs)
           ^^^^^^^^^^^^^^^^^^^^^^^^^^^^^^^^^^^^^^
  File "/mnt/d/finance-lakehouse-aws/dbt/finance_dbt/.venv/lib/python3.12/site-packages/jinja2/runtime.py", line 303, in call
    return __obj(*args, **kwargs)
           ^^^^^^^^^^^^^^^^^^^^^^
  File "/mnt/d/finance-lakehouse-aws/dbt/finance_dbt/.venv/lib/python3.12/site-packages/dbt/adapters/athena/impl.py", line 1399, in run_query_with_partitions_limit_catching
    raise e
  File "/mnt/d/finance-lakehouse-aws/dbt/finance_dbt/.venv/lib/python3.12/site-packages/dbt/adapters/athena/impl.py", line 1395, in run_query_with_partitions_limit_catching
    cursor = self._run_query(sql, catch_partitions_limit=True)
             ^^^^^^^^^^^^^^^^^^^^^^^^^^^^^^^^^^^^^^^^^^^^^^^^^
  File "/mnt/d/finance-lakehouse-aws/dbt/finance_dbt/.venv/lib/python3.12/site-packages/dbt/adapters/athena/impl.py", line 1480, in _run_query
    raise e
  File "/mnt/d/finance-lakehouse-aws/dbt/finance_dbt/.venv/lib/python3.12/site-packages/dbt/adapters/athena/impl.py", line 1477, in _run_query
    cursor.execute(query, catch_partitions_limit=catch_partitions_limit)
  File "/mnt/d/finance-lakehouse-aws/dbt/finance_dbt/.venv/lib/python3.12/site-packages/dbt/adapters/athena/connections.py", line 229, in execute
    return inner()
           ^^^^^^^
  File "/mnt/d/finance-lakehouse-aws/dbt/finance_dbt/.venv/lib/python3.12/site-packages/tenacity/__init__.py", line 338, in wrapped_f
    return copy(f, *args, **kw)
           ^^^^^^^^^^^^^^^^^^^^
  File "/mnt/d/finance-lakehouse-aws/dbt/finance_dbt/.venv/lib/python3.12/site-packages/tenacity/__init__.py", line 477, in __call__
    do = self.iter(retry_state=retry_state)
         ^^^^^^^^^^^^^^^^^^^^^^^^^^^^^^^^^^
  File "/mnt/d/finance-lakehouse-aws/dbt/finance_dbt/.venv/lib/python3.12/site-packages/tenacity/__init__.py", line 378, in iter
    result = action(retry_state)
             ^^^^^^^^^^^^^^^^^^^
  File "/mnt/d/finance-lakehouse-aws/dbt/finance_dbt/.venv/lib/python3.12/site-packages/tenacity/__init__.py", line 420, in exc_check
    raise retry_exc.reraise()
          ^^^^^^^^^^^^^^^^^^^
  File "/mnt/d/finance-lakehouse-aws/dbt/finance_dbt/.venv/lib/python3.12/site-packages/tenacity/__init__.py", line 187, in reraise
    raise self.last_attempt.result()
          ^^^^^^^^^^^^^^^^^^^^^^^^^^
  File "/usr/lib/python3.12/concurrent/futures/_base.py", line 449, in result
    return self.__get_result()
           ^^^^^^^^^^^^^^^^^^^
  File "/usr/lib/python3.12/concurrent/futures/_base.py", line 401, in __get_result
    raise self._exception
  File "/mnt/d/finance-lakehouse-aws/dbt/finance_dbt/.venv/lib/python3.12/site-packages/tenacity/__init__.py", line 480, in __call__
    result = fn(*args, **kwargs)
             ^^^^^^^^^^^^^^^^^^^
  File "/mnt/d/finance-lakehouse-aws/dbt/finance_dbt/.venv/lib/python3.12/site-packages/dbt/adapters/athena/connections.py", line 227, in inner
    return execute_with_iceberg_retries()
           ^^^^^^^^^^^^^^^^^^^^^^^^^^^^^^
  File "/mnt/d/finance-lakehouse-aws/dbt/finance_dbt/.venv/lib/python3.12/site-packages/tenacity/__init__.py", line 338, in wrapped_f
    return copy(f, *args, **kw)
           ^^^^^^^^^^^^^^^^^^^^
  File "/mnt/d/finance-lakehouse-aws/dbt/finance_dbt/.venv/lib/python3.12/site-packages/tenacity/__init__.py", line 477, in __call__
    do = self.iter(retry_state=retry_state)
         ^^^^^^^^^^^^^^^^^^^^^^^^^^^^^^^^^^
  File "/mnt/d/finance-lakehouse-aws/dbt/finance_dbt/.venv/lib/python3.12/site-packages/tenacity/__init__.py", line 378, in iter
    result = action(retry_state)
             ^^^^^^^^^^^^^^^^^^^
  File "/mnt/d/finance-lakehouse-aws/dbt/finance_dbt/.venv/lib/python3.12/site-packages/tenacity/__init__.py", line 400, in <lambda>
    self._add_action_func(lambda rs: rs.outcome.result())
                                     ^^^^^^^^^^^^^^^^^^^
  File "/usr/lib/python3.12/concurrent/futures/_base.py", line 449, in result
    return self.__get_result()
           ^^^^^^^^^^^^^^^^^^^
  File "/usr/lib/python3.12/concurrent/futures/_base.py", line 401, in __get_result
    raise self._exception
  File "/mnt/d/finance-lakehouse-aws/dbt/finance_dbt/.venv/lib/python3.12/site-packages/tenacity/__init__.py", line 480, in __call__
    result = fn(*args, **kwargs)
             ^^^^^^^^^^^^^^^^^^^
  File "/mnt/d/finance-lakehouse-aws/dbt/finance_dbt/.venv/lib/python3.12/site-packages/dbt/adapters/athena/connections.py", line 225, in execute_with_iceberg_retries
    raise OperationalError(query_execution.state_change_reason)
pyathena.error.OperationalError: HIVE_COLUMN_ORDER_MISMATCH: Partition keys must be the last columns in the table and in the same order as the table properties: [series]. You may need to manually clean the data at location 's3://finance-lake-query-vk1911eu/tables/aab54fac-65cd-4a4f-ba74-77b7fa896815' before retrying. Athena will not delete data in your account.

[0m17:22:57.002810 [debug] [Thread-1 (]: Sending event: {'category': 'dbt', 'action': 'run_model', 'label': '5ec58e73-1c8b-4472-b5f5-0f1755d9fd30', 'context': [<snowplow_tracker.self_describing_json.SelfDescribingJson object at 0x7fb35ff7b230>]}
[0m17:22:57.007507 [error] [Thread-1 (]: 2 of 2 ERROR creating sql table model finance-lake_db.fred_clean ............... [[31mERROR[0m in 76.91s]
[0m17:22:57.011154 [debug] [Thread-1 (]: Finished running node model.finance_lakehouse.fred_clean
[0m17:22:57.015122 [debug] [Thread-4 (]: Marking all children of 'model.finance_lakehouse.fred_clean' to be skipped because of status 'error'.  Reason: HIVE_COLUMN_ORDER_MISMATCH: Partition keys must be the last columns in the table and in the same order as the table properties: [series]. You may need to manually clean the data at location 's3://finance-lake-query-vk1911eu/tables/aab54fac-65cd-4a4f-ba74-77b7fa896815' before retrying. Athena will not delete data in your account..
[0m17:22:57.036710 [debug] [MainThread]: Connection 'master' was properly closed.
[0m17:22:57.041314 [debug] [MainThread]: Connection 'model.finance_lakehouse.fred_clean' was properly closed.
[0m17:22:57.048558 [info ] [MainThread]: 
[0m17:22:57.054163 [info ] [MainThread]: Finished running 2 table models in 0 hours 4 minutes and 27.71 seconds (267.71s).
[0m17:22:57.060767 [debug] [MainThread]: Command end result
[0m17:22:57.196860 [debug] [MainThread]: Wrote artifact WritableManifest to /mnt/d/finance-lakehouse-aws/dbt/finance_dbt/target/manifest.json
[0m17:22:57.265668 [debug] [MainThread]: Wrote artifact SemanticManifest to /mnt/d/finance-lakehouse-aws/dbt/finance_dbt/target/semantic_manifest.json
[0m17:22:57.294029 [debug] [MainThread]: Wrote artifact RunExecutionResult to /mnt/d/finance-lakehouse-aws/dbt/finance_dbt/target/run_results.json
[0m17:22:57.298367 [info ] [MainThread]: 
[0m17:22:57.304913 [info ] [MainThread]: [31mCompleted with 2 errors, 0 partial successes, and 0 warnings:[0m
[0m17:22:57.308186 [info ] [MainThread]: 
[0m17:22:57.311402 [error] [MainThread]: [31mFailure in model equities_clean (models/silver/equities_clean.sql)[0m
[0m17:22:57.316887 [error] [MainThread]:   HIVE_COLUMN_ORDER_MISMATCH: Partition keys must be the last columns in the table and in the same order as the table properties: [symbol, year]. You may need to manually clean the data at location 's3://finance-lake-query-vk1911eu/tables/4050c00a-f605-4042-a4fb-21c1222f3d4b' before retrying. Athena will not delete data in your account.
[0m17:22:57.323269 [info ] [MainThread]: 
[0m17:22:57.328331 [info ] [MainThread]:   compiled code at target/compiled/finance_lakehouse/models/silver/equities_clean.sql
[0m17:22:57.333150 [info ] [MainThread]: 
[0m17:22:57.337302 [error] [MainThread]: [31mFailure in model fred_clean (models/silver/fred_clean.sql)[0m
[0m17:22:57.342929 [error] [MainThread]:   HIVE_COLUMN_ORDER_MISMATCH: Partition keys must be the last columns in the table and in the same order as the table properties: [series]. You may need to manually clean the data at location 's3://finance-lake-query-vk1911eu/tables/aab54fac-65cd-4a4f-ba74-77b7fa896815' before retrying. Athena will not delete data in your account.
[0m17:22:57.346771 [info ] [MainThread]: 
[0m17:22:57.351721 [info ] [MainThread]:   compiled code at target/compiled/finance_lakehouse/models/silver/fred_clean.sql
[0m17:22:57.360260 [info ] [MainThread]: 
[0m17:22:57.366450 [info ] [MainThread]: Done. PASS=0 WARN=0 ERROR=2 SKIP=0 NO-OP=0 TOTAL=2
[0m17:22:57.386051 [debug] [MainThread]: Resource report: {"command_name": "run", "command_success": false, "command_wall_clock_time": 329.63876, "process_in_blocks": "12896", "process_kernel_time": 7.774589, "process_mem_max_rss": "184736", "process_out_blocks": "0", "process_user_time": 7.903999}
[0m17:22:57.390988 [debug] [MainThread]: Command `dbt run` failed at 17:22:57.390668 after 329.65 seconds
[0m17:22:57.395727 [debug] [MainThread]: Sending event: {'category': 'dbt', 'action': 'invocation', 'label': 'end', 'context': [<snowplow_tracker.self_describing_json.SelfDescribingJson object at 0x7fb3a7cb7740>, <snowplow_tracker.self_describing_json.SelfDescribingJson object at 0x7fb3a8b62510>, <snowplow_tracker.self_describing_json.SelfDescribingJson object at 0x7fb3a6ad2cc0>]}
[0m17:22:57.399268 [debug] [MainThread]: Flushing usage events
[0m17:22:58.694028 [debug] [MainThread]: An error was encountered while trying to flush usage events
[0m17:46:20.645839 [debug] [MainThread]: Sending event: {'category': 'dbt', 'action': 'invocation', 'label': 'start', 'context': [<snowplow_tracker.self_describing_json.SelfDescribingJson object at 0x7f41eaab3c20>, <snowplow_tracker.self_describing_json.SelfDescribingJson object at 0x7f41eaa13b30>, <snowplow_tracker.self_describing_json.SelfDescribingJson object at 0x7f41ea585af0>]}


============================== 17:46:20.694490 | 1b5b9aac-3da5-47a5-922d-44c60de13f63 ==============================
[0m17:46:20.694490 [info ] [MainThread]: Running with dbt=1.10.13
[0m17:46:20.699177 [debug] [MainThread]: running dbt with arguments {'log_path': '/mnt/d/finance-lakehouse-aws/dbt/finance_dbt/logs', 'log_format': 'default', 'profiles_dir': '/home/vaishu19/.dbt', 'write_json': 'True', 'use_colors': 'True', 'static_parser': 'True', 'printer_width': '80', 'invocation_command': 'dbt clean', 'empty': 'None', 'partial_parse': 'True', 'introspect': 'True', 'version_check': 'True', 'debug': 'False', 'indirect_selection': 'eager', 'fail_fast': 'False', 'log_cache_events': 'False', 'warn_error': 'None', 'use_experimental_parser': 'False', 'target_path': 'None', 'no_print': 'None', 'cache_selected_only': 'False', 'quiet': 'False', 'send_anonymous_usage_stats': 'True', 'warn_error_options': 'WarnErrorOptionsV2(error=[], warn=[], silence=[])'}
[0m17:46:21.955511 [debug] [MainThread]: Sending event: {'category': 'dbt', 'action': 'project_id', 'label': '1b5b9aac-3da5-47a5-922d-44c60de13f63', 'context': [<snowplow_tracker.self_describing_json.SelfDescribingJson object at 0x7f41e9a78d10>]}
[0m17:46:22.945837 [debug] [MainThread]: Resource report: {"command_name": "clean", "command_success": true, "command_wall_clock_time": 2.4332802, "process_in_blocks": "12016", "process_kernel_time": 3.282506, "process_mem_max_rss": "101244", "process_out_blocks": "0", "process_user_time": 3.322659}
[0m17:46:22.950793 [debug] [MainThread]: Command `dbt clean` succeeded at 17:46:22.950572 after 2.44 seconds
[0m17:46:22.954171 [debug] [MainThread]: Sending event: {'category': 'dbt', 'action': 'invocation', 'label': 'end', 'context': [<snowplow_tracker.self_describing_json.SelfDescribingJson object at 0x7f41e9ed13a0>, <snowplow_tracker.self_describing_json.SelfDescribingJson object at 0x7f41ebec4770>, <snowplow_tracker.self_describing_json.SelfDescribingJson object at 0x7f41ea5155e0>]}
[0m17:46:22.957897 [debug] [MainThread]: Flushing usage events
[0m17:46:24.071476 [debug] [MainThread]: An error was encountered while trying to flush usage events
[0m17:47:18.926437 [debug] [MainThread]: Sending event: {'category': 'dbt', 'action': 'invocation', 'label': 'start', 'context': [<snowplow_tracker.self_describing_json.SelfDescribingJson object at 0x7f41332ecb00>, <snowplow_tracker.self_describing_json.SelfDescribingJson object at 0x7f41334775c0>, <snowplow_tracker.self_describing_json.SelfDescribingJson object at 0x7f41333fe750>]}


============================== 17:47:18.962215 | 00e86e7f-946a-41c2-aa9c-cb5a0dee963d ==============================
[0m17:47:18.962215 [info ] [MainThread]: Running with dbt=1.10.13
[0m17:47:18.964533 [debug] [MainThread]: running dbt with arguments {'use_colors': 'True', 'invocation_command': 'dbt run -s silver --full-refresh', 'log_cache_events': 'False', 'no_print': 'None', 'send_anonymous_usage_stats': 'True', 'partial_parse': 'True', 'quiet': 'False', 'warn_error': 'None', 'printer_width': '80', 'debug': 'False', 'indirect_selection': 'eager', 'cache_selected_only': 'False', 'warn_error_options': 'WarnErrorOptionsV2(error=[], warn=[], silence=[])', 'static_parser': 'True', 'target_path': 'None', 'log_format': 'default', 'log_path': '/mnt/d/finance-lakehouse-aws/dbt/finance_dbt/logs', 'write_json': 'True', 'version_check': 'True', 'empty': 'False', 'profiles_dir': '/home/vaishu19/.dbt', 'fail_fast': 'False', 'use_experimental_parser': 'False', 'introspect': 'True'}
[0m17:47:42.806058 [debug] [MainThread]: Sending event: {'category': 'dbt', 'action': 'project_id', 'label': '00e86e7f-946a-41c2-aa9c-cb5a0dee963d', 'context': [<snowplow_tracker.self_describing_json.SelfDescribingJson object at 0x7f413545e780>]}
[0m17:47:42.941748 [debug] [MainThread]: Sending event: {'category': 'dbt', 'action': 'adapter_info', 'label': '00e86e7f-946a-41c2-aa9c-cb5a0dee963d', 'context': [<snowplow_tracker.self_describing_json.SelfDescribingJson object at 0x7f4136cf8140>]}
[0m17:47:43.003854 [info ] [MainThread]: Registered adapter: athena=1.9.5
[0m17:48:26.199064 [debug] [MainThread]: checksum: 9f0c81e2574b4ff463f3d16d080df83c6982fc0372c9feeacae0504ac9ea3ffe, vars: {}, profile: , target: , version: 1.10.13
[0m17:48:26.240508 [info ] [MainThread]: Unable to do partial parsing because saved manifest not found. Starting full parse.
[0m17:48:26.244505 [debug] [MainThread]: Sending event: {'category': 'dbt', 'action': 'partial_parser', 'label': '00e86e7f-946a-41c2-aa9c-cb5a0dee963d', 'context': [<snowplow_tracker.self_describing_json.SelfDescribingJson object at 0x7f4131be1220>]}
[0m17:48:37.825199 [debug] [MainThread]: Sending event: {'category': 'dbt', 'action': 'load_project', 'label': '00e86e7f-946a-41c2-aa9c-cb5a0dee963d', 'context': [<snowplow_tracker.self_describing_json.SelfDescribingJson object at 0x7f41318cf7a0>]}
[0m17:48:38.074777 [debug] [MainThread]: Wrote artifact WritableManifest to /mnt/d/finance-lakehouse-aws/dbt/finance_dbt/target/manifest.json
[0m17:48:38.162061 [debug] [MainThread]: Wrote artifact SemanticManifest to /mnt/d/finance-lakehouse-aws/dbt/finance_dbt/target/semantic_manifest.json
[0m17:48:39.908427 [debug] [MainThread]: Sending event: {'category': 'dbt', 'action': 'resource_counts', 'label': '00e86e7f-946a-41c2-aa9c-cb5a0dee963d', 'context': [<snowplow_tracker.self_describing_json.SelfDescribingJson object at 0x7f41301bae40>]}
[0m17:48:39.913460 [info ] [MainThread]: Found 2 models, 2 sources, 477 macros
[0m17:48:39.919186 [debug] [MainThread]: Sending event: {'category': 'dbt', 'action': 'runnable_timing', 'label': '00e86e7f-946a-41c2-aa9c-cb5a0dee963d', 'context': [<snowplow_tracker.self_describing_json.SelfDescribingJson object at 0x7f4133c390d0>]}
[0m17:48:39.925701 [info ] [MainThread]: 
[0m17:48:39.931179 [info ] [MainThread]: Concurrency: 1 threads (target='dev')
[0m17:48:39.945572 [info ] [MainThread]: 
[0m17:48:39.951429 [debug] [MainThread]: Acquiring new athena connection 'master'
[0m17:48:39.974643 [debug] [ThreadPool]: Acquiring new athena connection 'list_AwsDataCatalog'
[0m17:48:39.988612 [debug] [ThreadPool]: Opening a new connection, currently in state init
[0m17:49:32.370185 [debug] [ThreadPool]: On list_AwsDataCatalog: Close
[0m17:49:32.381531 [debug] [ThreadPool]: Acquiring new athena connection 'list_AwsDataCatalog_finance-lake_db'
[0m17:49:32.386671 [debug] [ThreadPool]: Opening a new connection, currently in state init
[0m17:50:19.747500 [debug] [ThreadPool]: On list_AwsDataCatalog_finance-lake_db: Close
[0m17:50:19.753563 [debug] [MainThread]: Sending event: {'category': 'dbt', 'action': 'runnable_timing', 'label': '00e86e7f-946a-41c2-aa9c-cb5a0dee963d', 'context': [<snowplow_tracker.self_describing_json.SelfDescribingJson object at 0x7f41321f41d0>]}
[0m17:50:19.764278 [debug] [Thread-1 (]: Began running node model.finance_lakehouse.equities_clean
[0m17:50:19.768859 [info ] [Thread-1 (]: 1 of 2 START sql table model finance-lake_db.equities_clean .................... [RUN]
[0m17:50:19.775062 [debug] [Thread-1 (]: Re-using an available connection from the pool (formerly list_AwsDataCatalog_finance-lake_db, now model.finance_lakehouse.equities_clean)
[0m17:50:19.779657 [debug] [Thread-1 (]: Began compiling node model.finance_lakehouse.equities_clean
[0m17:50:19.794031 [debug] [Thread-1 (]: Writing injected SQL for node "model.finance_lakehouse.equities_clean"
[0m17:50:19.886493 [debug] [Thread-1 (]: Began executing node model.finance_lakehouse.equities_clean
[0m17:50:19.958508 [debug] [Thread-1 (]: Skip partitioning: False
[0m17:50:19.962691 [debug] [Thread-1 (]: dbt.adapters.athena.constants adapter: get_work_group for %s
[0m17:50:19.967066 [debug] [Thread-1 (]: Opening a new connection, currently in state closed
[0m17:50:56.214363 [debug] [Thread-1 (]: dbt.adapters.athena.constants adapter: S3 path does not exist
[0m17:50:56.219715 [debug] [Thread-1 (]: dbt.adapters.athena.constants adapter: Running Athena query:
-- /* {"app": "dbt", "dbt_version": "1.10.13", "profile_name": "finance_lakehouse", "target_name": "dev", "node_id": "model.finance_lakehouse.equities_clean"} */
create table "AwsDataCatalog"."finance-lake_db"."equities_clean"
    with (
      table_type='external',
      is_external=true,external_location='s3://finance-lake-query-vk1911eu/tables/finance-lake_db/equities_clean/a61734d6-b771-4277-ac3f-915d6473d1a5',
      partitioned_by=ARRAY['symbol', 'year'],
      format='parquet'
    )
    as
      

with src as (
  select
      symbol,
      cast(date   as date)    as date,
      cast(open   as double)  as open,
      cast(high   as double)  as high,
      cast(low    as double)  as low,
      cast(close  as double)  as close,
      cast(volume as bigint)  as volume,
      cast(year   as int)     as year
  from "AwsDataCatalog"."finance-lake_db"."equities_stooq_raw"
)

select
    -- non-partition columns first
    date, open, high, low, close, volume,
    -- partition columns LAST, order must match partitioned_by
    symbol, year
from src
[0m17:50:56.765838 [debug] [Thread-1 (]: dbt.adapters.athena.constants adapter: Athena query ID a256537c-d205-4b1e-aadf-ee2c09cb5617
[0m17:51:09.318654 [debug] [Thread-1 (]: dbt.adapters.athena.constants adapter: Athena query ID 7ba67862-bef8-426f-b71f-30a1b3683cbb
[0m17:51:24.162854 [debug] [Thread-1 (]: dbt.adapters.athena.constants adapter: Athena query ID a97e2192-35d6-4fb6-bdb5-33026a189ebd
[0m17:51:30.055245 [debug] [Thread-1 (]: dbt.adapters.athena.constants adapter: Athena query ID d3747671-3a69-46cd-a2a2-5c2907f0a59b
[0m17:52:22.232882 [debug] [Thread-1 (]: dbt.adapters.athena.constants adapter: Athena query ID aabbc518-4aa3-45a2-875a-36daffb7d889
[0m17:53:45.491432 [debug] [Thread-1 (]: dbt.adapters.athena.constants adapter: Athena query ID 49dc1517-aad5-4d4c-9b91-c28b3c87bb76
[0m17:53:51.155823 [debug] [Thread-1 (]: dbt.adapters.athena.constants adapter: CAUGHT EXCEPTION: NOT_SUPPORTED: Table type is not supported: external. You may need to manually clean the data at location 's3://finance-lake-query-vk1911eu/tables/49dc1517-aad5-4d4c-9b91-c28b3c87bb76' before retrying. Athena will not delete data in your account.
[0m17:53:51.163516 [debug] [Thread-1 (]: On model.finance_lakehouse.equities_clean: Close
[0m17:53:51.171361 [error] [Thread-1 (]: [31mUnhandled error while executing [0m
NOT_SUPPORTED: Table type is not supported: external. You may need to manually clean the data at location 's3://finance-lake-query-vk1911eu/tables/49dc1517-aad5-4d4c-9b91-c28b3c87bb76' before retrying. Athena will not delete data in your account.
[0m17:53:51.429689 [debug] [Thread-1 (]: Traceback (most recent call last):
  File "/mnt/d/finance-lakehouse-aws/dbt/finance_dbt/.venv/lib/python3.12/site-packages/dbt/task/base.py", line 363, in safe_run
    result = self.compile_and_execute(manifest, ctx)
             ^^^^^^^^^^^^^^^^^^^^^^^^^^^^^^^^^^^^^^^
  File "/mnt/d/finance-lakehouse-aws/dbt/finance_dbt/.venv/lib/python3.12/site-packages/dbt/task/base.py", line 310, in compile_and_execute
    result = self.run(ctx.node, manifest)
             ^^^^^^^^^^^^^^^^^^^^^^^^^^^^
  File "/mnt/d/finance-lakehouse-aws/dbt/finance_dbt/.venv/lib/python3.12/site-packages/dbt/task/base.py", line 410, in run
    return self.execute(compiled_node, manifest)
           ^^^^^^^^^^^^^^^^^^^^^^^^^^^^^^^^^^^^^
  File "/mnt/d/finance-lakehouse-aws/dbt/finance_dbt/.venv/lib/python3.12/site-packages/dbt/task/run.py", line 336, in execute
    return self._execute_model(hook_ctx, context_config, model, context, materialization_macro)
           ^^^^^^^^^^^^^^^^^^^^^^^^^^^^^^^^^^^^^^^^^^^^^^^^^^^^^^^^^^^^^^^^^^^^^^^^^^^^^^^^^^^^
  File "/mnt/d/finance-lakehouse-aws/dbt/finance_dbt/.venv/lib/python3.12/site-packages/dbt/task/run.py", line 296, in _execute_model
    result = MacroGenerator(
             ^^^^^^^^^^^^^^^
  File "/mnt/d/finance-lakehouse-aws/dbt/finance_dbt/.venv/lib/python3.12/site-packages/dbt/clients/jinja.py", line 82, in __call__
    return self.call_macro(*args, **kwargs)
           ^^^^^^^^^^^^^^^^^^^^^^^^^^^^^^^^
  File "/mnt/d/finance-lakehouse-aws/dbt/finance_dbt/.venv/lib/python3.12/site-packages/dbt_common/clients/jinja.py", line 395, in call_macro
    return macro(*args, **kwargs)
           ^^^^^^^^^^^^^^^^^^^^^^
  File "/mnt/d/finance-lakehouse-aws/dbt/finance_dbt/.venv/lib/python3.12/site-packages/jinja2/runtime.py", line 770, in __call__
    return self._invoke(arguments, autoescape)
           ^^^^^^^^^^^^^^^^^^^^^^^^^^^^^^^^^^^
  File "/mnt/d/finance-lakehouse-aws/dbt/finance_dbt/.venv/lib/python3.12/site-packages/jinja2/runtime.py", line 784, in _invoke
    rv = self._func(*arguments)
         ^^^^^^^^^^^^^^^^^^^^^^
  File "<template>", line 171, in macro
  File "/mnt/d/finance-lakehouse-aws/dbt/finance_dbt/.venv/lib/python3.12/site-packages/jinja2/sandbox.py", line 401, in call
    return __context.call(__obj, *args, **kwargs)
           ^^^^^^^^^^^^^^^^^^^^^^^^^^^^^^^^^^^^^^
  File "/mnt/d/finance-lakehouse-aws/dbt/finance_dbt/.venv/lib/python3.12/site-packages/jinja2/runtime.py", line 303, in call
    return __obj(*args, **kwargs)
           ^^^^^^^^^^^^^^^^^^^^^^
  File "/mnt/d/finance-lakehouse-aws/dbt/finance_dbt/.venv/lib/python3.12/site-packages/dbt/clients/jinja.py", line 82, in __call__
    return self.call_macro(*args, **kwargs)
           ^^^^^^^^^^^^^^^^^^^^^^^^^^^^^^^^
  File "/mnt/d/finance-lakehouse-aws/dbt/finance_dbt/.venv/lib/python3.12/site-packages/dbt_common/clients/jinja.py", line 395, in call_macro
    return macro(*args, **kwargs)
           ^^^^^^^^^^^^^^^^^^^^^^
  File "/mnt/d/finance-lakehouse-aws/dbt/finance_dbt/.venv/lib/python3.12/site-packages/jinja2/runtime.py", line 770, in __call__
    return self._invoke(arguments, autoescape)
           ^^^^^^^^^^^^^^^^^^^^^^^^^^^^^^^^^^^
  File "/mnt/d/finance-lakehouse-aws/dbt/finance_dbt/.venv/lib/python3.12/site-packages/jinja2/runtime.py", line 784, in _invoke
    rv = self._func(*arguments)
         ^^^^^^^^^^^^^^^^^^^^^^
  File "<template>", line 50, in macro
  File "/mnt/d/finance-lakehouse-aws/dbt/finance_dbt/.venv/lib/python3.12/site-packages/jinja2/sandbox.py", line 401, in call
    return __context.call(__obj, *args, **kwargs)
           ^^^^^^^^^^^^^^^^^^^^^^^^^^^^^^^^^^^^^^
  File "/mnt/d/finance-lakehouse-aws/dbt/finance_dbt/.venv/lib/python3.12/site-packages/jinja2/runtime.py", line 303, in call
    return __obj(*args, **kwargs)
           ^^^^^^^^^^^^^^^^^^^^^^
  File "/mnt/d/finance-lakehouse-aws/dbt/finance_dbt/.venv/lib/python3.12/site-packages/dbt/adapters/athena/impl.py", line 1399, in run_query_with_partitions_limit_catching
    raise e
  File "/mnt/d/finance-lakehouse-aws/dbt/finance_dbt/.venv/lib/python3.12/site-packages/dbt/adapters/athena/impl.py", line 1395, in run_query_with_partitions_limit_catching
    cursor = self._run_query(sql, catch_partitions_limit=True)
             ^^^^^^^^^^^^^^^^^^^^^^^^^^^^^^^^^^^^^^^^^^^^^^^^^
  File "/mnt/d/finance-lakehouse-aws/dbt/finance_dbt/.venv/lib/python3.12/site-packages/dbt/adapters/athena/impl.py", line 1480, in _run_query
    raise e
  File "/mnt/d/finance-lakehouse-aws/dbt/finance_dbt/.venv/lib/python3.12/site-packages/dbt/adapters/athena/impl.py", line 1477, in _run_query
    cursor.execute(query, catch_partitions_limit=catch_partitions_limit)
  File "/mnt/d/finance-lakehouse-aws/dbt/finance_dbt/.venv/lib/python3.12/site-packages/dbt/adapters/athena/connections.py", line 229, in execute
    return inner()
           ^^^^^^^
  File "/mnt/d/finance-lakehouse-aws/dbt/finance_dbt/.venv/lib/python3.12/site-packages/tenacity/__init__.py", line 338, in wrapped_f
    return copy(f, *args, **kw)
           ^^^^^^^^^^^^^^^^^^^^
  File "/mnt/d/finance-lakehouse-aws/dbt/finance_dbt/.venv/lib/python3.12/site-packages/tenacity/__init__.py", line 477, in __call__
    do = self.iter(retry_state=retry_state)
         ^^^^^^^^^^^^^^^^^^^^^^^^^^^^^^^^^^
  File "/mnt/d/finance-lakehouse-aws/dbt/finance_dbt/.venv/lib/python3.12/site-packages/tenacity/__init__.py", line 378, in iter
    result = action(retry_state)
             ^^^^^^^^^^^^^^^^^^^
  File "/mnt/d/finance-lakehouse-aws/dbt/finance_dbt/.venv/lib/python3.12/site-packages/tenacity/__init__.py", line 420, in exc_check
    raise retry_exc.reraise()
          ^^^^^^^^^^^^^^^^^^^
  File "/mnt/d/finance-lakehouse-aws/dbt/finance_dbt/.venv/lib/python3.12/site-packages/tenacity/__init__.py", line 187, in reraise
    raise self.last_attempt.result()
          ^^^^^^^^^^^^^^^^^^^^^^^^^^
  File "/usr/lib/python3.12/concurrent/futures/_base.py", line 449, in result
    return self.__get_result()
           ^^^^^^^^^^^^^^^^^^^
  File "/usr/lib/python3.12/concurrent/futures/_base.py", line 401, in __get_result
    raise self._exception
  File "/mnt/d/finance-lakehouse-aws/dbt/finance_dbt/.venv/lib/python3.12/site-packages/tenacity/__init__.py", line 480, in __call__
    result = fn(*args, **kwargs)
             ^^^^^^^^^^^^^^^^^^^
  File "/mnt/d/finance-lakehouse-aws/dbt/finance_dbt/.venv/lib/python3.12/site-packages/dbt/adapters/athena/connections.py", line 227, in inner
    return execute_with_iceberg_retries()
           ^^^^^^^^^^^^^^^^^^^^^^^^^^^^^^
  File "/mnt/d/finance-lakehouse-aws/dbt/finance_dbt/.venv/lib/python3.12/site-packages/tenacity/__init__.py", line 338, in wrapped_f
    return copy(f, *args, **kw)
           ^^^^^^^^^^^^^^^^^^^^
  File "/mnt/d/finance-lakehouse-aws/dbt/finance_dbt/.venv/lib/python3.12/site-packages/tenacity/__init__.py", line 477, in __call__
    do = self.iter(retry_state=retry_state)
         ^^^^^^^^^^^^^^^^^^^^^^^^^^^^^^^^^^
  File "/mnt/d/finance-lakehouse-aws/dbt/finance_dbt/.venv/lib/python3.12/site-packages/tenacity/__init__.py", line 378, in iter
    result = action(retry_state)
             ^^^^^^^^^^^^^^^^^^^
  File "/mnt/d/finance-lakehouse-aws/dbt/finance_dbt/.venv/lib/python3.12/site-packages/tenacity/__init__.py", line 400, in <lambda>
    self._add_action_func(lambda rs: rs.outcome.result())
                                     ^^^^^^^^^^^^^^^^^^^
  File "/usr/lib/python3.12/concurrent/futures/_base.py", line 449, in result
    return self.__get_result()
           ^^^^^^^^^^^^^^^^^^^
  File "/usr/lib/python3.12/concurrent/futures/_base.py", line 401, in __get_result
    raise self._exception
  File "/mnt/d/finance-lakehouse-aws/dbt/finance_dbt/.venv/lib/python3.12/site-packages/tenacity/__init__.py", line 480, in __call__
    result = fn(*args, **kwargs)
             ^^^^^^^^^^^^^^^^^^^
  File "/mnt/d/finance-lakehouse-aws/dbt/finance_dbt/.venv/lib/python3.12/site-packages/dbt/adapters/athena/connections.py", line 225, in execute_with_iceberg_retries
    raise OperationalError(query_execution.state_change_reason)
pyathena.error.OperationalError: NOT_SUPPORTED: Table type is not supported: external. You may need to manually clean the data at location 's3://finance-lake-query-vk1911eu/tables/49dc1517-aad5-4d4c-9b91-c28b3c87bb76' before retrying. Athena will not delete data in your account.

[0m17:53:51.487100 [debug] [Thread-1 (]: Sending event: {'category': 'dbt', 'action': 'run_model', 'label': '00e86e7f-946a-41c2-aa9c-cb5a0dee963d', 'context': [<snowplow_tracker.self_describing_json.SelfDescribingJson object at 0x7f412bd22c90>]}
[0m17:53:51.496088 [error] [Thread-1 (]: 1 of 2 ERROR creating sql table model finance-lake_db.equities_clean ........... [[31mERROR[0m in 211.66s]
[0m17:53:51.502097 [debug] [Thread-1 (]: Finished running node model.finance_lakehouse.equities_clean
[0m17:53:51.507273 [debug] [Thread-1 (]: Began running node model.finance_lakehouse.fred_clean
[0m17:53:51.510057 [debug] [Thread-4 (]: Marking all children of 'model.finance_lakehouse.equities_clean' to be skipped because of status 'error'.  Reason: NOT_SUPPORTED: Table type is not supported: external. You may need to manually clean the data at location 's3://finance-lake-query-vk1911eu/tables/49dc1517-aad5-4d4c-9b91-c28b3c87bb76' before retrying. Athena will not delete data in your account..
[0m17:53:51.514681 [info ] [Thread-1 (]: 2 of 2 START sql table model finance-lake_db.fred_clean ........................ [RUN]
[0m17:53:51.533013 [debug] [Thread-1 (]: Re-using an available connection from the pool (formerly model.finance_lakehouse.equities_clean, now model.finance_lakehouse.fred_clean)
[0m17:53:51.539700 [debug] [Thread-1 (]: Began compiling node model.finance_lakehouse.fred_clean
[0m17:53:51.562811 [debug] [Thread-1 (]: Writing injected SQL for node "model.finance_lakehouse.fred_clean"
[0m17:53:51.598207 [debug] [Thread-1 (]: Began executing node model.finance_lakehouse.fred_clean
[0m17:53:51.605559 [debug] [Thread-1 (]: Skip partitioning: False
[0m17:53:51.609918 [debug] [Thread-1 (]: Opening a new connection, currently in state closed
[0m17:54:26.962696 [debug] [Thread-1 (]: dbt.adapters.athena.constants adapter: S3 path does not exist
[0m17:54:26.966923 [debug] [Thread-1 (]: dbt.adapters.athena.constants adapter: Running Athena query:
-- /* {"app": "dbt", "dbt_version": "1.10.13", "profile_name": "finance_lakehouse", "target_name": "dev", "node_id": "model.finance_lakehouse.fred_clean"} */
create table "AwsDataCatalog"."finance-lake_db"."fred_clean"
    with (
      table_type='external',
      is_external=true,external_location='s3://finance-lake-query-vk1911eu/tables/finance-lake_db/fred_clean/643a7da4-15e1-4bad-b736-0e13ef962ff5',
      partitioned_by=ARRAY['series'],
      format='parquet'
    )
    as
      

with src as (
  select
      series,
      cast(obs_date as date)  as date,
      cast(value    as double) as value
  from "AwsDataCatalog"."finance-lake_db"."fred_raw"
)

select
    -- non-partition columns first
    date,
    value,
    -- partition column LAST (must match partitioned_by)
    series
from src
[0m17:54:27.696019 [debug] [Thread-1 (]: dbt.adapters.athena.constants adapter: Athena query ID f35422bf-2453-4c1e-baee-135b1d9c1b97
[0m17:54:34.017373 [debug] [Thread-1 (]: dbt.adapters.athena.constants adapter: Athena query ID 97b761a3-d6c3-4b68-90a4-103e43c3e524
[0m17:54:41.254741 [debug] [Thread-1 (]: dbt.adapters.athena.constants adapter: Athena query ID cc41ea41-1a51-4d1d-9f98-ed4610dea619
[0m17:54:44.407355 [debug] [Thread-1 (]: dbt.adapters.athena.constants adapter: Athena query ID d9aa255a-f50b-4e7f-927c-943f34460520
[0m17:55:22.314011 [debug] [Thread-1 (]: dbt.adapters.athena.constants adapter: Athena query ID 8325b2c0-bc7b-4fc4-b82c-dfdf00b68ffa
[0m17:56:54.549185 [debug] [Thread-1 (]: dbt.adapters.athena.constants adapter: Athena query ID 9a7c6bd6-ea76-47f7-bbf8-82505ec03d86
[0m17:56:55.763210 [debug] [Thread-1 (]: dbt.adapters.athena.constants adapter: CAUGHT EXCEPTION: COLUMN_NOT_FOUND: line 12:11: Column 'obs_date' cannot be resolved or requester is not authorized to access requested resources. You may need to manually clean the data at location 's3://finance-lake-query-vk1911eu/tables/9a7c6bd6-ea76-47f7-bbf8-82505ec03d86' before retrying. Athena will not delete data in your account.
[0m17:56:55.770372 [debug] [Thread-1 (]: On model.finance_lakehouse.fred_clean: Close
[0m17:56:55.774668 [error] [Thread-1 (]: [31mUnhandled error while executing [0m
COLUMN_NOT_FOUND: line 12:11: Column 'obs_date' cannot be resolved or requester is not authorized to access requested resources. You may need to manually clean the data at location 's3://finance-lake-query-vk1911eu/tables/9a7c6bd6-ea76-47f7-bbf8-82505ec03d86' before retrying. Athena will not delete data in your account.
[0m17:56:55.860025 [debug] [Thread-1 (]: Traceback (most recent call last):
  File "/mnt/d/finance-lakehouse-aws/dbt/finance_dbt/.venv/lib/python3.12/site-packages/dbt/task/base.py", line 363, in safe_run
    result = self.compile_and_execute(manifest, ctx)
             ^^^^^^^^^^^^^^^^^^^^^^^^^^^^^^^^^^^^^^^
  File "/mnt/d/finance-lakehouse-aws/dbt/finance_dbt/.venv/lib/python3.12/site-packages/dbt/task/base.py", line 310, in compile_and_execute
    result = self.run(ctx.node, manifest)
             ^^^^^^^^^^^^^^^^^^^^^^^^^^^^
  File "/mnt/d/finance-lakehouse-aws/dbt/finance_dbt/.venv/lib/python3.12/site-packages/dbt/task/base.py", line 410, in run
    return self.execute(compiled_node, manifest)
           ^^^^^^^^^^^^^^^^^^^^^^^^^^^^^^^^^^^^^
  File "/mnt/d/finance-lakehouse-aws/dbt/finance_dbt/.venv/lib/python3.12/site-packages/dbt/task/run.py", line 336, in execute
    return self._execute_model(hook_ctx, context_config, model, context, materialization_macro)
           ^^^^^^^^^^^^^^^^^^^^^^^^^^^^^^^^^^^^^^^^^^^^^^^^^^^^^^^^^^^^^^^^^^^^^^^^^^^^^^^^^^^^
  File "/mnt/d/finance-lakehouse-aws/dbt/finance_dbt/.venv/lib/python3.12/site-packages/dbt/task/run.py", line 296, in _execute_model
    result = MacroGenerator(
             ^^^^^^^^^^^^^^^
  File "/mnt/d/finance-lakehouse-aws/dbt/finance_dbt/.venv/lib/python3.12/site-packages/dbt/clients/jinja.py", line 82, in __call__
    return self.call_macro(*args, **kwargs)
           ^^^^^^^^^^^^^^^^^^^^^^^^^^^^^^^^
  File "/mnt/d/finance-lakehouse-aws/dbt/finance_dbt/.venv/lib/python3.12/site-packages/dbt_common/clients/jinja.py", line 395, in call_macro
    return macro(*args, **kwargs)
           ^^^^^^^^^^^^^^^^^^^^^^
  File "/mnt/d/finance-lakehouse-aws/dbt/finance_dbt/.venv/lib/python3.12/site-packages/jinja2/runtime.py", line 770, in __call__
    return self._invoke(arguments, autoescape)
           ^^^^^^^^^^^^^^^^^^^^^^^^^^^^^^^^^^^
  File "/mnt/d/finance-lakehouse-aws/dbt/finance_dbt/.venv/lib/python3.12/site-packages/jinja2/runtime.py", line 784, in _invoke
    rv = self._func(*arguments)
         ^^^^^^^^^^^^^^^^^^^^^^
  File "<template>", line 171, in macro
  File "/mnt/d/finance-lakehouse-aws/dbt/finance_dbt/.venv/lib/python3.12/site-packages/jinja2/sandbox.py", line 401, in call
    return __context.call(__obj, *args, **kwargs)
           ^^^^^^^^^^^^^^^^^^^^^^^^^^^^^^^^^^^^^^
  File "/mnt/d/finance-lakehouse-aws/dbt/finance_dbt/.venv/lib/python3.12/site-packages/jinja2/runtime.py", line 303, in call
    return __obj(*args, **kwargs)
           ^^^^^^^^^^^^^^^^^^^^^^
  File "/mnt/d/finance-lakehouse-aws/dbt/finance_dbt/.venv/lib/python3.12/site-packages/dbt/clients/jinja.py", line 82, in __call__
    return self.call_macro(*args, **kwargs)
           ^^^^^^^^^^^^^^^^^^^^^^^^^^^^^^^^
  File "/mnt/d/finance-lakehouse-aws/dbt/finance_dbt/.venv/lib/python3.12/site-packages/dbt_common/clients/jinja.py", line 395, in call_macro
    return macro(*args, **kwargs)
           ^^^^^^^^^^^^^^^^^^^^^^
  File "/mnt/d/finance-lakehouse-aws/dbt/finance_dbt/.venv/lib/python3.12/site-packages/jinja2/runtime.py", line 770, in __call__
    return self._invoke(arguments, autoescape)
           ^^^^^^^^^^^^^^^^^^^^^^^^^^^^^^^^^^^
  File "/mnt/d/finance-lakehouse-aws/dbt/finance_dbt/.venv/lib/python3.12/site-packages/jinja2/runtime.py", line 784, in _invoke
    rv = self._func(*arguments)
         ^^^^^^^^^^^^^^^^^^^^^^
  File "<template>", line 50, in macro
  File "/mnt/d/finance-lakehouse-aws/dbt/finance_dbt/.venv/lib/python3.12/site-packages/jinja2/sandbox.py", line 401, in call
    return __context.call(__obj, *args, **kwargs)
           ^^^^^^^^^^^^^^^^^^^^^^^^^^^^^^^^^^^^^^
  File "/mnt/d/finance-lakehouse-aws/dbt/finance_dbt/.venv/lib/python3.12/site-packages/jinja2/runtime.py", line 303, in call
    return __obj(*args, **kwargs)
           ^^^^^^^^^^^^^^^^^^^^^^
  File "/mnt/d/finance-lakehouse-aws/dbt/finance_dbt/.venv/lib/python3.12/site-packages/dbt/adapters/athena/impl.py", line 1399, in run_query_with_partitions_limit_catching
    raise e
  File "/mnt/d/finance-lakehouse-aws/dbt/finance_dbt/.venv/lib/python3.12/site-packages/dbt/adapters/athena/impl.py", line 1395, in run_query_with_partitions_limit_catching
    cursor = self._run_query(sql, catch_partitions_limit=True)
             ^^^^^^^^^^^^^^^^^^^^^^^^^^^^^^^^^^^^^^^^^^^^^^^^^
  File "/mnt/d/finance-lakehouse-aws/dbt/finance_dbt/.venv/lib/python3.12/site-packages/dbt/adapters/athena/impl.py", line 1480, in _run_query
    raise e
  File "/mnt/d/finance-lakehouse-aws/dbt/finance_dbt/.venv/lib/python3.12/site-packages/dbt/adapters/athena/impl.py", line 1477, in _run_query
    cursor.execute(query, catch_partitions_limit=catch_partitions_limit)
  File "/mnt/d/finance-lakehouse-aws/dbt/finance_dbt/.venv/lib/python3.12/site-packages/dbt/adapters/athena/connections.py", line 229, in execute
    return inner()
           ^^^^^^^
  File "/mnt/d/finance-lakehouse-aws/dbt/finance_dbt/.venv/lib/python3.12/site-packages/tenacity/__init__.py", line 338, in wrapped_f
    return copy(f, *args, **kw)
           ^^^^^^^^^^^^^^^^^^^^
  File "/mnt/d/finance-lakehouse-aws/dbt/finance_dbt/.venv/lib/python3.12/site-packages/tenacity/__init__.py", line 477, in __call__
    do = self.iter(retry_state=retry_state)
         ^^^^^^^^^^^^^^^^^^^^^^^^^^^^^^^^^^
  File "/mnt/d/finance-lakehouse-aws/dbt/finance_dbt/.venv/lib/python3.12/site-packages/tenacity/__init__.py", line 378, in iter
    result = action(retry_state)
             ^^^^^^^^^^^^^^^^^^^
  File "/mnt/d/finance-lakehouse-aws/dbt/finance_dbt/.venv/lib/python3.12/site-packages/tenacity/__init__.py", line 420, in exc_check
    raise retry_exc.reraise()
          ^^^^^^^^^^^^^^^^^^^
  File "/mnt/d/finance-lakehouse-aws/dbt/finance_dbt/.venv/lib/python3.12/site-packages/tenacity/__init__.py", line 187, in reraise
    raise self.last_attempt.result()
          ^^^^^^^^^^^^^^^^^^^^^^^^^^
  File "/usr/lib/python3.12/concurrent/futures/_base.py", line 449, in result
    return self.__get_result()
           ^^^^^^^^^^^^^^^^^^^
  File "/usr/lib/python3.12/concurrent/futures/_base.py", line 401, in __get_result
    raise self._exception
  File "/mnt/d/finance-lakehouse-aws/dbt/finance_dbt/.venv/lib/python3.12/site-packages/tenacity/__init__.py", line 480, in __call__
    result = fn(*args, **kwargs)
             ^^^^^^^^^^^^^^^^^^^
  File "/mnt/d/finance-lakehouse-aws/dbt/finance_dbt/.venv/lib/python3.12/site-packages/dbt/adapters/athena/connections.py", line 227, in inner
    return execute_with_iceberg_retries()
           ^^^^^^^^^^^^^^^^^^^^^^^^^^^^^^
  File "/mnt/d/finance-lakehouse-aws/dbt/finance_dbt/.venv/lib/python3.12/site-packages/tenacity/__init__.py", line 338, in wrapped_f
    return copy(f, *args, **kw)
           ^^^^^^^^^^^^^^^^^^^^
  File "/mnt/d/finance-lakehouse-aws/dbt/finance_dbt/.venv/lib/python3.12/site-packages/tenacity/__init__.py", line 477, in __call__
    do = self.iter(retry_state=retry_state)
         ^^^^^^^^^^^^^^^^^^^^^^^^^^^^^^^^^^
  File "/mnt/d/finance-lakehouse-aws/dbt/finance_dbt/.venv/lib/python3.12/site-packages/tenacity/__init__.py", line 378, in iter
    result = action(retry_state)
             ^^^^^^^^^^^^^^^^^^^
  File "/mnt/d/finance-lakehouse-aws/dbt/finance_dbt/.venv/lib/python3.12/site-packages/tenacity/__init__.py", line 400, in <lambda>
    self._add_action_func(lambda rs: rs.outcome.result())
                                     ^^^^^^^^^^^^^^^^^^^
  File "/usr/lib/python3.12/concurrent/futures/_base.py", line 449, in result
    return self.__get_result()
           ^^^^^^^^^^^^^^^^^^^
  File "/usr/lib/python3.12/concurrent/futures/_base.py", line 401, in __get_result
    raise self._exception
  File "/mnt/d/finance-lakehouse-aws/dbt/finance_dbt/.venv/lib/python3.12/site-packages/tenacity/__init__.py", line 480, in __call__
    result = fn(*args, **kwargs)
             ^^^^^^^^^^^^^^^^^^^
  File "/mnt/d/finance-lakehouse-aws/dbt/finance_dbt/.venv/lib/python3.12/site-packages/dbt/adapters/athena/connections.py", line 225, in execute_with_iceberg_retries
    raise OperationalError(query_execution.state_change_reason)
pyathena.error.OperationalError: COLUMN_NOT_FOUND: line 12:11: Column 'obs_date' cannot be resolved or requester is not authorized to access requested resources. You may need to manually clean the data at location 's3://finance-lake-query-vk1911eu/tables/9a7c6bd6-ea76-47f7-bbf8-82505ec03d86' before retrying. Athena will not delete data in your account.

[0m17:56:55.864843 [debug] [Thread-1 (]: Sending event: {'category': 'dbt', 'action': 'run_model', 'label': '00e86e7f-946a-41c2-aa9c-cb5a0dee963d', 'context': [<snowplow_tracker.self_describing_json.SelfDescribingJson object at 0x7f4131880a10>]}
[0m17:56:55.869074 [error] [Thread-1 (]: 2 of 2 ERROR creating sql table model finance-lake_db.fred_clean ............... [[31mERROR[0m in 184.33s]
[0m17:56:55.876397 [debug] [Thread-1 (]: Finished running node model.finance_lakehouse.fred_clean
[0m17:56:55.882011 [debug] [Thread-4 (]: Marking all children of 'model.finance_lakehouse.fred_clean' to be skipped because of status 'error'.  Reason: COLUMN_NOT_FOUND: line 12:11: Column 'obs_date' cannot be resolved or requester is not authorized to access requested resources. You may need to manually clean the data at location 's3://finance-lake-query-vk1911eu/tables/9a7c6bd6-ea76-47f7-bbf8-82505ec03d86' before retrying. Athena will not delete data in your account..
[0m17:56:55.894959 [debug] [MainThread]: Connection 'master' was properly closed.
[0m17:56:55.898704 [debug] [MainThread]: Connection 'list_AwsDataCatalog' was properly closed.
[0m17:56:55.901967 [debug] [MainThread]: Connection 'model.finance_lakehouse.fred_clean' was properly closed.
[0m17:56:55.907736 [info ] [MainThread]: 
[0m17:56:55.912125 [info ] [MainThread]: Finished running 2 table models in 0 hours 8 minutes and 15.96 seconds (495.96s).
[0m17:56:55.918465 [debug] [MainThread]: Command end result
[0m17:56:56.054972 [debug] [MainThread]: Wrote artifact WritableManifest to /mnt/d/finance-lakehouse-aws/dbt/finance_dbt/target/manifest.json
[0m17:56:56.117847 [debug] [MainThread]: Wrote artifact SemanticManifest to /mnt/d/finance-lakehouse-aws/dbt/finance_dbt/target/semantic_manifest.json
[0m17:56:56.145989 [debug] [MainThread]: Wrote artifact RunExecutionResult to /mnt/d/finance-lakehouse-aws/dbt/finance_dbt/target/run_results.json
[0m17:56:56.149514 [info ] [MainThread]: 
[0m17:56:56.155103 [info ] [MainThread]: [31mCompleted with 2 errors, 0 partial successes, and 0 warnings:[0m
[0m17:56:56.159555 [info ] [MainThread]: 
[0m17:56:56.164274 [error] [MainThread]: [31mFailure in model equities_clean (models/silver/equities_clean.sql)[0m
[0m17:56:56.169127 [error] [MainThread]:   NOT_SUPPORTED: Table type is not supported: external. You may need to manually clean the data at location 's3://finance-lake-query-vk1911eu/tables/49dc1517-aad5-4d4c-9b91-c28b3c87bb76' before retrying. Athena will not delete data in your account.
[0m17:56:56.173463 [info ] [MainThread]: 
[0m17:56:56.177144 [info ] [MainThread]:   compiled code at target/compiled/finance_lakehouse/models/silver/equities_clean.sql
[0m17:56:56.181925 [info ] [MainThread]: 
[0m17:56:56.187771 [error] [MainThread]: [31mFailure in model fred_clean (models/silver/fred_clean.sql)[0m
[0m17:56:56.193883 [error] [MainThread]:   COLUMN_NOT_FOUND: line 12:11: Column 'obs_date' cannot be resolved or requester is not authorized to access requested resources. You may need to manually clean the data at location 's3://finance-lake-query-vk1911eu/tables/9a7c6bd6-ea76-47f7-bbf8-82505ec03d86' before retrying. Athena will not delete data in your account.
[0m17:56:56.198503 [info ] [MainThread]: 
[0m17:56:56.202280 [info ] [MainThread]:   compiled code at target/compiled/finance_lakehouse/models/silver/fred_clean.sql
[0m17:56:56.206353 [info ] [MainThread]: 
[0m17:56:56.212076 [info ] [MainThread]: Done. PASS=0 WARN=0 ERROR=2 SKIP=0 NO-OP=0 TOTAL=2
[0m17:56:56.231228 [debug] [MainThread]: Resource report: {"command_name": "run", "command_success": false, "command_wall_clock_time": 577.41046, "process_in_blocks": "12896", "process_kernel_time": 9.544716, "process_mem_max_rss": "203844", "process_out_blocks": "0", "process_user_time": 9.306841}
[0m17:56:56.237651 [debug] [MainThread]: Command `dbt run` failed at 17:56:56.237387 after 577.42 seconds
[0m17:56:56.243625 [debug] [MainThread]: Sending event: {'category': 'dbt', 'action': 'invocation', 'label': 'end', 'context': [<snowplow_tracker.self_describing_json.SelfDescribingJson object at 0x7f40eae047d0>, <snowplow_tracker.self_describing_json.SelfDescribingJson object at 0x7f41339aeae0>, <snowplow_tracker.self_describing_json.SelfDescribingJson object at 0x7f4131880a10>]}
[0m17:56:56.247838 [debug] [MainThread]: Flushing usage events
[0m17:56:57.431574 [debug] [MainThread]: An error was encountered while trying to flush usage events
[0m18:08:05.529795 [debug] [MainThread]: Sending event: {'category': 'dbt', 'action': 'invocation', 'label': 'start', 'context': [<snowplow_tracker.self_describing_json.SelfDescribingJson object at 0x7f06bb7e50d0>, <snowplow_tracker.self_describing_json.SelfDescribingJson object at 0x7f06bdfe9100>, <snowplow_tracker.self_describing_json.SelfDescribingJson object at 0x7f06bc0f6570>]}


============================== 18:08:05.568135 | 8e6145d4-5ce0-4262-94a5-a22708e83497 ==============================
[0m18:08:05.568135 [info ] [MainThread]: Running with dbt=1.10.13
[0m18:08:05.571328 [debug] [MainThread]: running dbt with arguments {'invocation_command': 'dbt clean', 'log_format': 'default', 'fail_fast': 'False', 'cache_selected_only': 'False', 'send_anonymous_usage_stats': 'True', 'log_cache_events': 'False', 'static_parser': 'True', 'use_experimental_parser': 'False', 'quiet': 'False', 'log_path': '/mnt/d/finance-lakehouse-aws/dbt/finance_dbt/logs', 'empty': 'None', 'version_check': 'True', 'indirect_selection': 'eager', 'debug': 'False', 'partial_parse': 'True', 'printer_width': '80', 'target_path': 'None', 'no_print': 'None', 'use_colors': 'True', 'warn_error_options': 'WarnErrorOptionsV2(error=[], warn=[], silence=[])', 'introspect': 'True', 'write_json': 'True', 'warn_error': 'None', 'profiles_dir': '/home/vaishu19/.dbt'}
[0m18:08:06.636431 [debug] [MainThread]: Sending event: {'category': 'dbt', 'action': 'project_id', 'label': '8e6145d4-5ce0-4262-94a5-a22708e83497', 'context': [<snowplow_tracker.self_describing_json.SelfDescribingJson object at 0x7f06bb59d490>]}
[0m18:08:07.332554 [debug] [MainThread]: Resource report: {"command_name": "clean", "command_success": true, "command_wall_clock_time": 1.9120543, "process_in_blocks": "12016", "process_kernel_time": 2.36894, "process_mem_max_rss": "101112", "process_out_blocks": "0", "process_user_time": 2.16079}
[0m18:08:07.335775 [debug] [MainThread]: Command `dbt clean` succeeded at 18:08:07.335258 after 1.92 seconds
[0m18:08:07.337840 [debug] [MainThread]: Sending event: {'category': 'dbt', 'action': 'invocation', 'label': 'end', 'context': [<snowplow_tracker.self_describing_json.SelfDescribingJson object at 0x7f06bc95ede0>, <snowplow_tracker.self_describing_json.SelfDescribingJson object at 0x7f06bb739cd0>, <snowplow_tracker.self_describing_json.SelfDescribingJson object at 0x7f06bd31b620>]}
[0m18:08:07.339570 [debug] [MainThread]: Flushing usage events
[0m18:08:08.480894 [debug] [MainThread]: An error was encountered while trying to flush usage events
[0m18:09:00.220832 [debug] [MainThread]: Sending event: {'category': 'dbt', 'action': 'invocation', 'label': 'start', 'context': [<snowplow_tracker.self_describing_json.SelfDescribingJson object at 0x7feedb884b30>, <snowplow_tracker.self_describing_json.SelfDescribingJson object at 0x7feedbab2ff0>, <snowplow_tracker.self_describing_json.SelfDescribingJson object at 0x7feedb7da3f0>]}


============================== 18:09:00.267039 | ab2fb366-6d6c-4303-ac64-23a8a2c64afb ==============================
[0m18:09:00.267039 [info ] [MainThread]: Running with dbt=1.10.13
[0m18:09:00.271352 [debug] [MainThread]: running dbt with arguments {'indirect_selection': 'eager', 'no_print': 'None', 'log_format': 'default', 'empty': 'False', 'warn_error_options': 'WarnErrorOptionsV2(error=[], warn=[], silence=[])', 'partial_parse': 'True', 'log_cache_events': 'False', 'profiles_dir': '/home/vaishu19/.dbt', 'quiet': 'False', 'invocation_command': 'dbt run -s silver --full-refresh', 'target_path': 'None', 'static_parser': 'True', 'log_path': '/mnt/d/finance-lakehouse-aws/dbt/finance_dbt/logs', 'introspect': 'True', 'cache_selected_only': 'False', 'use_experimental_parser': 'False', 'fail_fast': 'False', 'version_check': 'True', 'warn_error': 'None', 'use_colors': 'True', 'debug': 'False', 'write_json': 'True', 'printer_width': '80', 'send_anonymous_usage_stats': 'True'}
[0m18:09:19.979559 [debug] [MainThread]: Sending event: {'category': 'dbt', 'action': 'project_id', 'label': 'ab2fb366-6d6c-4303-ac64-23a8a2c64afb', 'context': [<snowplow_tracker.self_describing_json.SelfDescribingJson object at 0x7feeddc567e0>]}
[0m18:09:20.164267 [debug] [MainThread]: Sending event: {'category': 'dbt', 'action': 'adapter_info', 'label': 'ab2fb366-6d6c-4303-ac64-23a8a2c64afb', 'context': [<snowplow_tracker.self_describing_json.SelfDescribingJson object at 0x7feedbab31a0>]}
[0m18:09:20.223452 [info ] [MainThread]: Registered adapter: athena=1.9.5
[0m18:10:07.568888 [debug] [MainThread]: checksum: 9f0c81e2574b4ff463f3d16d080df83c6982fc0372c9feeacae0504ac9ea3ffe, vars: {}, profile: , target: , version: 1.10.13
[0m18:10:07.624646 [info ] [MainThread]: Unable to do partial parsing because saved manifest not found. Starting full parse.
[0m18:10:07.632485 [debug] [MainThread]: Sending event: {'category': 'dbt', 'action': 'partial_parser', 'label': 'ab2fb366-6d6c-4303-ac64-23a8a2c64afb', 'context': [<snowplow_tracker.self_describing_json.SelfDescribingJson object at 0x7feedbc11a30>]}
[0m18:10:18.608595 [debug] [MainThread]: Sending event: {'category': 'dbt', 'action': 'load_project', 'label': 'ab2fb366-6d6c-4303-ac64-23a8a2c64afb', 'context': [<snowplow_tracker.self_describing_json.SelfDescribingJson object at 0x7feed87b24b0>]}
[0m18:10:18.793134 [debug] [MainThread]: Wrote artifact WritableManifest to /mnt/d/finance-lakehouse-aws/dbt/finance_dbt/target/manifest.json
[0m18:10:18.866533 [debug] [MainThread]: Wrote artifact SemanticManifest to /mnt/d/finance-lakehouse-aws/dbt/finance_dbt/target/semantic_manifest.json
[0m18:10:20.053396 [debug] [MainThread]: Sending event: {'category': 'dbt', 'action': 'resource_counts', 'label': 'ab2fb366-6d6c-4303-ac64-23a8a2c64afb', 'context': [<snowplow_tracker.self_describing_json.SelfDescribingJson object at 0x7feed8626a50>]}
[0m18:10:20.060353 [info ] [MainThread]: Found 2 models, 2 sources, 477 macros
[0m18:10:20.067691 [debug] [MainThread]: Sending event: {'category': 'dbt', 'action': 'runnable_timing', 'label': 'ab2fb366-6d6c-4303-ac64-23a8a2c64afb', 'context': [<snowplow_tracker.self_describing_json.SelfDescribingJson object at 0x7feeda0d1b50>]}
[0m18:10:20.081887 [info ] [MainThread]: 
[0m18:10:20.088245 [info ] [MainThread]: Concurrency: 1 threads (target='dev')
[0m18:10:20.092656 [info ] [MainThread]: 
[0m18:10:20.099422 [debug] [MainThread]: Acquiring new athena connection 'master'
[0m18:10:20.116437 [debug] [ThreadPool]: Acquiring new athena connection 'list_AwsDataCatalog'
[0m18:10:20.121095 [debug] [ThreadPool]: Opening a new connection, currently in state init
[0m18:11:06.810109 [debug] [ThreadPool]: On list_AwsDataCatalog: Close
[0m18:11:06.816383 [debug] [ThreadPool]: Re-using an available connection from the pool (formerly list_AwsDataCatalog, now list_AwsDataCatalog_finance-lake_db)
[0m18:11:06.821132 [debug] [ThreadPool]: Opening a new connection, currently in state closed
[0m18:11:52.516129 [debug] [ThreadPool]: On list_AwsDataCatalog_finance-lake_db: Close
[0m18:11:52.522596 [debug] [MainThread]: Sending event: {'category': 'dbt', 'action': 'runnable_timing', 'label': 'ab2fb366-6d6c-4303-ac64-23a8a2c64afb', 'context': [<snowplow_tracker.self_describing_json.SelfDescribingJson object at 0x7feed878b140>]}
[0m18:11:52.536275 [debug] [Thread-1 (]: Began running node model.finance_lakehouse.equities_clean
[0m18:11:52.541472 [info ] [Thread-1 (]: 1 of 2 START sql table model finance-lake_db.equities_clean .................... [RUN]
[0m18:11:52.546317 [debug] [Thread-1 (]: Re-using an available connection from the pool (formerly list_AwsDataCatalog_finance-lake_db, now model.finance_lakehouse.equities_clean)
[0m18:11:52.551198 [debug] [Thread-1 (]: Began compiling node model.finance_lakehouse.equities_clean
[0m18:11:52.566867 [debug] [Thread-1 (]: Writing injected SQL for node "model.finance_lakehouse.equities_clean"
[0m18:11:52.645349 [debug] [Thread-1 (]: Began executing node model.finance_lakehouse.equities_clean
[0m18:11:52.697986 [debug] [Thread-1 (]: Skip partitioning: False
[0m18:11:52.703085 [debug] [Thread-1 (]: dbt.adapters.athena.constants adapter: get_work_group for %s
[0m18:11:52.706249 [debug] [Thread-1 (]: Opening a new connection, currently in state closed
[0m18:12:27.186985 [debug] [Thread-1 (]: dbt.adapters.athena.constants adapter: S3 path does not exist
[0m18:12:27.193019 [debug] [Thread-1 (]: dbt.adapters.athena.constants adapter: Running Athena query:
-- /* {"app": "dbt", "dbt_version": "1.10.13", "profile_name": "finance_lakehouse", "target_name": "dev", "node_id": "model.finance_lakehouse.equities_clean"} */
create table "AwsDataCatalog"."finance-lake_db"."equities_clean"
    with (
      table_type='external',
      is_external=true,external_location='s3://finance-lake-query-vk1911eu/tables/finance-lake_db/equities_clean/f1f56a68-dec0-4837-9097-caecc09dc805',
      partitioned_by=ARRAY['symbol', 'year'],
      format='parquet'
    )
    as
      

with src as (
  select
      symbol,
      cast(date   as date)    as date,
      cast(open   as double)  as open,
      cast(high   as double)  as high,
      cast(low    as double)  as low,
      cast(close  as double)  as close,
      cast(volume as bigint)  as volume,
      cast(year   as int)     as year
  from "AwsDataCatalog"."finance-lake_db"."equities_stooq_raw"
)

select
    -- non-partition columns first
    date, open, high, low, close, volume,
    -- partition columns LAST, in the same order as partitioned_by
    symbol, year
from src
[0m18:12:27.965298 [debug] [Thread-1 (]: dbt.adapters.athena.constants adapter: Athena query ID eb5ae291-3c08-4519-a083-510a24bca607
[0m18:12:37.139678 [debug] [Thread-1 (]: dbt.adapters.athena.constants adapter: Athena query ID 9d5c8ae8-603f-4404-926c-6b05129e78d9
[0m18:12:50.568813 [debug] [Thread-1 (]: dbt.adapters.athena.constants adapter: Athena query ID 0797b115-f3c8-457f-8236-2307076963f7
[0m18:13:19.456680 [debug] [Thread-1 (]: dbt.adapters.athena.constants adapter: Athena query ID a99edca5-a242-43a2-8023-84718241e970
[0m18:13:27.917632 [debug] [Thread-1 (]: dbt.adapters.athena.constants adapter: Athena query ID d8be6a81-96f5-4a4f-83a4-b0001e152152
[0m18:13:43.157919 [debug] [Thread-1 (]: dbt.adapters.athena.constants adapter: Athena query ID 502fe6a5-448f-4350-9739-f85f2e412060
[0m18:13:48.750236 [debug] [Thread-1 (]: dbt.adapters.athena.constants adapter: CAUGHT EXCEPTION: NOT_SUPPORTED: Table type is not supported: external. You may need to manually clean the data at location 's3://finance-lake-query-vk1911eu/tables/502fe6a5-448f-4350-9739-f85f2e412060' before retrying. Athena will not delete data in your account.
[0m18:13:48.755565 [debug] [Thread-1 (]: On model.finance_lakehouse.equities_clean: Close
[0m18:13:48.760642 [error] [Thread-1 (]: [31mUnhandled error while executing [0m
NOT_SUPPORTED: Table type is not supported: external. You may need to manually clean the data at location 's3://finance-lake-query-vk1911eu/tables/502fe6a5-448f-4350-9739-f85f2e412060' before retrying. Athena will not delete data in your account.
[0m18:13:48.992413 [debug] [Thread-1 (]: Traceback (most recent call last):
  File "/mnt/d/finance-lakehouse-aws/dbt/finance_dbt/.venv/lib/python3.12/site-packages/dbt/task/base.py", line 363, in safe_run
    result = self.compile_and_execute(manifest, ctx)
             ^^^^^^^^^^^^^^^^^^^^^^^^^^^^^^^^^^^^^^^
  File "/mnt/d/finance-lakehouse-aws/dbt/finance_dbt/.venv/lib/python3.12/site-packages/dbt/task/base.py", line 310, in compile_and_execute
    result = self.run(ctx.node, manifest)
             ^^^^^^^^^^^^^^^^^^^^^^^^^^^^
  File "/mnt/d/finance-lakehouse-aws/dbt/finance_dbt/.venv/lib/python3.12/site-packages/dbt/task/base.py", line 410, in run
    return self.execute(compiled_node, manifest)
           ^^^^^^^^^^^^^^^^^^^^^^^^^^^^^^^^^^^^^
  File "/mnt/d/finance-lakehouse-aws/dbt/finance_dbt/.venv/lib/python3.12/site-packages/dbt/task/run.py", line 336, in execute
    return self._execute_model(hook_ctx, context_config, model, context, materialization_macro)
           ^^^^^^^^^^^^^^^^^^^^^^^^^^^^^^^^^^^^^^^^^^^^^^^^^^^^^^^^^^^^^^^^^^^^^^^^^^^^^^^^^^^^
  File "/mnt/d/finance-lakehouse-aws/dbt/finance_dbt/.venv/lib/python3.12/site-packages/dbt/task/run.py", line 296, in _execute_model
    result = MacroGenerator(
             ^^^^^^^^^^^^^^^
  File "/mnt/d/finance-lakehouse-aws/dbt/finance_dbt/.venv/lib/python3.12/site-packages/dbt/clients/jinja.py", line 82, in __call__
    return self.call_macro(*args, **kwargs)
           ^^^^^^^^^^^^^^^^^^^^^^^^^^^^^^^^
  File "/mnt/d/finance-lakehouse-aws/dbt/finance_dbt/.venv/lib/python3.12/site-packages/dbt_common/clients/jinja.py", line 395, in call_macro
    return macro(*args, **kwargs)
           ^^^^^^^^^^^^^^^^^^^^^^
  File "/mnt/d/finance-lakehouse-aws/dbt/finance_dbt/.venv/lib/python3.12/site-packages/jinja2/runtime.py", line 770, in __call__
    return self._invoke(arguments, autoescape)
           ^^^^^^^^^^^^^^^^^^^^^^^^^^^^^^^^^^^
  File "/mnt/d/finance-lakehouse-aws/dbt/finance_dbt/.venv/lib/python3.12/site-packages/jinja2/runtime.py", line 784, in _invoke
    rv = self._func(*arguments)
         ^^^^^^^^^^^^^^^^^^^^^^
  File "<template>", line 171, in macro
  File "/mnt/d/finance-lakehouse-aws/dbt/finance_dbt/.venv/lib/python3.12/site-packages/jinja2/sandbox.py", line 401, in call
    return __context.call(__obj, *args, **kwargs)
           ^^^^^^^^^^^^^^^^^^^^^^^^^^^^^^^^^^^^^^
  File "/mnt/d/finance-lakehouse-aws/dbt/finance_dbt/.venv/lib/python3.12/site-packages/jinja2/runtime.py", line 303, in call
    return __obj(*args, **kwargs)
           ^^^^^^^^^^^^^^^^^^^^^^
  File "/mnt/d/finance-lakehouse-aws/dbt/finance_dbt/.venv/lib/python3.12/site-packages/dbt/clients/jinja.py", line 82, in __call__
    return self.call_macro(*args, **kwargs)
           ^^^^^^^^^^^^^^^^^^^^^^^^^^^^^^^^
  File "/mnt/d/finance-lakehouse-aws/dbt/finance_dbt/.venv/lib/python3.12/site-packages/dbt_common/clients/jinja.py", line 395, in call_macro
    return macro(*args, **kwargs)
           ^^^^^^^^^^^^^^^^^^^^^^
  File "/mnt/d/finance-lakehouse-aws/dbt/finance_dbt/.venv/lib/python3.12/site-packages/jinja2/runtime.py", line 770, in __call__
    return self._invoke(arguments, autoescape)
           ^^^^^^^^^^^^^^^^^^^^^^^^^^^^^^^^^^^
  File "/mnt/d/finance-lakehouse-aws/dbt/finance_dbt/.venv/lib/python3.12/site-packages/jinja2/runtime.py", line 784, in _invoke
    rv = self._func(*arguments)
         ^^^^^^^^^^^^^^^^^^^^^^
  File "<template>", line 50, in macro
  File "/mnt/d/finance-lakehouse-aws/dbt/finance_dbt/.venv/lib/python3.12/site-packages/jinja2/sandbox.py", line 401, in call
    return __context.call(__obj, *args, **kwargs)
           ^^^^^^^^^^^^^^^^^^^^^^^^^^^^^^^^^^^^^^
  File "/mnt/d/finance-lakehouse-aws/dbt/finance_dbt/.venv/lib/python3.12/site-packages/jinja2/runtime.py", line 303, in call
    return __obj(*args, **kwargs)
           ^^^^^^^^^^^^^^^^^^^^^^
  File "/mnt/d/finance-lakehouse-aws/dbt/finance_dbt/.venv/lib/python3.12/site-packages/dbt/adapters/athena/impl.py", line 1399, in run_query_with_partitions_limit_catching
    raise e
  File "/mnt/d/finance-lakehouse-aws/dbt/finance_dbt/.venv/lib/python3.12/site-packages/dbt/adapters/athena/impl.py", line 1395, in run_query_with_partitions_limit_catching
    cursor = self._run_query(sql, catch_partitions_limit=True)
             ^^^^^^^^^^^^^^^^^^^^^^^^^^^^^^^^^^^^^^^^^^^^^^^^^
  File "/mnt/d/finance-lakehouse-aws/dbt/finance_dbt/.venv/lib/python3.12/site-packages/dbt/adapters/athena/impl.py", line 1480, in _run_query
    raise e
  File "/mnt/d/finance-lakehouse-aws/dbt/finance_dbt/.venv/lib/python3.12/site-packages/dbt/adapters/athena/impl.py", line 1477, in _run_query
    cursor.execute(query, catch_partitions_limit=catch_partitions_limit)
  File "/mnt/d/finance-lakehouse-aws/dbt/finance_dbt/.venv/lib/python3.12/site-packages/dbt/adapters/athena/connections.py", line 229, in execute
    return inner()
           ^^^^^^^
  File "/mnt/d/finance-lakehouse-aws/dbt/finance_dbt/.venv/lib/python3.12/site-packages/tenacity/__init__.py", line 338, in wrapped_f
    return copy(f, *args, **kw)
           ^^^^^^^^^^^^^^^^^^^^
  File "/mnt/d/finance-lakehouse-aws/dbt/finance_dbt/.venv/lib/python3.12/site-packages/tenacity/__init__.py", line 477, in __call__
    do = self.iter(retry_state=retry_state)
         ^^^^^^^^^^^^^^^^^^^^^^^^^^^^^^^^^^
  File "/mnt/d/finance-lakehouse-aws/dbt/finance_dbt/.venv/lib/python3.12/site-packages/tenacity/__init__.py", line 378, in iter
    result = action(retry_state)
             ^^^^^^^^^^^^^^^^^^^
  File "/mnt/d/finance-lakehouse-aws/dbt/finance_dbt/.venv/lib/python3.12/site-packages/tenacity/__init__.py", line 420, in exc_check
    raise retry_exc.reraise()
          ^^^^^^^^^^^^^^^^^^^
  File "/mnt/d/finance-lakehouse-aws/dbt/finance_dbt/.venv/lib/python3.12/site-packages/tenacity/__init__.py", line 187, in reraise
    raise self.last_attempt.result()
          ^^^^^^^^^^^^^^^^^^^^^^^^^^
  File "/usr/lib/python3.12/concurrent/futures/_base.py", line 449, in result
    return self.__get_result()
           ^^^^^^^^^^^^^^^^^^^
  File "/usr/lib/python3.12/concurrent/futures/_base.py", line 401, in __get_result
    raise self._exception
  File "/mnt/d/finance-lakehouse-aws/dbt/finance_dbt/.venv/lib/python3.12/site-packages/tenacity/__init__.py", line 480, in __call__
    result = fn(*args, **kwargs)
             ^^^^^^^^^^^^^^^^^^^
  File "/mnt/d/finance-lakehouse-aws/dbt/finance_dbt/.venv/lib/python3.12/site-packages/dbt/adapters/athena/connections.py", line 227, in inner
    return execute_with_iceberg_retries()
           ^^^^^^^^^^^^^^^^^^^^^^^^^^^^^^
  File "/mnt/d/finance-lakehouse-aws/dbt/finance_dbt/.venv/lib/python3.12/site-packages/tenacity/__init__.py", line 338, in wrapped_f
    return copy(f, *args, **kw)
           ^^^^^^^^^^^^^^^^^^^^
  File "/mnt/d/finance-lakehouse-aws/dbt/finance_dbt/.venv/lib/python3.12/site-packages/tenacity/__init__.py", line 477, in __call__
    do = self.iter(retry_state=retry_state)
         ^^^^^^^^^^^^^^^^^^^^^^^^^^^^^^^^^^
  File "/mnt/d/finance-lakehouse-aws/dbt/finance_dbt/.venv/lib/python3.12/site-packages/tenacity/__init__.py", line 378, in iter
    result = action(retry_state)
             ^^^^^^^^^^^^^^^^^^^
  File "/mnt/d/finance-lakehouse-aws/dbt/finance_dbt/.venv/lib/python3.12/site-packages/tenacity/__init__.py", line 400, in <lambda>
    self._add_action_func(lambda rs: rs.outcome.result())
                                     ^^^^^^^^^^^^^^^^^^^
  File "/usr/lib/python3.12/concurrent/futures/_base.py", line 449, in result
    return self.__get_result()
           ^^^^^^^^^^^^^^^^^^^
  File "/usr/lib/python3.12/concurrent/futures/_base.py", line 401, in __get_result
    raise self._exception
  File "/mnt/d/finance-lakehouse-aws/dbt/finance_dbt/.venv/lib/python3.12/site-packages/tenacity/__init__.py", line 480, in __call__
    result = fn(*args, **kwargs)
             ^^^^^^^^^^^^^^^^^^^
  File "/mnt/d/finance-lakehouse-aws/dbt/finance_dbt/.venv/lib/python3.12/site-packages/dbt/adapters/athena/connections.py", line 225, in execute_with_iceberg_retries
    raise OperationalError(query_execution.state_change_reason)
pyathena.error.OperationalError: NOT_SUPPORTED: Table type is not supported: external. You may need to manually clean the data at location 's3://finance-lake-query-vk1911eu/tables/502fe6a5-448f-4350-9739-f85f2e412060' before retrying. Athena will not delete data in your account.

[0m18:13:49.056449 [debug] [Thread-1 (]: Sending event: {'category': 'dbt', 'action': 'run_model', 'label': 'ab2fb366-6d6c-4303-ac64-23a8a2c64afb', 'context': [<snowplow_tracker.self_describing_json.SelfDescribingJson object at 0x7feea8369f10>]}
[0m18:13:49.063614 [error] [Thread-1 (]: 1 of 2 ERROR creating sql table model finance-lake_db.equities_clean ........... [[31mERROR[0m in 116.45s]
[0m18:13:49.070065 [debug] [Thread-1 (]: Finished running node model.finance_lakehouse.equities_clean
[0m18:13:49.075527 [debug] [Thread-1 (]: Began running node model.finance_lakehouse.fred_clean
[0m18:13:49.076275 [debug] [Thread-4 (]: Marking all children of 'model.finance_lakehouse.equities_clean' to be skipped because of status 'error'.  Reason: NOT_SUPPORTED: Table type is not supported: external. You may need to manually clean the data at location 's3://finance-lake-query-vk1911eu/tables/502fe6a5-448f-4350-9739-f85f2e412060' before retrying. Athena will not delete data in your account..
[0m18:13:49.080314 [info ] [Thread-1 (]: 2 of 2 START sql table model finance-lake_db.fred_clean ........................ [RUN]
[0m18:13:49.090417 [debug] [Thread-1 (]: Re-using an available connection from the pool (formerly model.finance_lakehouse.equities_clean, now model.finance_lakehouse.fred_clean)
[0m18:13:49.094848 [debug] [Thread-1 (]: Began compiling node model.finance_lakehouse.fred_clean
[0m18:13:49.106003 [debug] [Thread-1 (]: Writing injected SQL for node "model.finance_lakehouse.fred_clean"
[0m18:13:49.142304 [debug] [Thread-1 (]: Began executing node model.finance_lakehouse.fred_clean
[0m18:13:49.150025 [debug] [Thread-1 (]: Skip partitioning: False
[0m18:13:49.157206 [debug] [Thread-1 (]: Opening a new connection, currently in state closed
[0m18:14:21.853409 [debug] [Thread-1 (]: dbt.adapters.athena.constants adapter: S3 path does not exist
[0m18:14:21.858110 [debug] [Thread-1 (]: dbt.adapters.athena.constants adapter: Running Athena query:
-- /* {"app": "dbt", "dbt_version": "1.10.13", "profile_name": "finance_lakehouse", "target_name": "dev", "node_id": "model.finance_lakehouse.fred_clean"} */
create table "AwsDataCatalog"."finance-lake_db"."fred_clean"
    with (
      table_type='external',
      is_external=true,external_location='s3://finance-lake-query-vk1911eu/tables/finance-lake_db/fred_clean/8c280413-90c7-492e-97e4-d354d2ed111c',
      partitioned_by=ARRAY['series'],
      format='parquet'
    )
    as
      

with src as (
  select
      series,
      cast(date  as date)    as date,
      cast(value as double)  as value
  from "AwsDataCatalog"."finance-lake_db"."fred_raw"
)

select
    -- non-partition columns first
    date,
    value,
    -- partition column LAST (matches partitioned_by)
    series
from src
[0m18:14:22.698480 [debug] [Thread-1 (]: dbt.adapters.athena.constants adapter: Athena query ID 932f17fc-4344-4acd-ba8f-2176f64368ff
[0m18:14:26.650656 [debug] [Thread-1 (]: dbt.adapters.athena.constants adapter: Athena query ID cde0a262-1540-4486-8bb7-e550b78f21e2
[0m18:14:30.183154 [debug] [Thread-1 (]: dbt.adapters.athena.constants adapter: Athena query ID 3dd4551b-372d-46cc-bf79-38af5822d064
[0m18:14:37.594967 [debug] [Thread-1 (]: dbt.adapters.athena.constants adapter: Athena query ID 9416b8fc-61a4-4c56-90b0-47f3c33b66b3
[0m18:14:47.411773 [debug] [Thread-1 (]: dbt.adapters.athena.constants adapter: Athena query ID 6270ef72-c29c-4a5b-86f3-ceb9a6e167b8
[0m18:16:18.624746 [debug] [Thread-1 (]: dbt.adapters.athena.constants adapter: Athena query ID e51e85cf-a7ca-4968-8f00-7080f5292064
[0m18:16:19.960280 [debug] [Thread-1 (]: dbt.adapters.athena.constants adapter: CAUGHT EXCEPTION: COLUMN_NOT_FOUND: line 12:11: Column 'date' cannot be resolved or requester is not authorized to access requested resources. You may need to manually clean the data at location 's3://finance-lake-query-vk1911eu/tables/e51e85cf-a7ca-4968-8f00-7080f5292064' before retrying. Athena will not delete data in your account.
[0m18:16:19.964539 [debug] [Thread-1 (]: On model.finance_lakehouse.fred_clean: Close
[0m18:16:19.967125 [error] [Thread-1 (]: [31mUnhandled error while executing [0m
COLUMN_NOT_FOUND: line 12:11: Column 'date' cannot be resolved or requester is not authorized to access requested resources. You may need to manually clean the data at location 's3://finance-lake-query-vk1911eu/tables/e51e85cf-a7ca-4968-8f00-7080f5292064' before retrying. Athena will not delete data in your account.
[0m18:16:20.037879 [debug] [Thread-1 (]: Traceback (most recent call last):
  File "/mnt/d/finance-lakehouse-aws/dbt/finance_dbt/.venv/lib/python3.12/site-packages/dbt/task/base.py", line 363, in safe_run
    result = self.compile_and_execute(manifest, ctx)
             ^^^^^^^^^^^^^^^^^^^^^^^^^^^^^^^^^^^^^^^
  File "/mnt/d/finance-lakehouse-aws/dbt/finance_dbt/.venv/lib/python3.12/site-packages/dbt/task/base.py", line 310, in compile_and_execute
    result = self.run(ctx.node, manifest)
             ^^^^^^^^^^^^^^^^^^^^^^^^^^^^
  File "/mnt/d/finance-lakehouse-aws/dbt/finance_dbt/.venv/lib/python3.12/site-packages/dbt/task/base.py", line 410, in run
    return self.execute(compiled_node, manifest)
           ^^^^^^^^^^^^^^^^^^^^^^^^^^^^^^^^^^^^^
  File "/mnt/d/finance-lakehouse-aws/dbt/finance_dbt/.venv/lib/python3.12/site-packages/dbt/task/run.py", line 336, in execute
    return self._execute_model(hook_ctx, context_config, model, context, materialization_macro)
           ^^^^^^^^^^^^^^^^^^^^^^^^^^^^^^^^^^^^^^^^^^^^^^^^^^^^^^^^^^^^^^^^^^^^^^^^^^^^^^^^^^^^
  File "/mnt/d/finance-lakehouse-aws/dbt/finance_dbt/.venv/lib/python3.12/site-packages/dbt/task/run.py", line 296, in _execute_model
    result = MacroGenerator(
             ^^^^^^^^^^^^^^^
  File "/mnt/d/finance-lakehouse-aws/dbt/finance_dbt/.venv/lib/python3.12/site-packages/dbt/clients/jinja.py", line 82, in __call__
    return self.call_macro(*args, **kwargs)
           ^^^^^^^^^^^^^^^^^^^^^^^^^^^^^^^^
  File "/mnt/d/finance-lakehouse-aws/dbt/finance_dbt/.venv/lib/python3.12/site-packages/dbt_common/clients/jinja.py", line 395, in call_macro
    return macro(*args, **kwargs)
           ^^^^^^^^^^^^^^^^^^^^^^
  File "/mnt/d/finance-lakehouse-aws/dbt/finance_dbt/.venv/lib/python3.12/site-packages/jinja2/runtime.py", line 770, in __call__
    return self._invoke(arguments, autoescape)
           ^^^^^^^^^^^^^^^^^^^^^^^^^^^^^^^^^^^
  File "/mnt/d/finance-lakehouse-aws/dbt/finance_dbt/.venv/lib/python3.12/site-packages/jinja2/runtime.py", line 784, in _invoke
    rv = self._func(*arguments)
         ^^^^^^^^^^^^^^^^^^^^^^
  File "<template>", line 171, in macro
  File "/mnt/d/finance-lakehouse-aws/dbt/finance_dbt/.venv/lib/python3.12/site-packages/jinja2/sandbox.py", line 401, in call
    return __context.call(__obj, *args, **kwargs)
           ^^^^^^^^^^^^^^^^^^^^^^^^^^^^^^^^^^^^^^
  File "/mnt/d/finance-lakehouse-aws/dbt/finance_dbt/.venv/lib/python3.12/site-packages/jinja2/runtime.py", line 303, in call
    return __obj(*args, **kwargs)
           ^^^^^^^^^^^^^^^^^^^^^^
  File "/mnt/d/finance-lakehouse-aws/dbt/finance_dbt/.venv/lib/python3.12/site-packages/dbt/clients/jinja.py", line 82, in __call__
    return self.call_macro(*args, **kwargs)
           ^^^^^^^^^^^^^^^^^^^^^^^^^^^^^^^^
  File "/mnt/d/finance-lakehouse-aws/dbt/finance_dbt/.venv/lib/python3.12/site-packages/dbt_common/clients/jinja.py", line 395, in call_macro
    return macro(*args, **kwargs)
           ^^^^^^^^^^^^^^^^^^^^^^
  File "/mnt/d/finance-lakehouse-aws/dbt/finance_dbt/.venv/lib/python3.12/site-packages/jinja2/runtime.py", line 770, in __call__
    return self._invoke(arguments, autoescape)
           ^^^^^^^^^^^^^^^^^^^^^^^^^^^^^^^^^^^
  File "/mnt/d/finance-lakehouse-aws/dbt/finance_dbt/.venv/lib/python3.12/site-packages/jinja2/runtime.py", line 784, in _invoke
    rv = self._func(*arguments)
         ^^^^^^^^^^^^^^^^^^^^^^
  File "<template>", line 50, in macro
  File "/mnt/d/finance-lakehouse-aws/dbt/finance_dbt/.venv/lib/python3.12/site-packages/jinja2/sandbox.py", line 401, in call
    return __context.call(__obj, *args, **kwargs)
           ^^^^^^^^^^^^^^^^^^^^^^^^^^^^^^^^^^^^^^
  File "/mnt/d/finance-lakehouse-aws/dbt/finance_dbt/.venv/lib/python3.12/site-packages/jinja2/runtime.py", line 303, in call
    return __obj(*args, **kwargs)
           ^^^^^^^^^^^^^^^^^^^^^^
  File "/mnt/d/finance-lakehouse-aws/dbt/finance_dbt/.venv/lib/python3.12/site-packages/dbt/adapters/athena/impl.py", line 1399, in run_query_with_partitions_limit_catching
    raise e
  File "/mnt/d/finance-lakehouse-aws/dbt/finance_dbt/.venv/lib/python3.12/site-packages/dbt/adapters/athena/impl.py", line 1395, in run_query_with_partitions_limit_catching
    cursor = self._run_query(sql, catch_partitions_limit=True)
             ^^^^^^^^^^^^^^^^^^^^^^^^^^^^^^^^^^^^^^^^^^^^^^^^^
  File "/mnt/d/finance-lakehouse-aws/dbt/finance_dbt/.venv/lib/python3.12/site-packages/dbt/adapters/athena/impl.py", line 1480, in _run_query
    raise e
  File "/mnt/d/finance-lakehouse-aws/dbt/finance_dbt/.venv/lib/python3.12/site-packages/dbt/adapters/athena/impl.py", line 1477, in _run_query
    cursor.execute(query, catch_partitions_limit=catch_partitions_limit)
  File "/mnt/d/finance-lakehouse-aws/dbt/finance_dbt/.venv/lib/python3.12/site-packages/dbt/adapters/athena/connections.py", line 229, in execute
    return inner()
           ^^^^^^^
  File "/mnt/d/finance-lakehouse-aws/dbt/finance_dbt/.venv/lib/python3.12/site-packages/tenacity/__init__.py", line 338, in wrapped_f
    return copy(f, *args, **kw)
           ^^^^^^^^^^^^^^^^^^^^
  File "/mnt/d/finance-lakehouse-aws/dbt/finance_dbt/.venv/lib/python3.12/site-packages/tenacity/__init__.py", line 477, in __call__
    do = self.iter(retry_state=retry_state)
         ^^^^^^^^^^^^^^^^^^^^^^^^^^^^^^^^^^
  File "/mnt/d/finance-lakehouse-aws/dbt/finance_dbt/.venv/lib/python3.12/site-packages/tenacity/__init__.py", line 378, in iter
    result = action(retry_state)
             ^^^^^^^^^^^^^^^^^^^
  File "/mnt/d/finance-lakehouse-aws/dbt/finance_dbt/.venv/lib/python3.12/site-packages/tenacity/__init__.py", line 420, in exc_check
    raise retry_exc.reraise()
          ^^^^^^^^^^^^^^^^^^^
  File "/mnt/d/finance-lakehouse-aws/dbt/finance_dbt/.venv/lib/python3.12/site-packages/tenacity/__init__.py", line 187, in reraise
    raise self.last_attempt.result()
          ^^^^^^^^^^^^^^^^^^^^^^^^^^
  File "/usr/lib/python3.12/concurrent/futures/_base.py", line 449, in result
    return self.__get_result()
           ^^^^^^^^^^^^^^^^^^^
  File "/usr/lib/python3.12/concurrent/futures/_base.py", line 401, in __get_result
    raise self._exception
  File "/mnt/d/finance-lakehouse-aws/dbt/finance_dbt/.venv/lib/python3.12/site-packages/tenacity/__init__.py", line 480, in __call__
    result = fn(*args, **kwargs)
             ^^^^^^^^^^^^^^^^^^^
  File "/mnt/d/finance-lakehouse-aws/dbt/finance_dbt/.venv/lib/python3.12/site-packages/dbt/adapters/athena/connections.py", line 227, in inner
    return execute_with_iceberg_retries()
           ^^^^^^^^^^^^^^^^^^^^^^^^^^^^^^
  File "/mnt/d/finance-lakehouse-aws/dbt/finance_dbt/.venv/lib/python3.12/site-packages/tenacity/__init__.py", line 338, in wrapped_f
    return copy(f, *args, **kw)
           ^^^^^^^^^^^^^^^^^^^^
  File "/mnt/d/finance-lakehouse-aws/dbt/finance_dbt/.venv/lib/python3.12/site-packages/tenacity/__init__.py", line 477, in __call__
    do = self.iter(retry_state=retry_state)
         ^^^^^^^^^^^^^^^^^^^^^^^^^^^^^^^^^^
  File "/mnt/d/finance-lakehouse-aws/dbt/finance_dbt/.venv/lib/python3.12/site-packages/tenacity/__init__.py", line 378, in iter
    result = action(retry_state)
             ^^^^^^^^^^^^^^^^^^^
  File "/mnt/d/finance-lakehouse-aws/dbt/finance_dbt/.venv/lib/python3.12/site-packages/tenacity/__init__.py", line 400, in <lambda>
    self._add_action_func(lambda rs: rs.outcome.result())
                                     ^^^^^^^^^^^^^^^^^^^
  File "/usr/lib/python3.12/concurrent/futures/_base.py", line 449, in result
    return self.__get_result()
           ^^^^^^^^^^^^^^^^^^^
  File "/usr/lib/python3.12/concurrent/futures/_base.py", line 401, in __get_result
    raise self._exception
  File "/mnt/d/finance-lakehouse-aws/dbt/finance_dbt/.venv/lib/python3.12/site-packages/tenacity/__init__.py", line 480, in __call__
    result = fn(*args, **kwargs)
             ^^^^^^^^^^^^^^^^^^^
  File "/mnt/d/finance-lakehouse-aws/dbt/finance_dbt/.venv/lib/python3.12/site-packages/dbt/adapters/athena/connections.py", line 225, in execute_with_iceberg_retries
    raise OperationalError(query_execution.state_change_reason)
pyathena.error.OperationalError: COLUMN_NOT_FOUND: line 12:11: Column 'date' cannot be resolved or requester is not authorized to access requested resources. You may need to manually clean the data at location 's3://finance-lake-query-vk1911eu/tables/e51e85cf-a7ca-4968-8f00-7080f5292064' before retrying. Athena will not delete data in your account.

[0m18:16:20.041638 [debug] [Thread-1 (]: Sending event: {'category': 'dbt', 'action': 'run_model', 'label': 'ab2fb366-6d6c-4303-ac64-23a8a2c64afb', 'context': [<snowplow_tracker.self_describing_json.SelfDescribingJson object at 0x7fee8f73d100>]}
[0m18:16:20.044784 [error] [Thread-1 (]: 2 of 2 ERROR creating sql table model finance-lake_db.fred_clean ............... [[31mERROR[0m in 150.95s]
[0m18:16:20.048486 [debug] [Thread-1 (]: Finished running node model.finance_lakehouse.fred_clean
[0m18:16:20.051987 [debug] [Thread-4 (]: Marking all children of 'model.finance_lakehouse.fred_clean' to be skipped because of status 'error'.  Reason: COLUMN_NOT_FOUND: line 12:11: Column 'date' cannot be resolved or requester is not authorized to access requested resources. You may need to manually clean the data at location 's3://finance-lake-query-vk1911eu/tables/e51e85cf-a7ca-4968-8f00-7080f5292064' before retrying. Athena will not delete data in your account..
[0m18:16:20.067692 [debug] [MainThread]: Connection 'master' was properly closed.
[0m18:16:20.071402 [debug] [MainThread]: Connection 'model.finance_lakehouse.fred_clean' was properly closed.
[0m18:16:20.075693 [info ] [MainThread]: 
[0m18:16:20.079259 [info ] [MainThread]: Finished running 2 table models in 0 hours 5 minutes and 59.98 seconds (359.98s).
[0m18:16:20.084765 [debug] [MainThread]: Command end result
[0m18:16:20.183645 [debug] [MainThread]: Wrote artifact WritableManifest to /mnt/d/finance-lakehouse-aws/dbt/finance_dbt/target/manifest.json
[0m18:16:20.250628 [debug] [MainThread]: Wrote artifact SemanticManifest to /mnt/d/finance-lakehouse-aws/dbt/finance_dbt/target/semantic_manifest.json
[0m18:16:20.279249 [debug] [MainThread]: Wrote artifact RunExecutionResult to /mnt/d/finance-lakehouse-aws/dbt/finance_dbt/target/run_results.json
[0m18:16:20.283025 [info ] [MainThread]: 
[0m18:16:20.287346 [info ] [MainThread]: [31mCompleted with 2 errors, 0 partial successes, and 0 warnings:[0m
[0m18:16:20.291528 [info ] [MainThread]: 
[0m18:16:20.296082 [error] [MainThread]: [31mFailure in model equities_clean (models/silver/equities_clean.sql)[0m
[0m18:16:20.299809 [error] [MainThread]:   NOT_SUPPORTED: Table type is not supported: external. You may need to manually clean the data at location 's3://finance-lake-query-vk1911eu/tables/502fe6a5-448f-4350-9739-f85f2e412060' before retrying. Athena will not delete data in your account.
[0m18:16:20.304750 [info ] [MainThread]: 
[0m18:16:20.309668 [info ] [MainThread]:   compiled code at target/compiled/finance_lakehouse/models/silver/equities_clean.sql
[0m18:16:20.313896 [info ] [MainThread]: 
[0m18:16:20.318411 [error] [MainThread]: [31mFailure in model fred_clean (models/silver/fred_clean.sql)[0m
[0m18:16:20.322285 [error] [MainThread]:   COLUMN_NOT_FOUND: line 12:11: Column 'date' cannot be resolved or requester is not authorized to access requested resources. You may need to manually clean the data at location 's3://finance-lake-query-vk1911eu/tables/e51e85cf-a7ca-4968-8f00-7080f5292064' before retrying. Athena will not delete data in your account.
[0m18:16:20.327221 [info ] [MainThread]: 
[0m18:16:20.330576 [info ] [MainThread]:   compiled code at target/compiled/finance_lakehouse/models/silver/fred_clean.sql
[0m18:16:20.334743 [info ] [MainThread]: 
[0m18:16:20.339011 [info ] [MainThread]: Done. PASS=0 WARN=0 ERROR=2 SKIP=0 NO-OP=0 TOTAL=2
[0m18:16:20.361428 [debug] [MainThread]: Resource report: {"command_name": "run", "command_success": false, "command_wall_clock_time": 440.2678, "process_in_blocks": "12896", "process_kernel_time": 8.038706, "process_mem_max_rss": "185084", "process_out_blocks": "0", "process_user_time": 9.124225}
[0m18:16:20.368038 [debug] [MainThread]: Command `dbt run` failed at 18:16:20.367672 after 440.28 seconds
[0m18:16:20.372744 [debug] [MainThread]: Sending event: {'category': 'dbt', 'action': 'invocation', 'label': 'end', 'context': [<snowplow_tracker.self_describing_json.SelfDescribingJson object at 0x7feedbbdb680>, <snowplow_tracker.self_describing_json.SelfDescribingJson object at 0x7feed8389c10>, <snowplow_tracker.self_describing_json.SelfDescribingJson object at 0x7fee8f76f350>]}
[0m18:16:20.376279 [debug] [MainThread]: Flushing usage events
[0m18:16:21.648937 [debug] [MainThread]: An error was encountered while trying to flush usage events
[0m18:30:22.091084 [debug] [MainThread]: Sending event: {'category': 'dbt', 'action': 'invocation', 'label': 'start', 'context': [<snowplow_tracker.self_describing_json.SelfDescribingJson object at 0x7fa7675211f0>, <snowplow_tracker.self_describing_json.SelfDescribingJson object at 0x7fa7661d9460>, <snowplow_tracker.self_describing_json.SelfDescribingJson object at 0x7fa7661daf30>]}


============================== 18:30:22.146046 | dec64516-c6b5-4a74-acc7-7d4bbc3b76f5 ==============================
[0m18:30:22.146046 [info ] [MainThread]: Running with dbt=1.10.13
[0m18:30:22.148937 [debug] [MainThread]: running dbt with arguments {'target_path': 'None', 'introspect': 'True', 'profiles_dir': '/home/vaishu19/.dbt', 'write_json': 'True', 'quiet': 'False', 'use_colors': 'True', 'fail_fast': 'False', 'cache_selected_only': 'False', 'send_anonymous_usage_stats': 'True', 'use_experimental_parser': 'False', 'version_check': 'True', 'debug': 'False', 'log_cache_events': 'False', 'invocation_command': 'dbt clean', 'no_print': 'None', 'partial_parse': 'True', 'printer_width': '80', 'indirect_selection': 'eager', 'warn_error': 'None', 'warn_error_options': 'WarnErrorOptionsV2(error=[], warn=[], silence=[])', 'empty': 'None', 'log_path': '/mnt/d/finance-lakehouse-aws/dbt/finance_dbt/logs', 'static_parser': 'True', 'log_format': 'default'}
[0m18:30:23.332868 [debug] [MainThread]: Sending event: {'category': 'dbt', 'action': 'project_id', 'label': 'dec64516-c6b5-4a74-acc7-7d4bbc3b76f5', 'context': [<snowplow_tracker.self_describing_json.SelfDescribingJson object at 0x7fa7664ef050>]}
[0m18:30:24.406360 [debug] [MainThread]: Resource report: {"command_name": "clean", "command_success": true, "command_wall_clock_time": 2.4482253, "process_in_blocks": "12016", "process_kernel_time": 2.90081, "process_mem_max_rss": "101152", "process_out_blocks": "0", "process_user_time": 3.616078}
[0m18:30:24.410046 [debug] [MainThread]: Command `dbt clean` succeeded at 18:30:24.409837 after 2.45 seconds
[0m18:30:24.412991 [debug] [MainThread]: Sending event: {'category': 'dbt', 'action': 'invocation', 'label': 'end', 'context': [<snowplow_tracker.self_describing_json.SelfDescribingJson object at 0x7fa765e84080>, <snowplow_tracker.self_describing_json.SelfDescribingJson object at 0x7fa7656cd1f0>, <snowplow_tracker.self_describing_json.SelfDescribingJson object at 0x7fa76558aed0>]}
[0m18:30:24.416095 [debug] [MainThread]: Flushing usage events
[0m18:30:25.541923 [debug] [MainThread]: An error was encountered while trying to flush usage events
[0m18:31:17.507535 [debug] [MainThread]: Sending event: {'category': 'dbt', 'action': 'invocation', 'label': 'start', 'context': [<snowplow_tracker.self_describing_json.SelfDescribingJson object at 0x7f1f68d85730>, <snowplow_tracker.self_describing_json.SelfDescribingJson object at 0x7f1f69182d80>, <snowplow_tracker.self_describing_json.SelfDescribingJson object at 0x7f1f686cff50>]}


============================== 18:31:17.550325 | b85c799a-7282-4d3f-839e-f7df723dfd31 ==============================
[0m18:31:17.550325 [info ] [MainThread]: Running with dbt=1.10.13
[0m18:31:17.554687 [debug] [MainThread]: running dbt with arguments {'quiet': 'False', 'indirect_selection': 'eager', 'static_parser': 'True', 'invocation_command': 'dbt run -s silver --full-refresh', 'fail_fast': 'False', 'use_colors': 'True', 'log_cache_events': 'False', 'write_json': 'True', 'debug': 'False', 'log_path': '/mnt/d/finance-lakehouse-aws/dbt/finance_dbt/logs', 'log_format': 'default', 'profiles_dir': '/home/vaishu19/.dbt', 'send_anonymous_usage_stats': 'True', 'introspect': 'True', 'warn_error_options': 'WarnErrorOptionsV2(error=[], warn=[], silence=[])', 'cache_selected_only': 'False', 'printer_width': '80', 'partial_parse': 'True', 'target_path': 'None', 'warn_error': 'None', 'no_print': 'None', 'empty': 'False', 'version_check': 'True', 'use_experimental_parser': 'False'}
[0m18:31:37.711727 [debug] [MainThread]: Sending event: {'category': 'dbt', 'action': 'project_id', 'label': 'b85c799a-7282-4d3f-839e-f7df723dfd31', 'context': [<snowplow_tracker.self_describing_json.SelfDescribingJson object at 0x7f1f679ab830>]}
[0m18:31:37.832874 [debug] [MainThread]: Sending event: {'category': 'dbt', 'action': 'adapter_info', 'label': 'b85c799a-7282-4d3f-839e-f7df723dfd31', 'context': [<snowplow_tracker.self_describing_json.SelfDescribingJson object at 0x7f1f67f11f70>]}
[0m18:31:37.880633 [info ] [MainThread]: Registered adapter: athena=1.9.5
[0m18:32:23.270108 [debug] [MainThread]: checksum: 9f0c81e2574b4ff463f3d16d080df83c6982fc0372c9feeacae0504ac9ea3ffe, vars: {}, profile: , target: , version: 1.10.13
[0m18:32:23.300335 [info ] [MainThread]: Unable to do partial parsing because saved manifest not found. Starting full parse.
[0m18:32:23.302864 [debug] [MainThread]: Sending event: {'category': 'dbt', 'action': 'partial_parser', 'label': 'b85c799a-7282-4d3f-839e-f7df723dfd31', 'context': [<snowplow_tracker.self_describing_json.SelfDescribingJson object at 0x7f1f67d9dbe0>]}
[0m18:32:32.322200 [debug] [MainThread]: Sending event: {'category': 'dbt', 'action': 'load_project', 'label': 'b85c799a-7282-4d3f-839e-f7df723dfd31', 'context': [<snowplow_tracker.self_describing_json.SelfDescribingJson object at 0x7f1f651d1ac0>]}
[0m18:32:32.488783 [debug] [MainThread]: Wrote artifact WritableManifest to /mnt/d/finance-lakehouse-aws/dbt/finance_dbt/target/manifest.json
[0m18:32:32.544057 [debug] [MainThread]: Wrote artifact SemanticManifest to /mnt/d/finance-lakehouse-aws/dbt/finance_dbt/target/semantic_manifest.json
[0m18:32:33.800432 [debug] [MainThread]: Sending event: {'category': 'dbt', 'action': 'resource_counts', 'label': 'b85c799a-7282-4d3f-839e-f7df723dfd31', 'context': [<snowplow_tracker.self_describing_json.SelfDescribingJson object at 0x7f1f66b85460>]}
[0m18:32:33.805252 [info ] [MainThread]: Found 2 models, 2 sources, 477 macros
[0m18:32:33.810136 [debug] [MainThread]: Sending event: {'category': 'dbt', 'action': 'runnable_timing', 'label': 'b85c799a-7282-4d3f-839e-f7df723dfd31', 'context': [<snowplow_tracker.self_describing_json.SelfDescribingJson object at 0x7f1f682bf140>]}
[0m18:32:33.826672 [info ] [MainThread]: 
[0m18:32:33.833766 [info ] [MainThread]: Concurrency: 1 threads (target='dev')
[0m18:32:33.841026 [info ] [MainThread]: 
[0m18:32:33.846314 [debug] [MainThread]: Acquiring new athena connection 'master'
[0m18:32:33.860093 [debug] [ThreadPool]: Acquiring new athena connection 'list_AwsDataCatalog'
[0m18:32:33.863825 [debug] [ThreadPool]: Opening a new connection, currently in state init
[0m18:33:16.327197 [debug] [ThreadPool]: On list_AwsDataCatalog: Close
[0m18:33:16.334216 [debug] [ThreadPool]: Re-using an available connection from the pool (formerly list_AwsDataCatalog, now list_AwsDataCatalog_finance-lake_db)
[0m18:33:16.339221 [debug] [ThreadPool]: Opening a new connection, currently in state closed
[0m18:34:06.383660 [debug] [ThreadPool]: On list_AwsDataCatalog_finance-lake_db: Close
[0m18:34:06.389294 [debug] [MainThread]: Sending event: {'category': 'dbt', 'action': 'runnable_timing', 'label': 'b85c799a-7282-4d3f-839e-f7df723dfd31', 'context': [<snowplow_tracker.self_describing_json.SelfDescribingJson object at 0x7f1f674bc0e0>]}
[0m18:34:06.402876 [debug] [Thread-1 (]: Began running node model.finance_lakehouse.equities_clean
[0m18:34:06.407084 [info ] [Thread-1 (]: 1 of 2 START sql table model finance-lake_db.equities_clean .................... [RUN]
[0m18:34:06.410910 [debug] [Thread-1 (]: Re-using an available connection from the pool (formerly list_AwsDataCatalog_finance-lake_db, now model.finance_lakehouse.equities_clean)
[0m18:34:06.413590 [debug] [Thread-1 (]: Began compiling node model.finance_lakehouse.equities_clean
[0m18:34:06.423786 [debug] [Thread-1 (]: Writing injected SQL for node "model.finance_lakehouse.equities_clean"
[0m18:34:06.502035 [debug] [Thread-1 (]: Began executing node model.finance_lakehouse.equities_clean
[0m18:34:06.563001 [debug] [Thread-1 (]: Skip partitioning: False
[0m18:34:06.567540 [debug] [Thread-1 (]: dbt.adapters.athena.constants adapter: get_work_group for %s
[0m18:34:06.571283 [debug] [Thread-1 (]: Opening a new connection, currently in state closed
[0m18:34:39.866105 [debug] [Thread-1 (]: dbt.adapters.athena.constants adapter: S3 path does not exist
[0m18:34:39.870635 [debug] [Thread-1 (]: dbt.adapters.athena.constants adapter: Running Athena query:
-- /* {"app": "dbt", "dbt_version": "1.10.13", "profile_name": "finance_lakehouse", "target_name": "dev", "node_id": "model.finance_lakehouse.equities_clean"} */
create table "AwsDataCatalog"."finance-lake_db"."equities_clean"
    with (
      table_type='hive',
      is_external=true,external_location='s3://finance-lake-query-vk1911eu/tables/finance-lake_db/equities_clean/757de744-9884-449e-9150-45e05fa0d373',
      partitioned_by=ARRAY['symbol', 'year'],
      format='parquet'
    )
    as
      

with src as (
  select
      symbol,
      cast(date   as date)    as date,
      cast(open   as double)  as open,
      cast(high   as double)  as high,
      cast(low    as double)  as low,
      cast(close  as double)  as close,
      cast(volume as bigint)  as volume,
      cast(year   as int)     as year
  from "AwsDataCatalog"."finance-lake_db"."equities_stooq_raw"
)

select
    -- non-partition columns first
    date, open, high, low, close, volume,
    -- partition columns LAST, same order as partitioned_by
    symbol, year
from src
[0m18:34:40.556405 [debug] [Thread-1 (]: dbt.adapters.athena.constants adapter: Athena query ID 6b558dd4-4a81-4bf8-841b-a6f88a34e0e3
[0m18:38:11.349760 [debug] [Thread-1 (]: dbt.adapters.athena.constants adapter: Athena query ID a81796a1-9569-49a4-b3cc-45d1089b386d
[0m18:40:44.308769 [debug] [Thread-1 (]: dbt.adapters.athena.constants adapter: Athena query ID ed0ce91e-d495-410c-8ac5-80de29115922
[0m18:43:33.880844 [debug] [Thread-1 (]: dbt.adapters.athena.constants adapter: Athena query ID 96e2d6b0-6e15-4462-a5fa-97ad68413fb1
[0m18:46:14.750933 [debug] [Thread-1 (]: dbt.adapters.athena.constants adapter: Athena query ID 01e2482e-b891-456e-83e5-ceb954752c17
[0m18:50:18.776116 [debug] [Thread-1 (]: dbt.adapters.athena.constants adapter: Athena query ID 358d990f-97b6-4078-be89-df8ece5aa689
[0m18:54:11.826714 [debug] [Thread-1 (]: dbt.adapters.athena.constants adapter: CAUGHT EXCEPTION: INVALID_CAST_ARGUMENT: Cannot cast '34041.702124152' to BIGINT. You may need to manually clean the data at location 's3://finance-lake-query-vk1911eu/tables/358d990f-97b6-4078-be89-df8ece5aa689' before retrying. Athena will not delete data in your account.
[0m18:54:11.862144 [debug] [Thread-1 (]: On model.finance_lakehouse.equities_clean: Close
[0m18:54:11.893783 [error] [Thread-1 (]: [31mUnhandled error while executing [0m
INVALID_CAST_ARGUMENT: Cannot cast '34041.702124152' to BIGINT. You may need to manually clean the data at location 's3://finance-lake-query-vk1911eu/tables/358d990f-97b6-4078-be89-df8ece5aa689' before retrying. Athena will not delete data in your account.
[0m18:54:12.144545 [debug] [Thread-1 (]: Traceback (most recent call last):
  File "/mnt/d/finance-lakehouse-aws/dbt/finance_dbt/.venv/lib/python3.12/site-packages/dbt/task/base.py", line 363, in safe_run
    result = self.compile_and_execute(manifest, ctx)
             ^^^^^^^^^^^^^^^^^^^^^^^^^^^^^^^^^^^^^^^
  File "/mnt/d/finance-lakehouse-aws/dbt/finance_dbt/.venv/lib/python3.12/site-packages/dbt/task/base.py", line 310, in compile_and_execute
    result = self.run(ctx.node, manifest)
             ^^^^^^^^^^^^^^^^^^^^^^^^^^^^
  File "/mnt/d/finance-lakehouse-aws/dbt/finance_dbt/.venv/lib/python3.12/site-packages/dbt/task/base.py", line 410, in run
    return self.execute(compiled_node, manifest)
           ^^^^^^^^^^^^^^^^^^^^^^^^^^^^^^^^^^^^^
  File "/mnt/d/finance-lakehouse-aws/dbt/finance_dbt/.venv/lib/python3.12/site-packages/dbt/task/run.py", line 336, in execute
    return self._execute_model(hook_ctx, context_config, model, context, materialization_macro)
           ^^^^^^^^^^^^^^^^^^^^^^^^^^^^^^^^^^^^^^^^^^^^^^^^^^^^^^^^^^^^^^^^^^^^^^^^^^^^^^^^^^^^
  File "/mnt/d/finance-lakehouse-aws/dbt/finance_dbt/.venv/lib/python3.12/site-packages/dbt/task/run.py", line 296, in _execute_model
    result = MacroGenerator(
             ^^^^^^^^^^^^^^^
  File "/mnt/d/finance-lakehouse-aws/dbt/finance_dbt/.venv/lib/python3.12/site-packages/dbt/clients/jinja.py", line 82, in __call__
    return self.call_macro(*args, **kwargs)
           ^^^^^^^^^^^^^^^^^^^^^^^^^^^^^^^^
  File "/mnt/d/finance-lakehouse-aws/dbt/finance_dbt/.venv/lib/python3.12/site-packages/dbt_common/clients/jinja.py", line 395, in call_macro
    return macro(*args, **kwargs)
           ^^^^^^^^^^^^^^^^^^^^^^
  File "/mnt/d/finance-lakehouse-aws/dbt/finance_dbt/.venv/lib/python3.12/site-packages/jinja2/runtime.py", line 770, in __call__
    return self._invoke(arguments, autoescape)
           ^^^^^^^^^^^^^^^^^^^^^^^^^^^^^^^^^^^
  File "/mnt/d/finance-lakehouse-aws/dbt/finance_dbt/.venv/lib/python3.12/site-packages/jinja2/runtime.py", line 784, in _invoke
    rv = self._func(*arguments)
         ^^^^^^^^^^^^^^^^^^^^^^
  File "<template>", line 145, in macro
  File "/mnt/d/finance-lakehouse-aws/dbt/finance_dbt/.venv/lib/python3.12/site-packages/jinja2/sandbox.py", line 401, in call
    return __context.call(__obj, *args, **kwargs)
           ^^^^^^^^^^^^^^^^^^^^^^^^^^^^^^^^^^^^^^
  File "/mnt/d/finance-lakehouse-aws/dbt/finance_dbt/.venv/lib/python3.12/site-packages/jinja2/runtime.py", line 303, in call
    return __obj(*args, **kwargs)
           ^^^^^^^^^^^^^^^^^^^^^^
  File "/mnt/d/finance-lakehouse-aws/dbt/finance_dbt/.venv/lib/python3.12/site-packages/dbt/clients/jinja.py", line 82, in __call__
    return self.call_macro(*args, **kwargs)
           ^^^^^^^^^^^^^^^^^^^^^^^^^^^^^^^^
  File "/mnt/d/finance-lakehouse-aws/dbt/finance_dbt/.venv/lib/python3.12/site-packages/dbt_common/clients/jinja.py", line 395, in call_macro
    return macro(*args, **kwargs)
           ^^^^^^^^^^^^^^^^^^^^^^
  File "/mnt/d/finance-lakehouse-aws/dbt/finance_dbt/.venv/lib/python3.12/site-packages/jinja2/runtime.py", line 770, in __call__
    return self._invoke(arguments, autoescape)
           ^^^^^^^^^^^^^^^^^^^^^^^^^^^^^^^^^^^
  File "/mnt/d/finance-lakehouse-aws/dbt/finance_dbt/.venv/lib/python3.12/site-packages/jinja2/runtime.py", line 784, in _invoke
    rv = self._func(*arguments)
         ^^^^^^^^^^^^^^^^^^^^^^
  File "<template>", line 50, in macro
  File "/mnt/d/finance-lakehouse-aws/dbt/finance_dbt/.venv/lib/python3.12/site-packages/jinja2/sandbox.py", line 401, in call
    return __context.call(__obj, *args, **kwargs)
           ^^^^^^^^^^^^^^^^^^^^^^^^^^^^^^^^^^^^^^
  File "/mnt/d/finance-lakehouse-aws/dbt/finance_dbt/.venv/lib/python3.12/site-packages/jinja2/runtime.py", line 303, in call
    return __obj(*args, **kwargs)
           ^^^^^^^^^^^^^^^^^^^^^^
  File "/mnt/d/finance-lakehouse-aws/dbt/finance_dbt/.venv/lib/python3.12/site-packages/dbt/adapters/athena/impl.py", line 1399, in run_query_with_partitions_limit_catching
    raise e
  File "/mnt/d/finance-lakehouse-aws/dbt/finance_dbt/.venv/lib/python3.12/site-packages/dbt/adapters/athena/impl.py", line 1395, in run_query_with_partitions_limit_catching
    cursor = self._run_query(sql, catch_partitions_limit=True)
             ^^^^^^^^^^^^^^^^^^^^^^^^^^^^^^^^^^^^^^^^^^^^^^^^^
  File "/mnt/d/finance-lakehouse-aws/dbt/finance_dbt/.venv/lib/python3.12/site-packages/dbt/adapters/athena/impl.py", line 1480, in _run_query
    raise e
  File "/mnt/d/finance-lakehouse-aws/dbt/finance_dbt/.venv/lib/python3.12/site-packages/dbt/adapters/athena/impl.py", line 1477, in _run_query
    cursor.execute(query, catch_partitions_limit=catch_partitions_limit)
  File "/mnt/d/finance-lakehouse-aws/dbt/finance_dbt/.venv/lib/python3.12/site-packages/dbt/adapters/athena/connections.py", line 229, in execute
    return inner()
           ^^^^^^^
  File "/mnt/d/finance-lakehouse-aws/dbt/finance_dbt/.venv/lib/python3.12/site-packages/tenacity/__init__.py", line 338, in wrapped_f
    return copy(f, *args, **kw)
           ^^^^^^^^^^^^^^^^^^^^
  File "/mnt/d/finance-lakehouse-aws/dbt/finance_dbt/.venv/lib/python3.12/site-packages/tenacity/__init__.py", line 477, in __call__
    do = self.iter(retry_state=retry_state)
         ^^^^^^^^^^^^^^^^^^^^^^^^^^^^^^^^^^
  File "/mnt/d/finance-lakehouse-aws/dbt/finance_dbt/.venv/lib/python3.12/site-packages/tenacity/__init__.py", line 378, in iter
    result = action(retry_state)
             ^^^^^^^^^^^^^^^^^^^
  File "/mnt/d/finance-lakehouse-aws/dbt/finance_dbt/.venv/lib/python3.12/site-packages/tenacity/__init__.py", line 420, in exc_check
    raise retry_exc.reraise()
          ^^^^^^^^^^^^^^^^^^^
  File "/mnt/d/finance-lakehouse-aws/dbt/finance_dbt/.venv/lib/python3.12/site-packages/tenacity/__init__.py", line 187, in reraise
    raise self.last_attempt.result()
          ^^^^^^^^^^^^^^^^^^^^^^^^^^
  File "/usr/lib/python3.12/concurrent/futures/_base.py", line 449, in result
    return self.__get_result()
           ^^^^^^^^^^^^^^^^^^^
  File "/usr/lib/python3.12/concurrent/futures/_base.py", line 401, in __get_result
    raise self._exception
  File "/mnt/d/finance-lakehouse-aws/dbt/finance_dbt/.venv/lib/python3.12/site-packages/tenacity/__init__.py", line 480, in __call__
    result = fn(*args, **kwargs)
             ^^^^^^^^^^^^^^^^^^^
  File "/mnt/d/finance-lakehouse-aws/dbt/finance_dbt/.venv/lib/python3.12/site-packages/dbt/adapters/athena/connections.py", line 227, in inner
    return execute_with_iceberg_retries()
           ^^^^^^^^^^^^^^^^^^^^^^^^^^^^^^
  File "/mnt/d/finance-lakehouse-aws/dbt/finance_dbt/.venv/lib/python3.12/site-packages/tenacity/__init__.py", line 338, in wrapped_f
    return copy(f, *args, **kw)
           ^^^^^^^^^^^^^^^^^^^^
  File "/mnt/d/finance-lakehouse-aws/dbt/finance_dbt/.venv/lib/python3.12/site-packages/tenacity/__init__.py", line 477, in __call__
    do = self.iter(retry_state=retry_state)
         ^^^^^^^^^^^^^^^^^^^^^^^^^^^^^^^^^^
  File "/mnt/d/finance-lakehouse-aws/dbt/finance_dbt/.venv/lib/python3.12/site-packages/tenacity/__init__.py", line 378, in iter
    result = action(retry_state)
             ^^^^^^^^^^^^^^^^^^^
  File "/mnt/d/finance-lakehouse-aws/dbt/finance_dbt/.venv/lib/python3.12/site-packages/tenacity/__init__.py", line 400, in <lambda>
    self._add_action_func(lambda rs: rs.outcome.result())
                                     ^^^^^^^^^^^^^^^^^^^
  File "/usr/lib/python3.12/concurrent/futures/_base.py", line 449, in result
    return self.__get_result()
           ^^^^^^^^^^^^^^^^^^^
  File "/usr/lib/python3.12/concurrent/futures/_base.py", line 401, in __get_result
    raise self._exception
  File "/mnt/d/finance-lakehouse-aws/dbt/finance_dbt/.venv/lib/python3.12/site-packages/tenacity/__init__.py", line 480, in __call__
    result = fn(*args, **kwargs)
             ^^^^^^^^^^^^^^^^^^^
  File "/mnt/d/finance-lakehouse-aws/dbt/finance_dbt/.venv/lib/python3.12/site-packages/dbt/adapters/athena/connections.py", line 225, in execute_with_iceberg_retries
    raise OperationalError(query_execution.state_change_reason)
pyathena.error.OperationalError: INVALID_CAST_ARGUMENT: Cannot cast '34041.702124152' to BIGINT. You may need to manually clean the data at location 's3://finance-lake-query-vk1911eu/tables/358d990f-97b6-4078-be89-df8ece5aa689' before retrying. Athena will not delete data in your account.

[0m18:54:12.288721 [debug] [Thread-1 (]: Sending event: {'category': 'dbt', 'action': 'run_model', 'label': 'b85c799a-7282-4d3f-839e-f7df723dfd31', 'context': [<snowplow_tracker.self_describing_json.SelfDescribingJson object at 0x7f1f66b70950>]}
[0m18:54:12.328319 [error] [Thread-1 (]: 1 of 2 ERROR creating sql table model finance-lake_db.equities_clean ........... [[31mERROR[0m in 1205.74s]
[0m18:54:12.335572 [debug] [Thread-1 (]: Finished running node model.finance_lakehouse.equities_clean
[0m18:54:12.357532 [debug] [Thread-4 (]: Marking all children of 'model.finance_lakehouse.equities_clean' to be skipped because of status 'error'.  Reason: INVALID_CAST_ARGUMENT: Cannot cast '34041.702124152' to BIGINT. You may need to manually clean the data at location 's3://finance-lake-query-vk1911eu/tables/358d990f-97b6-4078-be89-df8ece5aa689' before retrying. Athena will not delete data in your account..
[0m18:54:12.348342 [debug] [Thread-1 (]: Began running node model.finance_lakehouse.fred_clean
[0m18:54:12.388834 [info ] [Thread-1 (]: 2 of 2 START sql table model finance-lake_db.fred_clean ........................ [RUN]
[0m18:54:12.397722 [debug] [Thread-1 (]: Re-using an available connection from the pool (formerly model.finance_lakehouse.equities_clean, now model.finance_lakehouse.fred_clean)
[0m18:54:12.401087 [debug] [Thread-1 (]: Began compiling node model.finance_lakehouse.fred_clean
[0m18:54:12.473594 [debug] [Thread-1 (]: Writing injected SQL for node "model.finance_lakehouse.fred_clean"
[0m18:54:12.499610 [debug] [Thread-1 (]: Began executing node model.finance_lakehouse.fred_clean
[0m18:54:12.520205 [debug] [Thread-1 (]: Skip partitioning: False
[0m18:54:12.527781 [debug] [Thread-1 (]: Opening a new connection, currently in state closed
[0m18:54:46.202213 [debug] [Thread-1 (]: dbt.adapters.athena.constants adapter: S3 path does not exist
[0m18:54:46.214253 [debug] [Thread-1 (]: dbt.adapters.athena.constants adapter: Running Athena query:
-- /* {"app": "dbt", "dbt_version": "1.10.13", "profile_name": "finance_lakehouse", "target_name": "dev", "node_id": "model.finance_lakehouse.fred_clean"} */
create table "AwsDataCatalog"."finance-lake_db"."fred_clean"
    with (
      table_type='hive',
      is_external=true,external_location='s3://finance-lake-query-vk1911eu/tables/finance-lake_db/fred_clean/c6d2a54b-cf0b-4a78-b5ac-e2c6f1794bf3',
      partitioned_by=ARRAY['series'],
      format='parquet'
    )
    as
      

with src as (
  select
      series,
      cast(obs_date as date)  as date,
      cast(value    as double) as value
  from "AwsDataCatalog"."finance-lake_db"."fred_raw"
)

select
    -- non-partition columns first
    date,
    value,
    -- partition column LAST (matches partitioned_by)
    series
from src
[0m18:54:46.873851 [debug] [Thread-1 (]: dbt.adapters.athena.constants adapter: Athena query ID 0c19b445-6922-42e7-9f97-0902f9507ce5
[0m18:54:49.656018 [debug] [Thread-1 (]: dbt.adapters.athena.constants adapter: Athena query ID 1432d497-286e-4d0d-9e64-ebb0ac95a8a3
[0m18:54:51.902086 [debug] [Thread-1 (]: dbt.adapters.athena.constants adapter: Athena query ID 7af95fbf-1857-4775-a558-a7df5e2f33f3
[0m18:55:12.537251 [debug] [Thread-1 (]: dbt.adapters.athena.constants adapter: Athena query ID b06a3e4c-9716-433c-95fa-07fa3388f802
[0m18:55:53.802299 [debug] [Thread-1 (]: dbt.adapters.athena.constants adapter: Athena query ID 9e0568c2-0894-4a03-b217-d74ad5e1ce04
[0m18:56:10.493024 [debug] [Thread-1 (]: dbt.adapters.athena.constants adapter: Athena query ID 0cd98ebb-89a9-407d-8d32-193e74d2641f
[0m18:56:12.615977 [debug] [Thread-1 (]: dbt.adapters.athena.constants adapter: CAUGHT EXCEPTION: COLUMN_NOT_FOUND: line 12:11: Column 'obs_date' cannot be resolved or requester is not authorized to access requested resources. You may need to manually clean the data at location 's3://finance-lake-query-vk1911eu/tables/0cd98ebb-89a9-407d-8d32-193e74d2641f' before retrying. Athena will not delete data in your account.
[0m18:56:12.619702 [debug] [Thread-1 (]: On model.finance_lakehouse.fred_clean: Close
[0m18:56:12.623624 [error] [Thread-1 (]: [31mUnhandled error while executing [0m
COLUMN_NOT_FOUND: line 12:11: Column 'obs_date' cannot be resolved or requester is not authorized to access requested resources. You may need to manually clean the data at location 's3://finance-lake-query-vk1911eu/tables/0cd98ebb-89a9-407d-8d32-193e74d2641f' before retrying. Athena will not delete data in your account.
[0m18:56:12.691790 [debug] [Thread-1 (]: Traceback (most recent call last):
  File "/mnt/d/finance-lakehouse-aws/dbt/finance_dbt/.venv/lib/python3.12/site-packages/dbt/task/base.py", line 363, in safe_run
    result = self.compile_and_execute(manifest, ctx)
             ^^^^^^^^^^^^^^^^^^^^^^^^^^^^^^^^^^^^^^^
  File "/mnt/d/finance-lakehouse-aws/dbt/finance_dbt/.venv/lib/python3.12/site-packages/dbt/task/base.py", line 310, in compile_and_execute
    result = self.run(ctx.node, manifest)
             ^^^^^^^^^^^^^^^^^^^^^^^^^^^^
  File "/mnt/d/finance-lakehouse-aws/dbt/finance_dbt/.venv/lib/python3.12/site-packages/dbt/task/base.py", line 410, in run
    return self.execute(compiled_node, manifest)
           ^^^^^^^^^^^^^^^^^^^^^^^^^^^^^^^^^^^^^
  File "/mnt/d/finance-lakehouse-aws/dbt/finance_dbt/.venv/lib/python3.12/site-packages/dbt/task/run.py", line 336, in execute
    return self._execute_model(hook_ctx, context_config, model, context, materialization_macro)
           ^^^^^^^^^^^^^^^^^^^^^^^^^^^^^^^^^^^^^^^^^^^^^^^^^^^^^^^^^^^^^^^^^^^^^^^^^^^^^^^^^^^^
  File "/mnt/d/finance-lakehouse-aws/dbt/finance_dbt/.venv/lib/python3.12/site-packages/dbt/task/run.py", line 296, in _execute_model
    result = MacroGenerator(
             ^^^^^^^^^^^^^^^
  File "/mnt/d/finance-lakehouse-aws/dbt/finance_dbt/.venv/lib/python3.12/site-packages/dbt/clients/jinja.py", line 82, in __call__
    return self.call_macro(*args, **kwargs)
           ^^^^^^^^^^^^^^^^^^^^^^^^^^^^^^^^
  File "/mnt/d/finance-lakehouse-aws/dbt/finance_dbt/.venv/lib/python3.12/site-packages/dbt_common/clients/jinja.py", line 395, in call_macro
    return macro(*args, **kwargs)
           ^^^^^^^^^^^^^^^^^^^^^^
  File "/mnt/d/finance-lakehouse-aws/dbt/finance_dbt/.venv/lib/python3.12/site-packages/jinja2/runtime.py", line 770, in __call__
    return self._invoke(arguments, autoescape)
           ^^^^^^^^^^^^^^^^^^^^^^^^^^^^^^^^^^^
  File "/mnt/d/finance-lakehouse-aws/dbt/finance_dbt/.venv/lib/python3.12/site-packages/jinja2/runtime.py", line 784, in _invoke
    rv = self._func(*arguments)
         ^^^^^^^^^^^^^^^^^^^^^^
  File "<template>", line 145, in macro
  File "/mnt/d/finance-lakehouse-aws/dbt/finance_dbt/.venv/lib/python3.12/site-packages/jinja2/sandbox.py", line 401, in call
    return __context.call(__obj, *args, **kwargs)
           ^^^^^^^^^^^^^^^^^^^^^^^^^^^^^^^^^^^^^^
  File "/mnt/d/finance-lakehouse-aws/dbt/finance_dbt/.venv/lib/python3.12/site-packages/jinja2/runtime.py", line 303, in call
    return __obj(*args, **kwargs)
           ^^^^^^^^^^^^^^^^^^^^^^
  File "/mnt/d/finance-lakehouse-aws/dbt/finance_dbt/.venv/lib/python3.12/site-packages/dbt/clients/jinja.py", line 82, in __call__
    return self.call_macro(*args, **kwargs)
           ^^^^^^^^^^^^^^^^^^^^^^^^^^^^^^^^
  File "/mnt/d/finance-lakehouse-aws/dbt/finance_dbt/.venv/lib/python3.12/site-packages/dbt_common/clients/jinja.py", line 395, in call_macro
    return macro(*args, **kwargs)
           ^^^^^^^^^^^^^^^^^^^^^^
  File "/mnt/d/finance-lakehouse-aws/dbt/finance_dbt/.venv/lib/python3.12/site-packages/jinja2/runtime.py", line 770, in __call__
    return self._invoke(arguments, autoescape)
           ^^^^^^^^^^^^^^^^^^^^^^^^^^^^^^^^^^^
  File "/mnt/d/finance-lakehouse-aws/dbt/finance_dbt/.venv/lib/python3.12/site-packages/jinja2/runtime.py", line 784, in _invoke
    rv = self._func(*arguments)
         ^^^^^^^^^^^^^^^^^^^^^^
  File "<template>", line 50, in macro
  File "/mnt/d/finance-lakehouse-aws/dbt/finance_dbt/.venv/lib/python3.12/site-packages/jinja2/sandbox.py", line 401, in call
    return __context.call(__obj, *args, **kwargs)
           ^^^^^^^^^^^^^^^^^^^^^^^^^^^^^^^^^^^^^^
  File "/mnt/d/finance-lakehouse-aws/dbt/finance_dbt/.venv/lib/python3.12/site-packages/jinja2/runtime.py", line 303, in call
    return __obj(*args, **kwargs)
           ^^^^^^^^^^^^^^^^^^^^^^
  File "/mnt/d/finance-lakehouse-aws/dbt/finance_dbt/.venv/lib/python3.12/site-packages/dbt/adapters/athena/impl.py", line 1399, in run_query_with_partitions_limit_catching
    raise e
  File "/mnt/d/finance-lakehouse-aws/dbt/finance_dbt/.venv/lib/python3.12/site-packages/dbt/adapters/athena/impl.py", line 1395, in run_query_with_partitions_limit_catching
    cursor = self._run_query(sql, catch_partitions_limit=True)
             ^^^^^^^^^^^^^^^^^^^^^^^^^^^^^^^^^^^^^^^^^^^^^^^^^
  File "/mnt/d/finance-lakehouse-aws/dbt/finance_dbt/.venv/lib/python3.12/site-packages/dbt/adapters/athena/impl.py", line 1480, in _run_query
    raise e
  File "/mnt/d/finance-lakehouse-aws/dbt/finance_dbt/.venv/lib/python3.12/site-packages/dbt/adapters/athena/impl.py", line 1477, in _run_query
    cursor.execute(query, catch_partitions_limit=catch_partitions_limit)
  File "/mnt/d/finance-lakehouse-aws/dbt/finance_dbt/.venv/lib/python3.12/site-packages/dbt/adapters/athena/connections.py", line 229, in execute
    return inner()
           ^^^^^^^
  File "/mnt/d/finance-lakehouse-aws/dbt/finance_dbt/.venv/lib/python3.12/site-packages/tenacity/__init__.py", line 338, in wrapped_f
    return copy(f, *args, **kw)
           ^^^^^^^^^^^^^^^^^^^^
  File "/mnt/d/finance-lakehouse-aws/dbt/finance_dbt/.venv/lib/python3.12/site-packages/tenacity/__init__.py", line 477, in __call__
    do = self.iter(retry_state=retry_state)
         ^^^^^^^^^^^^^^^^^^^^^^^^^^^^^^^^^^
  File "/mnt/d/finance-lakehouse-aws/dbt/finance_dbt/.venv/lib/python3.12/site-packages/tenacity/__init__.py", line 378, in iter
    result = action(retry_state)
             ^^^^^^^^^^^^^^^^^^^
  File "/mnt/d/finance-lakehouse-aws/dbt/finance_dbt/.venv/lib/python3.12/site-packages/tenacity/__init__.py", line 420, in exc_check
    raise retry_exc.reraise()
          ^^^^^^^^^^^^^^^^^^^
  File "/mnt/d/finance-lakehouse-aws/dbt/finance_dbt/.venv/lib/python3.12/site-packages/tenacity/__init__.py", line 187, in reraise
    raise self.last_attempt.result()
          ^^^^^^^^^^^^^^^^^^^^^^^^^^
  File "/usr/lib/python3.12/concurrent/futures/_base.py", line 449, in result
    return self.__get_result()
           ^^^^^^^^^^^^^^^^^^^
  File "/usr/lib/python3.12/concurrent/futures/_base.py", line 401, in __get_result
    raise self._exception
  File "/mnt/d/finance-lakehouse-aws/dbt/finance_dbt/.venv/lib/python3.12/site-packages/tenacity/__init__.py", line 480, in __call__
    result = fn(*args, **kwargs)
             ^^^^^^^^^^^^^^^^^^^
  File "/mnt/d/finance-lakehouse-aws/dbt/finance_dbt/.venv/lib/python3.12/site-packages/dbt/adapters/athena/connections.py", line 227, in inner
    return execute_with_iceberg_retries()
           ^^^^^^^^^^^^^^^^^^^^^^^^^^^^^^
  File "/mnt/d/finance-lakehouse-aws/dbt/finance_dbt/.venv/lib/python3.12/site-packages/tenacity/__init__.py", line 338, in wrapped_f
    return copy(f, *args, **kw)
           ^^^^^^^^^^^^^^^^^^^^
  File "/mnt/d/finance-lakehouse-aws/dbt/finance_dbt/.venv/lib/python3.12/site-packages/tenacity/__init__.py", line 477, in __call__
    do = self.iter(retry_state=retry_state)
         ^^^^^^^^^^^^^^^^^^^^^^^^^^^^^^^^^^
  File "/mnt/d/finance-lakehouse-aws/dbt/finance_dbt/.venv/lib/python3.12/site-packages/tenacity/__init__.py", line 378, in iter
    result = action(retry_state)
             ^^^^^^^^^^^^^^^^^^^
  File "/mnt/d/finance-lakehouse-aws/dbt/finance_dbt/.venv/lib/python3.12/site-packages/tenacity/__init__.py", line 400, in <lambda>
    self._add_action_func(lambda rs: rs.outcome.result())
                                     ^^^^^^^^^^^^^^^^^^^
  File "/usr/lib/python3.12/concurrent/futures/_base.py", line 449, in result
    return self.__get_result()
           ^^^^^^^^^^^^^^^^^^^
  File "/usr/lib/python3.12/concurrent/futures/_base.py", line 401, in __get_result
    raise self._exception
  File "/mnt/d/finance-lakehouse-aws/dbt/finance_dbt/.venv/lib/python3.12/site-packages/tenacity/__init__.py", line 480, in __call__
    result = fn(*args, **kwargs)
             ^^^^^^^^^^^^^^^^^^^
  File "/mnt/d/finance-lakehouse-aws/dbt/finance_dbt/.venv/lib/python3.12/site-packages/dbt/adapters/athena/connections.py", line 225, in execute_with_iceberg_retries
    raise OperationalError(query_execution.state_change_reason)
pyathena.error.OperationalError: COLUMN_NOT_FOUND: line 12:11: Column 'obs_date' cannot be resolved or requester is not authorized to access requested resources. You may need to manually clean the data at location 's3://finance-lake-query-vk1911eu/tables/0cd98ebb-89a9-407d-8d32-193e74d2641f' before retrying. Athena will not delete data in your account.

[0m18:56:12.694693 [debug] [Thread-1 (]: Sending event: {'category': 'dbt', 'action': 'run_model', 'label': 'b85c799a-7282-4d3f-839e-f7df723dfd31', 'context': [<snowplow_tracker.self_describing_json.SelfDescribingJson object at 0x7f1f1f5fe6f0>]}
[0m18:56:12.697595 [error] [Thread-1 (]: 2 of 2 ERROR creating sql table model finance-lake_db.fred_clean ............... [[31mERROR[0m in 120.30s]
[0m18:56:12.700934 [debug] [Thread-1 (]: Finished running node model.finance_lakehouse.fred_clean
[0m18:56:12.704494 [debug] [Thread-4 (]: Marking all children of 'model.finance_lakehouse.fred_clean' to be skipped because of status 'error'.  Reason: COLUMN_NOT_FOUND: line 12:11: Column 'obs_date' cannot be resolved or requester is not authorized to access requested resources. You may need to manually clean the data at location 's3://finance-lake-query-vk1911eu/tables/0cd98ebb-89a9-407d-8d32-193e74d2641f' before retrying. Athena will not delete data in your account..
[0m18:56:12.716048 [debug] [MainThread]: Connection 'master' was properly closed.
[0m18:56:12.720133 [debug] [MainThread]: Connection 'model.finance_lakehouse.fred_clean' was properly closed.
[0m18:56:12.723839 [info ] [MainThread]: 
[0m18:56:12.727832 [info ] [MainThread]: Finished running 2 table models in 0 hours 23 minutes and 38.88 seconds (1418.88s).
[0m18:56:12.733295 [debug] [MainThread]: Command end result
[0m18:56:12.835157 [debug] [MainThread]: Wrote artifact WritableManifest to /mnt/d/finance-lakehouse-aws/dbt/finance_dbt/target/manifest.json
[0m18:56:12.903611 [debug] [MainThread]: Wrote artifact SemanticManifest to /mnt/d/finance-lakehouse-aws/dbt/finance_dbt/target/semantic_manifest.json
[0m18:56:12.931333 [debug] [MainThread]: Wrote artifact RunExecutionResult to /mnt/d/finance-lakehouse-aws/dbt/finance_dbt/target/run_results.json
[0m18:56:12.935120 [info ] [MainThread]: 
[0m18:56:12.940801 [info ] [MainThread]: [31mCompleted with 2 errors, 0 partial successes, and 0 warnings:[0m
[0m18:56:12.944980 [info ] [MainThread]: 
[0m18:56:12.949634 [error] [MainThread]: [31mFailure in model equities_clean (models/silver/equities_clean.sql)[0m
[0m18:56:12.954314 [error] [MainThread]:   INVALID_CAST_ARGUMENT: Cannot cast '34041.702124152' to BIGINT. You may need to manually clean the data at location 's3://finance-lake-query-vk1911eu/tables/358d990f-97b6-4078-be89-df8ece5aa689' before retrying. Athena will not delete data in your account.
[0m18:56:12.959142 [info ] [MainThread]: 
[0m18:56:12.963535 [info ] [MainThread]:   compiled code at target/compiled/finance_lakehouse/models/silver/equities_clean.sql
[0m18:56:12.968962 [info ] [MainThread]: 
[0m18:56:12.972953 [error] [MainThread]: [31mFailure in model fred_clean (models/silver/fred_clean.sql)[0m
[0m18:56:12.977682 [error] [MainThread]:   COLUMN_NOT_FOUND: line 12:11: Column 'obs_date' cannot be resolved or requester is not authorized to access requested resources. You may need to manually clean the data at location 's3://finance-lake-query-vk1911eu/tables/0cd98ebb-89a9-407d-8d32-193e74d2641f' before retrying. Athena will not delete data in your account.
[0m18:56:12.981218 [info ] [MainThread]: 
[0m18:56:12.986090 [info ] [MainThread]:   compiled code at target/compiled/finance_lakehouse/models/silver/fred_clean.sql
[0m18:56:12.989661 [info ] [MainThread]: 
[0m18:56:12.994771 [info ] [MainThread]: Done. PASS=0 WARN=0 ERROR=2 SKIP=0 NO-OP=0 TOTAL=2
[0m18:56:13.012449 [debug] [MainThread]: Resource report: {"command_name": "run", "command_success": false, "command_wall_clock_time": 1495.6332, "process_in_blocks": "12896", "process_kernel_time": 8.090531, "process_mem_max_rss": "198492", "process_out_blocks": "0", "process_user_time": 12.061526}
[0m18:56:13.016992 [debug] [MainThread]: Command `dbt run` failed at 18:56:13.016842 after 1495.64 seconds
[0m18:56:13.021544 [debug] [MainThread]: Sending event: {'category': 'dbt', 'action': 'invocation', 'label': 'end', 'context': [<snowplow_tracker.self_describing_json.SelfDescribingJson object at 0x7f1f67fdd490>, <snowplow_tracker.self_describing_json.SelfDescribingJson object at 0x7f1f3019f230>, <snowplow_tracker.self_describing_json.SelfDescribingJson object at 0x7f1f3019f170>]}
[0m18:56:13.025559 [debug] [MainThread]: Flushing usage events
[0m18:56:14.095214 [debug] [MainThread]: An error was encountered while trying to flush usage events
[0m19:21:14.695496 [debug] [MainThread]: Sending event: {'category': 'dbt', 'action': 'invocation', 'label': 'start', 'context': [<snowplow_tracker.self_describing_json.SelfDescribingJson object at 0x7f717e23b500>, <snowplow_tracker.self_describing_json.SelfDescribingJson object at 0x7f717dd46930>, <snowplow_tracker.self_describing_json.SelfDescribingJson object at 0x7f717d9f5ee0>]}


============================== 19:21:14.736908 | b00a6c73-6d35-4ccb-8c91-0fa62104289d ==============================
[0m19:21:14.736908 [info ] [MainThread]: Running with dbt=1.10.13
[0m19:21:14.740744 [debug] [MainThread]: running dbt with arguments {'log_path': '/mnt/d/finance-lakehouse-aws/dbt/finance_dbt/logs', 'profiles_dir': '/home/vaishu19/.dbt', 'warn_error': 'None', 'introspect': 'True', 'printer_width': '80', 'send_anonymous_usage_stats': 'True', 'invocation_command': 'dbt clean', 'log_cache_events': 'False', 'no_print': 'None', 'quiet': 'False', 'warn_error_options': 'WarnErrorOptionsV2(error=[], warn=[], silence=[])', 'indirect_selection': 'eager', 'log_format': 'default', 'static_parser': 'True', 'target_path': 'None', 'version_check': 'True', 'write_json': 'True', 'cache_selected_only': 'False', 'empty': 'None', 'use_colors': 'True', 'debug': 'False', 'use_experimental_parser': 'False', 'fail_fast': 'False', 'partial_parse': 'True'}
[0m19:21:15.611321 [debug] [MainThread]: Sending event: {'category': 'dbt', 'action': 'project_id', 'label': 'b00a6c73-6d35-4ccb-8c91-0fa62104289d', 'context': [<snowplow_tracker.self_describing_json.SelfDescribingJson object at 0x7f717ccd2f30>]}
[0m19:21:16.514851 [debug] [MainThread]: Resource report: {"command_name": "clean", "command_success": true, "command_wall_clock_time": 1.9190576, "process_in_blocks": "12016", "process_kernel_time": 2.776167, "process_mem_max_rss": "101408", "process_out_blocks": "0", "process_user_time": 2.300796}
[0m19:21:16.518212 [debug] [MainThread]: Command `dbt clean` succeeded at 19:21:16.518020 after 1.92 seconds
[0m19:21:16.521100 [debug] [MainThread]: Sending event: {'category': 'dbt', 'action': 'invocation', 'label': 'end', 'context': [<snowplow_tracker.self_describing_json.SelfDescribingJson object at 0x7f717dd46930>, <snowplow_tracker.self_describing_json.SelfDescribingJson object at 0x7f717d1f2fc0>, <snowplow_tracker.self_describing_json.SelfDescribingJson object at 0x7f717dce7560>]}
[0m19:21:16.524055 [debug] [MainThread]: Flushing usage events
[0m19:21:17.509896 [debug] [MainThread]: An error was encountered while trying to flush usage events
[0m19:31:09.513674 [debug] [MainThread]: Sending event: {'category': 'dbt', 'action': 'invocation', 'label': 'start', 'context': [<snowplow_tracker.self_describing_json.SelfDescribingJson object at 0x7f522b05bd10>, <snowplow_tracker.self_describing_json.SelfDescribingJson object at 0x7f522c6a8b00>, <snowplow_tracker.self_describing_json.SelfDescribingJson object at 0x7f522ab2e720>]}


============================== 19:31:09.550956 | bf6e9954-19e4-4db4-9e6a-e6285cbad2c7 ==============================
[0m19:31:09.550956 [info ] [MainThread]: Running with dbt=1.10.13
[0m19:31:09.553828 [debug] [MainThread]: running dbt with arguments {'warn_error': 'None', 'static_parser': 'True', 'introspect': 'True', 'invocation_command': 'dbt clean', 'fail_fast': 'False', 'quiet': 'False', 'no_print': 'None', 'send_anonymous_usage_stats': 'True', 'target_path': 'None', 'cache_selected_only': 'False', 'log_format': 'default', 'use_colors': 'True', 'debug': 'False', 'partial_parse': 'True', 'printer_width': '80', 'version_check': 'True', 'use_experimental_parser': 'False', 'profiles_dir': '/home/vaishu19/.dbt', 'log_cache_events': 'False', 'indirect_selection': 'eager', 'empty': 'None', 'log_path': '/mnt/d/finance-lakehouse-aws/dbt/finance_dbt/logs', 'warn_error_options': 'WarnErrorOptionsV2(error=[], warn=[], silence=[])', 'write_json': 'True'}
[0m19:31:10.462698 [debug] [MainThread]: Sending event: {'category': 'dbt', 'action': 'project_id', 'label': 'bf6e9954-19e4-4db4-9e6a-e6285cbad2c7', 'context': [<snowplow_tracker.self_describing_json.SelfDescribingJson object at 0x7f522a016e70>]}
[0m19:31:11.160167 [debug] [MainThread]: Resource report: {"command_name": "clean", "command_success": true, "command_wall_clock_time": 1.7394507, "process_in_blocks": "12016", "process_kernel_time": 1.164471, "process_mem_max_rss": "101152", "process_out_blocks": "0", "process_user_time": 1.81352}
[0m19:31:11.163173 [debug] [MainThread]: Command `dbt clean` succeeded at 19:31:11.162963 after 1.74 seconds
[0m19:31:11.165729 [debug] [MainThread]: Sending event: {'category': 'dbt', 'action': 'invocation', 'label': 'end', 'context': [<snowplow_tracker.self_describing_json.SelfDescribingJson object at 0x7f5229fc5040>, <snowplow_tracker.self_describing_json.SelfDescribingJson object at 0x7f522a7b1790>, <snowplow_tracker.self_describing_json.SelfDescribingJson object at 0x7f5229d9f4d0>]}
[0m19:31:11.168250 [debug] [MainThread]: Flushing usage events
[0m19:31:12.134685 [debug] [MainThread]: An error was encountered while trying to flush usage events
[0m19:31:55.310488 [debug] [MainThread]: Sending event: {'category': 'dbt', 'action': 'invocation', 'label': 'start', 'context': [<snowplow_tracker.self_describing_json.SelfDescribingJson object at 0x7f5c7384c0b0>, <snowplow_tracker.self_describing_json.SelfDescribingJson object at 0x7f5c734f15b0>, <snowplow_tracker.self_describing_json.SelfDescribingJson object at 0x7f5c7384d760>]}


============================== 19:31:55.347383 | e7819702-f70c-41bd-833f-d034ddde802b ==============================
[0m19:31:55.347383 [info ] [MainThread]: Running with dbt=1.10.13
[0m19:31:55.349069 [debug] [MainThread]: running dbt with arguments {'indirect_selection': 'eager', 'use_experimental_parser': 'False', 'use_colors': 'True', 'printer_width': '80', 'quiet': 'False', 'no_print': 'None', 'static_parser': 'True', 'debug': 'False', 'cache_selected_only': 'False', 'invocation_command': 'dbt run -s fred_clean --full-refresh', 'partial_parse': 'True', 'empty': 'False', 'send_anonymous_usage_stats': 'True', 'warn_error_options': 'WarnErrorOptionsV2(error=[], warn=[], silence=[])', 'warn_error': 'None', 'target_path': 'None', 'log_path': '/mnt/d/finance-lakehouse-aws/dbt/finance_dbt/logs', 'fail_fast': 'False', 'profiles_dir': '/home/vaishu19/.dbt', 'version_check': 'True', 'log_cache_events': 'False', 'introspect': 'True', 'log_format': 'default', 'write_json': 'True'}
[0m19:32:11.880643 [debug] [MainThread]: Sending event: {'category': 'dbt', 'action': 'project_id', 'label': 'e7819702-f70c-41bd-833f-d034ddde802b', 'context': [<snowplow_tracker.self_describing_json.SelfDescribingJson object at 0x7f5c72812090>]}
[0m19:32:11.990107 [debug] [MainThread]: Sending event: {'category': 'dbt', 'action': 'adapter_info', 'label': 'e7819702-f70c-41bd-833f-d034ddde802b', 'context': [<snowplow_tracker.self_describing_json.SelfDescribingJson object at 0x7f5c72dfc410>]}
[0m19:32:12.048284 [info ] [MainThread]: Registered adapter: athena=1.9.5
[0m19:32:45.067416 [debug] [MainThread]: checksum: 9f0c81e2574b4ff463f3d16d080df83c6982fc0372c9feeacae0504ac9ea3ffe, vars: {}, profile: , target: , version: 1.10.13
[0m19:32:45.101165 [info ] [MainThread]: Unable to do partial parsing because saved manifest not found. Starting full parse.
[0m19:32:45.103391 [debug] [MainThread]: Sending event: {'category': 'dbt', 'action': 'partial_parser', 'label': 'e7819702-f70c-41bd-833f-d034ddde802b', 'context': [<snowplow_tracker.self_describing_json.SelfDescribingJson object at 0x7f5c72812150>]}
[0m19:32:53.035906 [error] [MainThread]: Encountered an error:
Compilation Error
  dbt found two sources with the name "raw_fred_raw".
  
  Since these resources have the same name, dbt will be unable to find the correct resource
  when looking for source("raw", "fred_raw").
  
  To fix this, change the name of one of these resources:
  - source.finance_lakehouse.raw.fred_raw (models/sources/raw.yml)
  - source.finance_lakehouse.raw.fred_raw (models/sources.yml)
[0m19:32:53.047224 [debug] [MainThread]: Resource report: {"command_name": "run", "command_success": false, "command_wall_clock_time": 57.833393, "process_in_blocks": "12864", "process_kernel_time": 1.899524, "process_mem_max_rss": "131496", "process_out_blocks": "0", "process_user_time": 3.451824}
[0m19:32:53.050321 [debug] [MainThread]: Command `dbt run` failed at 19:32:53.050175 after 57.84 seconds
[0m19:32:53.053573 [debug] [MainThread]: Sending event: {'category': 'dbt', 'action': 'invocation', 'label': 'end', 'context': [<snowplow_tracker.self_describing_json.SelfDescribingJson object at 0x7f5c7571ec60>, <snowplow_tracker.self_describing_json.SelfDescribingJson object at 0x7f5c771687a0>, <snowplow_tracker.self_describing_json.SelfDescribingJson object at 0x7f5c74e58ef0>]}
[0m19:32:53.056742 [debug] [MainThread]: Flushing usage events
[0m19:32:54.029869 [debug] [MainThread]: An error was encountered while trying to flush usage events
[0m19:33:36.987276 [debug] [MainThread]: Sending event: {'category': 'dbt', 'action': 'invocation', 'label': 'start', 'context': [<snowplow_tracker.self_describing_json.SelfDescribingJson object at 0x7f3210af6b10>, <snowplow_tracker.self_describing_json.SelfDescribingJson object at 0x7f3210348440>, <snowplow_tracker.self_describing_json.SelfDescribingJson object at 0x7f321034b5c0>]}


============================== 19:33:37.022556 | d54fceb2-9256-4460-a5d8-ba67c8e38144 ==============================
[0m19:33:37.022556 [info ] [MainThread]: Running with dbt=1.10.13
[0m19:33:37.024803 [debug] [MainThread]: running dbt with arguments {'log_format': 'default', 'log_path': '/mnt/d/finance-lakehouse-aws/dbt/finance_dbt/logs', 'log_cache_events': 'False', 'static_parser': 'True', 'use_colors': 'True', 'quiet': 'False', 'introspect': 'True', 'partial_parse': 'True', 'empty': 'False', 'target_path': 'None', 'printer_width': '80', 'use_experimental_parser': 'False', 'warn_error_options': 'WarnErrorOptionsV2(error=[], warn=[], silence=[])', 'invocation_command': 'dbt run -s equities_clean --full-refresh', 'warn_error': 'None', 'debug': 'False', 'fail_fast': 'False', 'no_print': 'None', 'cache_selected_only': 'False', 'profiles_dir': '/home/vaishu19/.dbt', 'send_anonymous_usage_stats': 'True', 'write_json': 'True', 'indirect_selection': 'eager', 'version_check': 'True'}
[0m19:33:53.886291 [debug] [MainThread]: Sending event: {'category': 'dbt', 'action': 'project_id', 'label': 'd54fceb2-9256-4460-a5d8-ba67c8e38144', 'context': [<snowplow_tracker.self_describing_json.SelfDescribingJson object at 0x7f320ed0c560>]}
[0m19:33:54.005555 [debug] [MainThread]: Sending event: {'category': 'dbt', 'action': 'adapter_info', 'label': 'd54fceb2-9256-4460-a5d8-ba67c8e38144', 'context': [<snowplow_tracker.self_describing_json.SelfDescribingJson object at 0x7f3212053d40>]}
[0m19:33:54.063608 [info ] [MainThread]: Registered adapter: athena=1.9.5
[0m19:34:30.066705 [debug] [MainThread]: checksum: 9f0c81e2574b4ff463f3d16d080df83c6982fc0372c9feeacae0504ac9ea3ffe, vars: {}, profile: , target: , version: 1.10.13
[0m19:34:30.105123 [info ] [MainThread]: Unable to do partial parsing because saved manifest not found. Starting full parse.
[0m19:34:30.107307 [debug] [MainThread]: Sending event: {'category': 'dbt', 'action': 'partial_parser', 'label': 'd54fceb2-9256-4460-a5d8-ba67c8e38144', 'context': [<snowplow_tracker.self_describing_json.SelfDescribingJson object at 0x7f320ece8f80>]}
[0m19:34:38.679061 [error] [MainThread]: Encountered an error:
Compilation Error
  dbt found two sources with the name "raw_fred_raw".
  
  Since these resources have the same name, dbt will be unable to find the correct resource
  when looking for source("raw", "fred_raw").
  
  To fix this, change the name of one of these resources:
  - source.finance_lakehouse.raw.fred_raw (models/sources/raw.yml)
  - source.finance_lakehouse.raw.fred_raw (models/sources.yml)
[0m19:34:38.693515 [debug] [MainThread]: Resource report: {"command_name": "run", "command_success": false, "command_wall_clock_time": 61.795773, "process_in_blocks": "12864", "process_kernel_time": 2.006473, "process_mem_max_rss": "129884", "process_out_blocks": "0", "process_user_time": 3.737549}
[0m19:34:38.697601 [debug] [MainThread]: Command `dbt run` failed at 19:34:38.697444 after 61.80 seconds
[0m19:34:38.700772 [debug] [MainThread]: Sending event: {'category': 'dbt', 'action': 'invocation', 'label': 'end', 'context': [<snowplow_tracker.self_describing_json.SelfDescribingJson object at 0x7f320fbe77d0>, <snowplow_tracker.self_describing_json.SelfDescribingJson object at 0x7f320e951760>, <snowplow_tracker.self_describing_json.SelfDescribingJson object at 0x7f320e950170>]}
[0m19:34:38.703987 [debug] [MainThread]: Flushing usage events
[0m19:34:39.862131 [debug] [MainThread]: An error was encountered while trying to flush usage events
[0m19:39:07.929500 [debug] [MainThread]: Sending event: {'category': 'dbt', 'action': 'invocation', 'label': 'start', 'context': [<snowplow_tracker.self_describing_json.SelfDescribingJson object at 0x7f4ffb6c5760>, <snowplow_tracker.self_describing_json.SelfDescribingJson object at 0x7f4ffb9830b0>, <snowplow_tracker.self_describing_json.SelfDescribingJson object at 0x7f4ffb563e90>]}


============================== 19:39:07.946189 | bf853be0-6e7d-4846-89da-9204fceba3a8 ==============================
[0m19:39:07.946189 [info ] [MainThread]: Running with dbt=1.10.13
[0m19:39:07.948309 [debug] [MainThread]: running dbt with arguments {'quiet': 'False', 'target_path': 'None', 'use_colors': 'True', 'log_cache_events': 'False', 'no_print': 'None', 'warn_error': 'None', 'use_experimental_parser': 'False', 'partial_parse': 'True', 'printer_width': '80', 'version_check': 'True', 'log_path': '/mnt/d/finance-lakehouse-aws/dbt/finance_dbt/logs', 'introspect': 'True', 'send_anonymous_usage_stats': 'True', 'empty': 'None', 'profiles_dir': '/home/vaishu19/.dbt', 'invocation_command': 'dbt clean', 'debug': 'False', 'write_json': 'True', 'cache_selected_only': 'False', 'warn_error_options': 'WarnErrorOptionsV2(error=[], warn=[], silence=[])', 'indirect_selection': 'eager', 'log_format': 'default', 'fail_fast': 'False', 'static_parser': 'True'}
[0m19:39:08.876925 [debug] [MainThread]: Sending event: {'category': 'dbt', 'action': 'project_id', 'label': 'bf853be0-6e7d-4846-89da-9204fceba3a8', 'context': [<snowplow_tracker.self_describing_json.SelfDescribingJson object at 0x7f4ffaf2bda0>]}
[0m19:39:09.727312 [debug] [MainThread]: Resource report: {"command_name": "clean", "command_success": true, "command_wall_clock_time": 1.8629632, "process_in_blocks": "12016", "process_kernel_time": 1.364119, "process_mem_max_rss": "101172", "process_out_blocks": "0", "process_user_time": 1.933397}
[0m19:39:09.730025 [debug] [MainThread]: Command `dbt clean` succeeded at 19:39:09.729905 after 1.87 seconds
[0m19:39:09.732232 [debug] [MainThread]: Sending event: {'category': 'dbt', 'action': 'invocation', 'label': 'end', 'context': [<snowplow_tracker.self_describing_json.SelfDescribingJson object at 0x7f4ffb6c5760>, <snowplow_tracker.self_describing_json.SelfDescribingJson object at 0x7f4ffae03ce0>, <snowplow_tracker.self_describing_json.SelfDescribingJson object at 0x7f4ffacdbf20>]}
[0m19:39:09.734661 [debug] [MainThread]: Flushing usage events
[0m19:39:10.891859 [debug] [MainThread]: An error was encountered while trying to flush usage events
[0m19:39:55.060698 [debug] [MainThread]: Sending event: {'category': 'dbt', 'action': 'invocation', 'label': 'start', 'context': [<snowplow_tracker.self_describing_json.SelfDescribingJson object at 0x7f7427b76c00>, <snowplow_tracker.self_describing_json.SelfDescribingJson object at 0x7f7427aee510>, <snowplow_tracker.self_describing_json.SelfDescribingJson object at 0x7f7427b76ab0>]}


============================== 19:39:55.099681 | 6d4c1db5-535a-47b0-acd2-06553942fe42 ==============================
[0m19:39:55.099681 [info ] [MainThread]: Running with dbt=1.10.13
[0m19:39:55.104307 [debug] [MainThread]: running dbt with arguments {'log_cache_events': 'False', 'send_anonymous_usage_stats': 'True', 'log_format': 'default', 'no_print': 'None', 'fail_fast': 'False', 'use_experimental_parser': 'False', 'log_path': '/mnt/d/finance-lakehouse-aws/dbt/finance_dbt/logs', 'version_check': 'True', 'target_path': 'None', 'empty': 'None', 'indirect_selection': 'eager', 'warn_error': 'None', 'printer_width': '80', 'profiles_dir': '/home/vaishu19/.dbt', 'write_json': 'True', 'partial_parse': 'True', 'warn_error_options': 'WarnErrorOptionsV2(error=[], warn=[], silence=[])', 'introspect': 'True', 'static_parser': 'True', 'invocation_command': 'dbt parse', 'use_colors': 'True', 'quiet': 'False', 'debug': 'False', 'cache_selected_only': 'False'}
[0m19:40:12.597078 [debug] [MainThread]: Sending event: {'category': 'dbt', 'action': 'project_id', 'label': '6d4c1db5-535a-47b0-acd2-06553942fe42', 'context': [<snowplow_tracker.self_describing_json.SelfDescribingJson object at 0x7f74294b6870>]}
[0m19:40:12.709721 [debug] [MainThread]: Sending event: {'category': 'dbt', 'action': 'adapter_info', 'label': '6d4c1db5-535a-47b0-acd2-06553942fe42', 'context': [<snowplow_tracker.self_describing_json.SelfDescribingJson object at 0x7f74273129f0>]}
[0m19:40:12.763519 [info ] [MainThread]: Registered adapter: athena=1.9.5
[0m19:40:48.450010 [debug] [MainThread]: checksum: 9f0c81e2574b4ff463f3d16d080df83c6982fc0372c9feeacae0504ac9ea3ffe, vars: {}, profile: , target: , version: 1.10.13
[0m19:40:48.490167 [info ] [MainThread]: Unable to do partial parsing because saved manifest not found. Starting full parse.
[0m19:40:48.493086 [debug] [MainThread]: Sending event: {'category': 'dbt', 'action': 'partial_parser', 'label': '6d4c1db5-535a-47b0-acd2-06553942fe42', 'context': [<snowplow_tracker.self_describing_json.SelfDescribingJson object at 0x7f7425c00b90>]}
[0m19:40:56.161842 [debug] [MainThread]: Sending event: {'category': 'dbt', 'action': 'load_project', 'label': '6d4c1db5-535a-47b0-acd2-06553942fe42', 'context': [<snowplow_tracker.self_describing_json.SelfDescribingJson object at 0x7f74259ad580>]}
[0m19:40:56.183575 [info ] [MainThread]: Performance info: /mnt/d/finance-lakehouse-aws/dbt/finance_dbt/target/perf_info.json
[0m19:40:56.300138 [debug] [MainThread]: Wrote artifact WritableManifest to /mnt/d/finance-lakehouse-aws/dbt/finance_dbt/target/manifest.json
[0m19:40:56.345781 [debug] [MainThread]: Wrote artifact SemanticManifest to /mnt/d/finance-lakehouse-aws/dbt/finance_dbt/target/semantic_manifest.json
[0m19:40:56.358096 [debug] [MainThread]: Resource report: {"command_name": "parse", "command_success": true, "command_wall_clock_time": 61.38782, "process_in_blocks": "12896", "process_kernel_time": 2.270831, "process_mem_max_rss": "133352", "process_out_blocks": "0", "process_user_time": 3.900128}
[0m19:40:56.361917 [debug] [MainThread]: Command `dbt parse` succeeded at 19:40:56.361756 after 61.39 seconds
[0m19:40:56.364896 [debug] [MainThread]: Sending event: {'category': 'dbt', 'action': 'invocation', 'label': 'end', 'context': [<snowplow_tracker.self_describing_json.SelfDescribingJson object at 0x7f74296fdfa0>, <snowplow_tracker.self_describing_json.SelfDescribingJson object at 0x7f74258f2450>, <snowplow_tracker.self_describing_json.SelfDescribingJson object at 0x7f7427052450>]}
[0m19:40:56.368078 [debug] [MainThread]: Flushing usage events
[0m19:40:57.440712 [debug] [MainThread]: An error was encountered while trying to flush usage events
[0m19:41:41.644989 [debug] [MainThread]: Sending event: {'category': 'dbt', 'action': 'invocation', 'label': 'start', 'context': [<snowplow_tracker.self_describing_json.SelfDescribingJson object at 0x7f2a6d4f6d20>, <snowplow_tracker.self_describing_json.SelfDescribingJson object at 0x7f2a6f515b20>, <snowplow_tracker.self_describing_json.SelfDescribingJson object at 0x7f2a6d290ec0>]}


============================== 19:41:41.685318 | 2155c52b-f751-4ccd-aff1-6b23562785b0 ==============================
[0m19:41:41.685318 [info ] [MainThread]: Running with dbt=1.10.13
[0m19:41:41.688371 [debug] [MainThread]: running dbt with arguments {'target_path': 'None', 'no_print': 'None', 'fail_fast': 'False', 'use_experimental_parser': 'False', 'cache_selected_only': 'False', 'static_parser': 'True', 'log_format': 'default', 'warn_error': 'None', 'quiet': 'False', 'use_colors': 'True', 'warn_error_options': 'WarnErrorOptionsV2(error=[], warn=[], silence=[])', 'printer_width': '80', 'version_check': 'True', 'partial_parse': 'True', 'send_anonymous_usage_stats': 'True', 'introspect': 'True', 'log_path': '/mnt/d/finance-lakehouse-aws/dbt/finance_dbt/logs', 'log_cache_events': 'False', 'indirect_selection': 'eager', 'empty': 'False', 'invocation_command': 'dbt run -s fred_clean --full-refresh', 'write_json': 'True', 'debug': 'False', 'profiles_dir': '/home/vaishu19/.dbt'}
[0m19:41:58.138735 [debug] [MainThread]: Sending event: {'category': 'dbt', 'action': 'project_id', 'label': '2155c52b-f751-4ccd-aff1-6b23562785b0', 'context': [<snowplow_tracker.self_describing_json.SelfDescribingJson object at 0x7f2a6f2d27e0>]}
[0m19:41:58.278745 [debug] [MainThread]: Sending event: {'category': 'dbt', 'action': 'adapter_info', 'label': '2155c52b-f751-4ccd-aff1-6b23562785b0', 'context': [<snowplow_tracker.self_describing_json.SelfDescribingJson object at 0x7f2a6da07050>]}
[0m19:41:58.340272 [info ] [MainThread]: Registered adapter: athena=1.9.5
[0m19:42:35.360738 [debug] [MainThread]: checksum: 9f0c81e2574b4ff463f3d16d080df83c6982fc0372c9feeacae0504ac9ea3ffe, vars: {}, profile: , target: , version: 1.10.13
[0m19:42:42.566013 [debug] [MainThread]: Partial parsing enabled: 0 files deleted, 0 files added, 0 files changed.
[0m19:42:42.569001 [debug] [MainThread]: Partial parsing enabled, no changes found, skipping parsing
[0m19:42:42.594980 [debug] [MainThread]: Sending event: {'category': 'dbt', 'action': 'load_project', 'label': '2155c52b-f751-4ccd-aff1-6b23562785b0', 'context': [<snowplow_tracker.self_describing_json.SelfDescribingJson object at 0x7f2a6babf980>]}
[0m19:42:42.705577 [debug] [MainThread]: Wrote artifact WritableManifest to /mnt/d/finance-lakehouse-aws/dbt/finance_dbt/target/manifest.json
[0m19:42:42.748951 [debug] [MainThread]: Wrote artifact SemanticManifest to /mnt/d/finance-lakehouse-aws/dbt/finance_dbt/target/semantic_manifest.json
[0m19:42:43.791476 [debug] [MainThread]: Sending event: {'category': 'dbt', 'action': 'resource_counts', 'label': '2155c52b-f751-4ccd-aff1-6b23562785b0', 'context': [<snowplow_tracker.self_describing_json.SelfDescribingJson object at 0x7f2a6b865100>]}
[0m19:42:43.795580 [info ] [MainThread]: Found 2 models, 2 sources, 477 macros
[0m19:42:43.798374 [debug] [MainThread]: Sending event: {'category': 'dbt', 'action': 'runnable_timing', 'label': '2155c52b-f751-4ccd-aff1-6b23562785b0', 'context': [<snowplow_tracker.self_describing_json.SelfDescribingJson object at 0x7f2a6ba04e60>]}
[0m19:42:43.804369 [info ] [MainThread]: 
[0m19:42:43.807968 [info ] [MainThread]: Concurrency: 1 threads (target='dev')
[0m19:42:43.810972 [info ] [MainThread]: 
[0m19:42:43.817199 [debug] [MainThread]: Acquiring new athena connection 'master'
[0m19:42:43.823818 [debug] [ThreadPool]: Acquiring new athena connection 'list_AwsDataCatalog'
[0m19:42:43.827409 [debug] [ThreadPool]: Opening a new connection, currently in state init
[0m19:43:20.759512 [debug] [ThreadPool]: On list_AwsDataCatalog: Close
[0m19:43:20.768603 [debug] [ThreadPool]: Re-using an available connection from the pool (formerly list_AwsDataCatalog, now list_AwsDataCatalog_finance-lake_db)
[0m19:43:20.772940 [debug] [ThreadPool]: Opening a new connection, currently in state closed
[0m19:43:59.746383 [debug] [ThreadPool]: On list_AwsDataCatalog_finance-lake_db: Close
[0m19:43:59.751651 [debug] [MainThread]: Sending event: {'category': 'dbt', 'action': 'runnable_timing', 'label': '2155c52b-f751-4ccd-aff1-6b23562785b0', 'context': [<snowplow_tracker.self_describing_json.SelfDescribingJson object at 0x7f2a6a70f650>]}
[0m19:43:59.763317 [debug] [Thread-1 (]: Began running node model.finance_lakehouse.fred_clean
[0m19:43:59.767189 [info ] [Thread-1 (]: 1 of 1 START sql table model finance-lake_db.fred_clean ........................ [RUN]
[0m19:43:59.771309 [debug] [Thread-1 (]: Re-using an available connection from the pool (formerly list_AwsDataCatalog_finance-lake_db, now model.finance_lakehouse.fred_clean)
[0m19:43:59.773693 [debug] [Thread-1 (]: Began compiling node model.finance_lakehouse.fred_clean
[0m19:43:59.783338 [debug] [Thread-1 (]: Writing injected SQL for node "model.finance_lakehouse.fred_clean"
[0m19:43:59.843569 [debug] [Thread-1 (]: Began executing node model.finance_lakehouse.fred_clean
[0m19:43:59.885404 [debug] [Thread-1 (]: Skip partitioning: False
[0m19:43:59.889906 [debug] [Thread-1 (]: dbt.adapters.athena.constants adapter: get_work_group for %s
[0m19:43:59.893858 [debug] [Thread-1 (]: Opening a new connection, currently in state closed
[0m19:44:29.182638 [debug] [Thread-1 (]: dbt.adapters.athena.constants adapter: S3 path does not exist
[0m19:44:29.186270 [debug] [Thread-1 (]: dbt.adapters.athena.constants adapter: Running Athena query:
-- /* {"app": "dbt", "dbt_version": "1.10.13", "profile_name": "finance_lakehouse", "target_name": "dev", "node_id": "model.finance_lakehouse.fred_clean"} */
create table "AwsDataCatalog"."finance-lake_db"."fred_clean"
    with (
      table_type='hive',
      is_external=true,external_location='s3://finance-lake-query-vk1911eu/tables/finance-lake_db/fred_clean/1075b45f-c964-4cb4-b743-0398094ff8a0',
      format='parquet'
    )
    as
      

WITH base AS (
  SELECT
    realtime_start,
    realtime_end,
    observation_start,
    observation_end,
    obs
  FROM "finance-lake_db"."default"."fred_raw"
  CROSS JOIN UNNEST(observations) AS t(obs)
)
SELECT
  TRY_CAST(obs.date AS DATE) AS obs_date,
  TRY_CAST(obs.value AS DOUBLE) AS value,
  'DGS10' AS series   -- static placeholder; adjust if you union multiple series
FROM base
WHERE obs.value IS NOT NULL;
[0m19:44:29.997369 [debug] [Thread-1 (]: dbt.adapters.athena.constants adapter: Athena query ID 1d4de61e-9f3c-4006-b02d-bfe057ef7f80
[0m19:44:36.142492 [debug] [Thread-1 (]: dbt.adapters.athena.constants adapter: Athena query ID a6135b06-e3d0-4659-9f69-99b557321749
[0m19:44:41.219961 [debug] [Thread-1 (]: dbt.adapters.athena.constants adapter: Athena query ID fca0e8a8-83ec-47a5-9edc-b9a1fc1bb382
[0m19:44:46.874515 [debug] [Thread-1 (]: dbt.adapters.athena.constants adapter: Athena query ID 081a5669-3709-45d9-b085-4b0df6145546
[0m19:45:01.812136 [debug] [Thread-1 (]: dbt.adapters.athena.constants adapter: Athena query ID 0e847702-5599-4381-b5b3-9a99f3f91d9e
[0m19:46:02.464855 [debug] [Thread-1 (]: dbt.adapters.athena.constants adapter: Athena query ID bd1c12ef-445d-4f9c-9815-d46caddf5bd5
[0m19:46:03.684260 [debug] [Thread-1 (]: dbt.adapters.athena.constants adapter: CAUGHT EXCEPTION: CATALOG_NOT_FOUND: line 16:7: Catalog 'finance-lake_db' does not exist. You may need to manually clean the data at location 's3://finance-lake-query-vk1911eu/tables/bd1c12ef-445d-4f9c-9815-d46caddf5bd5' before retrying. Athena will not delete data in your account.
[0m19:46:03.688248 [debug] [Thread-1 (]: On model.finance_lakehouse.fred_clean: Close
[0m19:46:03.691921 [error] [Thread-1 (]: [31mUnhandled error while executing [0m
CATALOG_NOT_FOUND: line 16:7: Catalog 'finance-lake_db' does not exist. You may need to manually clean the data at location 's3://finance-lake-query-vk1911eu/tables/bd1c12ef-445d-4f9c-9815-d46caddf5bd5' before retrying. Athena will not delete data in your account.
[0m19:46:03.864076 [debug] [Thread-1 (]: Traceback (most recent call last):
  File "/mnt/d/finance-lakehouse-aws/dbt/finance_dbt/.venv/lib/python3.12/site-packages/dbt/task/base.py", line 363, in safe_run
    result = self.compile_and_execute(manifest, ctx)
             ^^^^^^^^^^^^^^^^^^^^^^^^^^^^^^^^^^^^^^^
  File "/mnt/d/finance-lakehouse-aws/dbt/finance_dbt/.venv/lib/python3.12/site-packages/dbt/task/base.py", line 310, in compile_and_execute
    result = self.run(ctx.node, manifest)
             ^^^^^^^^^^^^^^^^^^^^^^^^^^^^
  File "/mnt/d/finance-lakehouse-aws/dbt/finance_dbt/.venv/lib/python3.12/site-packages/dbt/task/base.py", line 410, in run
    return self.execute(compiled_node, manifest)
           ^^^^^^^^^^^^^^^^^^^^^^^^^^^^^^^^^^^^^
  File "/mnt/d/finance-lakehouse-aws/dbt/finance_dbt/.venv/lib/python3.12/site-packages/dbt/task/run.py", line 336, in execute
    return self._execute_model(hook_ctx, context_config, model, context, materialization_macro)
           ^^^^^^^^^^^^^^^^^^^^^^^^^^^^^^^^^^^^^^^^^^^^^^^^^^^^^^^^^^^^^^^^^^^^^^^^^^^^^^^^^^^^
  File "/mnt/d/finance-lakehouse-aws/dbt/finance_dbt/.venv/lib/python3.12/site-packages/dbt/task/run.py", line 296, in _execute_model
    result = MacroGenerator(
             ^^^^^^^^^^^^^^^
  File "/mnt/d/finance-lakehouse-aws/dbt/finance_dbt/.venv/lib/python3.12/site-packages/dbt/clients/jinja.py", line 82, in __call__
    return self.call_macro(*args, **kwargs)
           ^^^^^^^^^^^^^^^^^^^^^^^^^^^^^^^^
  File "/mnt/d/finance-lakehouse-aws/dbt/finance_dbt/.venv/lib/python3.12/site-packages/dbt_common/clients/jinja.py", line 395, in call_macro
    return macro(*args, **kwargs)
           ^^^^^^^^^^^^^^^^^^^^^^
  File "/mnt/d/finance-lakehouse-aws/dbt/finance_dbt/.venv/lib/python3.12/site-packages/jinja2/runtime.py", line 770, in __call__
    return self._invoke(arguments, autoescape)
           ^^^^^^^^^^^^^^^^^^^^^^^^^^^^^^^^^^^
  File "/mnt/d/finance-lakehouse-aws/dbt/finance_dbt/.venv/lib/python3.12/site-packages/jinja2/runtime.py", line 784, in _invoke
    rv = self._func(*arguments)
         ^^^^^^^^^^^^^^^^^^^^^^
  File "<template>", line 145, in macro
  File "/mnt/d/finance-lakehouse-aws/dbt/finance_dbt/.venv/lib/python3.12/site-packages/jinja2/sandbox.py", line 401, in call
    return __context.call(__obj, *args, **kwargs)
           ^^^^^^^^^^^^^^^^^^^^^^^^^^^^^^^^^^^^^^
  File "/mnt/d/finance-lakehouse-aws/dbt/finance_dbt/.venv/lib/python3.12/site-packages/jinja2/runtime.py", line 303, in call
    return __obj(*args, **kwargs)
           ^^^^^^^^^^^^^^^^^^^^^^
  File "/mnt/d/finance-lakehouse-aws/dbt/finance_dbt/.venv/lib/python3.12/site-packages/dbt/clients/jinja.py", line 82, in __call__
    return self.call_macro(*args, **kwargs)
           ^^^^^^^^^^^^^^^^^^^^^^^^^^^^^^^^
  File "/mnt/d/finance-lakehouse-aws/dbt/finance_dbt/.venv/lib/python3.12/site-packages/dbt_common/clients/jinja.py", line 395, in call_macro
    return macro(*args, **kwargs)
           ^^^^^^^^^^^^^^^^^^^^^^
  File "/mnt/d/finance-lakehouse-aws/dbt/finance_dbt/.venv/lib/python3.12/site-packages/jinja2/runtime.py", line 770, in __call__
    return self._invoke(arguments, autoescape)
           ^^^^^^^^^^^^^^^^^^^^^^^^^^^^^^^^^^^
  File "/mnt/d/finance-lakehouse-aws/dbt/finance_dbt/.venv/lib/python3.12/site-packages/jinja2/runtime.py", line 784, in _invoke
    rv = self._func(*arguments)
         ^^^^^^^^^^^^^^^^^^^^^^
  File "<template>", line 50, in macro
  File "/mnt/d/finance-lakehouse-aws/dbt/finance_dbt/.venv/lib/python3.12/site-packages/jinja2/sandbox.py", line 401, in call
    return __context.call(__obj, *args, **kwargs)
           ^^^^^^^^^^^^^^^^^^^^^^^^^^^^^^^^^^^^^^
  File "/mnt/d/finance-lakehouse-aws/dbt/finance_dbt/.venv/lib/python3.12/site-packages/jinja2/runtime.py", line 303, in call
    return __obj(*args, **kwargs)
           ^^^^^^^^^^^^^^^^^^^^^^
  File "/mnt/d/finance-lakehouse-aws/dbt/finance_dbt/.venv/lib/python3.12/site-packages/dbt/adapters/athena/impl.py", line 1399, in run_query_with_partitions_limit_catching
    raise e
  File "/mnt/d/finance-lakehouse-aws/dbt/finance_dbt/.venv/lib/python3.12/site-packages/dbt/adapters/athena/impl.py", line 1395, in run_query_with_partitions_limit_catching
    cursor = self._run_query(sql, catch_partitions_limit=True)
             ^^^^^^^^^^^^^^^^^^^^^^^^^^^^^^^^^^^^^^^^^^^^^^^^^
  File "/mnt/d/finance-lakehouse-aws/dbt/finance_dbt/.venv/lib/python3.12/site-packages/dbt/adapters/athena/impl.py", line 1480, in _run_query
    raise e
  File "/mnt/d/finance-lakehouse-aws/dbt/finance_dbt/.venv/lib/python3.12/site-packages/dbt/adapters/athena/impl.py", line 1477, in _run_query
    cursor.execute(query, catch_partitions_limit=catch_partitions_limit)
  File "/mnt/d/finance-lakehouse-aws/dbt/finance_dbt/.venv/lib/python3.12/site-packages/dbt/adapters/athena/connections.py", line 229, in execute
    return inner()
           ^^^^^^^
  File "/mnt/d/finance-lakehouse-aws/dbt/finance_dbt/.venv/lib/python3.12/site-packages/tenacity/__init__.py", line 338, in wrapped_f
    return copy(f, *args, **kw)
           ^^^^^^^^^^^^^^^^^^^^
  File "/mnt/d/finance-lakehouse-aws/dbt/finance_dbt/.venv/lib/python3.12/site-packages/tenacity/__init__.py", line 477, in __call__
    do = self.iter(retry_state=retry_state)
         ^^^^^^^^^^^^^^^^^^^^^^^^^^^^^^^^^^
  File "/mnt/d/finance-lakehouse-aws/dbt/finance_dbt/.venv/lib/python3.12/site-packages/tenacity/__init__.py", line 378, in iter
    result = action(retry_state)
             ^^^^^^^^^^^^^^^^^^^
  File "/mnt/d/finance-lakehouse-aws/dbt/finance_dbt/.venv/lib/python3.12/site-packages/tenacity/__init__.py", line 420, in exc_check
    raise retry_exc.reraise()
          ^^^^^^^^^^^^^^^^^^^
  File "/mnt/d/finance-lakehouse-aws/dbt/finance_dbt/.venv/lib/python3.12/site-packages/tenacity/__init__.py", line 187, in reraise
    raise self.last_attempt.result()
          ^^^^^^^^^^^^^^^^^^^^^^^^^^
  File "/usr/lib/python3.12/concurrent/futures/_base.py", line 449, in result
    return self.__get_result()
           ^^^^^^^^^^^^^^^^^^^
  File "/usr/lib/python3.12/concurrent/futures/_base.py", line 401, in __get_result
    raise self._exception
  File "/mnt/d/finance-lakehouse-aws/dbt/finance_dbt/.venv/lib/python3.12/site-packages/tenacity/__init__.py", line 480, in __call__
    result = fn(*args, **kwargs)
             ^^^^^^^^^^^^^^^^^^^
  File "/mnt/d/finance-lakehouse-aws/dbt/finance_dbt/.venv/lib/python3.12/site-packages/dbt/adapters/athena/connections.py", line 227, in inner
    return execute_with_iceberg_retries()
           ^^^^^^^^^^^^^^^^^^^^^^^^^^^^^^
  File "/mnt/d/finance-lakehouse-aws/dbt/finance_dbt/.venv/lib/python3.12/site-packages/tenacity/__init__.py", line 338, in wrapped_f
    return copy(f, *args, **kw)
           ^^^^^^^^^^^^^^^^^^^^
  File "/mnt/d/finance-lakehouse-aws/dbt/finance_dbt/.venv/lib/python3.12/site-packages/tenacity/__init__.py", line 477, in __call__
    do = self.iter(retry_state=retry_state)
         ^^^^^^^^^^^^^^^^^^^^^^^^^^^^^^^^^^
  File "/mnt/d/finance-lakehouse-aws/dbt/finance_dbt/.venv/lib/python3.12/site-packages/tenacity/__init__.py", line 378, in iter
    result = action(retry_state)
             ^^^^^^^^^^^^^^^^^^^
  File "/mnt/d/finance-lakehouse-aws/dbt/finance_dbt/.venv/lib/python3.12/site-packages/tenacity/__init__.py", line 400, in <lambda>
    self._add_action_func(lambda rs: rs.outcome.result())
                                     ^^^^^^^^^^^^^^^^^^^
  File "/usr/lib/python3.12/concurrent/futures/_base.py", line 449, in result
    return self.__get_result()
           ^^^^^^^^^^^^^^^^^^^
  File "/usr/lib/python3.12/concurrent/futures/_base.py", line 401, in __get_result
    raise self._exception
  File "/mnt/d/finance-lakehouse-aws/dbt/finance_dbt/.venv/lib/python3.12/site-packages/tenacity/__init__.py", line 480, in __call__
    result = fn(*args, **kwargs)
             ^^^^^^^^^^^^^^^^^^^
  File "/mnt/d/finance-lakehouse-aws/dbt/finance_dbt/.venv/lib/python3.12/site-packages/dbt/adapters/athena/connections.py", line 225, in execute_with_iceberg_retries
    raise OperationalError(query_execution.state_change_reason)
pyathena.error.OperationalError: CATALOG_NOT_FOUND: line 16:7: Catalog 'finance-lake_db' does not exist. You may need to manually clean the data at location 's3://finance-lake-query-vk1911eu/tables/bd1c12ef-445d-4f9c-9815-d46caddf5bd5' before retrying. Athena will not delete data in your account.

[0m19:46:03.897109 [debug] [Thread-1 (]: Sending event: {'category': 'dbt', 'action': 'run_model', 'label': '2155c52b-f751-4ccd-aff1-6b23562785b0', 'context': [<snowplow_tracker.self_describing_json.SelfDescribingJson object at 0x7f2a5af061b0>]}
[0m19:46:03.900332 [error] [Thread-1 (]: 1 of 1 ERROR creating sql table model finance-lake_db.fred_clean ............... [[31mERROR[0m in 124.10s]
[0m19:46:03.903591 [debug] [Thread-1 (]: Finished running node model.finance_lakehouse.fred_clean
[0m19:46:03.906993 [debug] [Thread-4 (]: Marking all children of 'model.finance_lakehouse.fred_clean' to be skipped because of status 'error'.  Reason: CATALOG_NOT_FOUND: line 16:7: Catalog 'finance-lake_db' does not exist. You may need to manually clean the data at location 's3://finance-lake-query-vk1911eu/tables/bd1c12ef-445d-4f9c-9815-d46caddf5bd5' before retrying. Athena will not delete data in your account..
[0m19:46:03.912540 [debug] [MainThread]: Connection 'master' was properly closed.
[0m19:46:03.915695 [debug] [MainThread]: Connection 'model.finance_lakehouse.fred_clean' was properly closed.
[0m19:46:03.918207 [info ] [MainThread]: 
[0m19:46:03.921233 [info ] [MainThread]: Finished running 1 table model in 0 hours 3 minutes and 20.10 seconds (200.10s).
[0m19:46:03.924344 [debug] [MainThread]: Command end result
[0m19:46:03.993552 [debug] [MainThread]: Wrote artifact WritableManifest to /mnt/d/finance-lakehouse-aws/dbt/finance_dbt/target/manifest.json
[0m19:46:04.034093 [debug] [MainThread]: Wrote artifact SemanticManifest to /mnt/d/finance-lakehouse-aws/dbt/finance_dbt/target/semantic_manifest.json
[0m19:46:04.056273 [debug] [MainThread]: Wrote artifact RunExecutionResult to /mnt/d/finance-lakehouse-aws/dbt/finance_dbt/target/run_results.json
[0m19:46:04.059674 [info ] [MainThread]: 
[0m19:46:04.063657 [info ] [MainThread]: [31mCompleted with 1 error, 0 partial successes, and 0 warnings:[0m
[0m19:46:04.067005 [info ] [MainThread]: 
[0m19:46:04.069904 [error] [MainThread]: [31mFailure in model fred_clean (models/silver/fred_clean.sql)[0m
[0m19:46:04.074162 [error] [MainThread]:   CATALOG_NOT_FOUND: line 16:7: Catalog 'finance-lake_db' does not exist. You may need to manually clean the data at location 's3://finance-lake-query-vk1911eu/tables/bd1c12ef-445d-4f9c-9815-d46caddf5bd5' before retrying. Athena will not delete data in your account.
[0m19:46:04.077147 [info ] [MainThread]: 
[0m19:46:04.080517 [info ] [MainThread]:   compiled code at target/compiled/finance_lakehouse/models/silver/fred_clean.sql
[0m19:46:04.084576 [info ] [MainThread]: 
[0m19:46:04.087891 [info ] [MainThread]: Done. PASS=0 WARN=0 ERROR=1 SKIP=0 NO-OP=0 TOTAL=1
[0m19:46:04.100104 [debug] [MainThread]: Resource report: {"command_name": "run", "command_success": false, "command_wall_clock_time": 262.5626, "process_in_blocks": "12688", "process_kernel_time": 4.079689, "process_mem_max_rss": "178108", "process_out_blocks": "0", "process_user_time": 4.348352}
[0m19:46:04.104154 [debug] [MainThread]: Command `dbt run` failed at 19:46:04.103857 after 262.57 seconds
[0m19:46:04.107937 [debug] [MainThread]: Sending event: {'category': 'dbt', 'action': 'invocation', 'label': 'end', 'context': [<snowplow_tracker.self_describing_json.SelfDescribingJson object at 0x7f2a6d5e0aa0>, <snowplow_tracker.self_describing_json.SelfDescribingJson object at 0x7f2a6d5e2630>, <snowplow_tracker.self_describing_json.SelfDescribingJson object at 0x7f2a6babf6e0>]}
[0m19:46:04.111318 [debug] [MainThread]: Flushing usage events
[0m19:46:05.091663 [debug] [MainThread]: An error was encountered while trying to flush usage events
[0m19:46:48.168775 [debug] [MainThread]: Sending event: {'category': 'dbt', 'action': 'invocation', 'label': 'start', 'context': [<snowplow_tracker.self_describing_json.SelfDescribingJson object at 0x7f84cff2e900>, <snowplow_tracker.self_describing_json.SelfDescribingJson object at 0x7f84cf789130>, <snowplow_tracker.self_describing_json.SelfDescribingJson object at 0x7f84cf78a480>]}


============================== 19:46:48.206363 | 57df95e3-980e-4ae9-b3e4-feaff048ba12 ==============================
[0m19:46:48.206363 [info ] [MainThread]: Running with dbt=1.10.13
[0m19:46:48.208679 [debug] [MainThread]: running dbt with arguments {'invocation_command': 'dbt run -s equities_clean --full-refresh', 'static_parser': 'True', 'send_anonymous_usage_stats': 'True', 'warn_error': 'None', 'no_print': 'None', 'debug': 'False', 'introspect': 'True', 'warn_error_options': 'WarnErrorOptionsV2(error=[], warn=[], silence=[])', 'use_experimental_parser': 'False', 'empty': 'False', 'printer_width': '80', 'profiles_dir': '/home/vaishu19/.dbt', 'partial_parse': 'True', 'log_cache_events': 'False', 'quiet': 'False', 'cache_selected_only': 'False', 'log_format': 'default', 'log_path': '/mnt/d/finance-lakehouse-aws/dbt/finance_dbt/logs', 'fail_fast': 'False', 'target_path': 'None', 'write_json': 'True', 'version_check': 'True', 'use_colors': 'True', 'indirect_selection': 'eager'}
[0m19:47:04.954238 [debug] [MainThread]: Sending event: {'category': 'dbt', 'action': 'project_id', 'label': '57df95e3-980e-4ae9-b3e4-feaff048ba12', 'context': [<snowplow_tracker.self_describing_json.SelfDescribingJson object at 0x7f84ce10c710>]}
[0m19:47:05.065363 [debug] [MainThread]: Sending event: {'category': 'dbt', 'action': 'adapter_info', 'label': '57df95e3-980e-4ae9-b3e4-feaff048ba12', 'context': [<snowplow_tracker.self_describing_json.SelfDescribingJson object at 0x7f84ce07f380>]}
[0m19:47:05.117177 [info ] [MainThread]: Registered adapter: athena=1.9.5
[0m19:47:41.332446 [debug] [MainThread]: checksum: 9f0c81e2574b4ff463f3d16d080df83c6982fc0372c9feeacae0504ac9ea3ffe, vars: {}, profile: , target: , version: 1.10.13
[0m19:47:48.271213 [debug] [MainThread]: Partial parsing enabled: 0 files deleted, 0 files added, 0 files changed.
[0m19:47:48.273977 [debug] [MainThread]: Partial parsing enabled, no changes found, skipping parsing
[0m19:47:48.299826 [debug] [MainThread]: Sending event: {'category': 'dbt', 'action': 'load_project', 'label': '57df95e3-980e-4ae9-b3e4-feaff048ba12', 'context': [<snowplow_tracker.self_describing_json.SelfDescribingJson object at 0x7f84cdfd7980>]}
[0m19:47:48.403502 [debug] [MainThread]: Wrote artifact WritableManifest to /mnt/d/finance-lakehouse-aws/dbt/finance_dbt/target/manifest.json
[0m19:47:48.444949 [debug] [MainThread]: Wrote artifact SemanticManifest to /mnt/d/finance-lakehouse-aws/dbt/finance_dbt/target/semantic_manifest.json
[0m19:47:49.323083 [debug] [MainThread]: Sending event: {'category': 'dbt', 'action': 'resource_counts', 'label': '57df95e3-980e-4ae9-b3e4-feaff048ba12', 'context': [<snowplow_tracker.self_describing_json.SelfDescribingJson object at 0x7f84cdce2090>]}
[0m19:47:49.327557 [info ] [MainThread]: Found 2 models, 2 sources, 477 macros
[0m19:47:49.331423 [debug] [MainThread]: Sending event: {'category': 'dbt', 'action': 'runnable_timing', 'label': '57df95e3-980e-4ae9-b3e4-feaff048ba12', 'context': [<snowplow_tracker.self_describing_json.SelfDescribingJson object at 0x7f84cdd8c3b0>]}
[0m19:47:49.335730 [info ] [MainThread]: 
[0m19:47:49.339580 [info ] [MainThread]: Concurrency: 1 threads (target='dev')
[0m19:47:49.343438 [info ] [MainThread]: 
[0m19:47:49.348241 [debug] [MainThread]: Acquiring new athena connection 'master'
[0m19:47:49.352638 [debug] [ThreadPool]: Acquiring new athena connection 'list_AwsDataCatalog'
[0m19:47:49.358004 [debug] [ThreadPool]: Opening a new connection, currently in state init
[0m19:48:27.248352 [debug] [ThreadPool]: On list_AwsDataCatalog: Close
[0m19:48:27.258209 [debug] [ThreadPool]: Re-using an available connection from the pool (formerly list_AwsDataCatalog, now list_AwsDataCatalog_finance-lake_db)
[0m19:48:27.262182 [debug] [ThreadPool]: Opening a new connection, currently in state closed
[0m19:49:04.872781 [debug] [ThreadPool]: On list_AwsDataCatalog_finance-lake_db: Close
[0m19:49:04.878818 [debug] [MainThread]: Sending event: {'category': 'dbt', 'action': 'runnable_timing', 'label': '57df95e3-980e-4ae9-b3e4-feaff048ba12', 'context': [<snowplow_tracker.self_describing_json.SelfDescribingJson object at 0x7f84cdd7dd30>]}
[0m19:49:04.888889 [debug] [Thread-1 (]: Began running node model.finance_lakehouse.equities_clean
[0m19:49:04.892878 [info ] [Thread-1 (]: 1 of 1 START sql table model finance-lake_db.equities_clean .................... [RUN]
[0m19:49:04.896001 [debug] [Thread-1 (]: Re-using an available connection from the pool (formerly list_AwsDataCatalog_finance-lake_db, now model.finance_lakehouse.equities_clean)
[0m19:49:04.899874 [debug] [Thread-1 (]: Began compiling node model.finance_lakehouse.equities_clean
[0m19:49:04.909375 [debug] [Thread-1 (]: Writing injected SQL for node "model.finance_lakehouse.equities_clean"
[0m19:49:04.940950 [debug] [Thread-1 (]: Began executing node model.finance_lakehouse.equities_clean
[0m19:49:04.983033 [debug] [Thread-1 (]: Skip partitioning: False
[0m19:49:04.987384 [debug] [Thread-1 (]: dbt.adapters.athena.constants adapter: get_work_group for %s
[0m19:49:04.991209 [debug] [Thread-1 (]: Opening a new connection, currently in state closed
[0m19:49:34.163358 [debug] [Thread-1 (]: dbt.adapters.athena.constants adapter: S3 path does not exist
[0m19:49:34.167684 [debug] [Thread-1 (]: dbt.adapters.athena.constants adapter: Running Athena query:
-- /* {"app": "dbt", "dbt_version": "1.10.13", "profile_name": "finance_lakehouse", "target_name": "dev", "node_id": "model.finance_lakehouse.equities_clean"} */
create table "AwsDataCatalog"."finance-lake_db"."equities_clean"
    with (
      table_type='hive',
      is_external=true,external_location='s3://finance-lake-query-vk1911eu/tables/finance-lake_db/equities_clean/858ae532-8209-4510-93cb-1af0625beee3',
      format='parquet'
    )
    as
      

SELECT
  symbol,
  CAST(year  AS INTEGER) AS year,
  CAST(month AS INTEGER) AS month,
  CAST(day   AS INTEGER) AS day,
  TRY_CAST(date  AS DATE)    AS date,
  TRY_CAST(open   AS DOUBLE) AS open,
  TRY_CAST(high   AS DOUBLE) AS high,
  TRY_CAST(low    AS DOUBLE) AS low,
  TRY_CAST(close  AS DOUBLE) AS close,
  TRY_CAST(volume AS DOUBLE) AS volume
FROM "finance-lake_db"."default"."equities_stooq_raw";
[0m19:49:34.933610 [debug] [Thread-1 (]: dbt.adapters.athena.constants adapter: Athena query ID a50a9062-05ae-417d-a04e-50876bec27be
[0m19:49:39.818007 [debug] [Thread-1 (]: dbt.adapters.athena.constants adapter: Athena query ID df157fc2-1076-48de-bc95-1142ac9d23d9
[0m19:49:44.179593 [debug] [Thread-1 (]: dbt.adapters.athena.constants adapter: Athena query ID d868156b-1e57-4af8-bc9d-b696f2f6ee85
[0m19:50:06.392083 [debug] [Thread-1 (]: dbt.adapters.athena.constants adapter: Athena query ID 2dd40402-404a-4147-a422-e4acff167be0
[0m19:50:30.487862 [debug] [Thread-1 (]: dbt.adapters.athena.constants adapter: Athena query ID 296ca0c2-310f-4d7b-bb85-e2d28625e54b
[0m19:51:14.367458 [debug] [Thread-1 (]: dbt.adapters.athena.constants adapter: Athena query ID b5eb7a50-5027-451c-8985-c7ebdf072e6d
[0m19:51:15.587011 [debug] [Thread-1 (]: dbt.adapters.athena.constants adapter: CAUGHT EXCEPTION: CATALOG_NOT_FOUND: line 19:3: Catalog 'finance-lake_db' does not exist. You may need to manually clean the data at location 's3://finance-lake-query-vk1911eu/tables/b5eb7a50-5027-451c-8985-c7ebdf072e6d' before retrying. Athena will not delete data in your account.
[0m19:51:15.590410 [debug] [Thread-1 (]: On model.finance_lakehouse.equities_clean: Close
[0m19:51:15.593767 [error] [Thread-1 (]: [31mUnhandled error while executing [0m
CATALOG_NOT_FOUND: line 19:3: Catalog 'finance-lake_db' does not exist. You may need to manually clean the data at location 's3://finance-lake-query-vk1911eu/tables/b5eb7a50-5027-451c-8985-c7ebdf072e6d' before retrying. Athena will not delete data in your account.
[0m19:51:15.775672 [debug] [Thread-1 (]: Traceback (most recent call last):
  File "/mnt/d/finance-lakehouse-aws/dbt/finance_dbt/.venv/lib/python3.12/site-packages/dbt/task/base.py", line 363, in safe_run
    result = self.compile_and_execute(manifest, ctx)
             ^^^^^^^^^^^^^^^^^^^^^^^^^^^^^^^^^^^^^^^
  File "/mnt/d/finance-lakehouse-aws/dbt/finance_dbt/.venv/lib/python3.12/site-packages/dbt/task/base.py", line 310, in compile_and_execute
    result = self.run(ctx.node, manifest)
             ^^^^^^^^^^^^^^^^^^^^^^^^^^^^
  File "/mnt/d/finance-lakehouse-aws/dbt/finance_dbt/.venv/lib/python3.12/site-packages/dbt/task/base.py", line 410, in run
    return self.execute(compiled_node, manifest)
           ^^^^^^^^^^^^^^^^^^^^^^^^^^^^^^^^^^^^^
  File "/mnt/d/finance-lakehouse-aws/dbt/finance_dbt/.venv/lib/python3.12/site-packages/dbt/task/run.py", line 336, in execute
    return self._execute_model(hook_ctx, context_config, model, context, materialization_macro)
           ^^^^^^^^^^^^^^^^^^^^^^^^^^^^^^^^^^^^^^^^^^^^^^^^^^^^^^^^^^^^^^^^^^^^^^^^^^^^^^^^^^^^
  File "/mnt/d/finance-lakehouse-aws/dbt/finance_dbt/.venv/lib/python3.12/site-packages/dbt/task/run.py", line 296, in _execute_model
    result = MacroGenerator(
             ^^^^^^^^^^^^^^^
  File "/mnt/d/finance-lakehouse-aws/dbt/finance_dbt/.venv/lib/python3.12/site-packages/dbt/clients/jinja.py", line 82, in __call__
    return self.call_macro(*args, **kwargs)
           ^^^^^^^^^^^^^^^^^^^^^^^^^^^^^^^^
  File "/mnt/d/finance-lakehouse-aws/dbt/finance_dbt/.venv/lib/python3.12/site-packages/dbt_common/clients/jinja.py", line 395, in call_macro
    return macro(*args, **kwargs)
           ^^^^^^^^^^^^^^^^^^^^^^
  File "/mnt/d/finance-lakehouse-aws/dbt/finance_dbt/.venv/lib/python3.12/site-packages/jinja2/runtime.py", line 770, in __call__
    return self._invoke(arguments, autoescape)
           ^^^^^^^^^^^^^^^^^^^^^^^^^^^^^^^^^^^
  File "/mnt/d/finance-lakehouse-aws/dbt/finance_dbt/.venv/lib/python3.12/site-packages/jinja2/runtime.py", line 784, in _invoke
    rv = self._func(*arguments)
         ^^^^^^^^^^^^^^^^^^^^^^
  File "<template>", line 145, in macro
  File "/mnt/d/finance-lakehouse-aws/dbt/finance_dbt/.venv/lib/python3.12/site-packages/jinja2/sandbox.py", line 401, in call
    return __context.call(__obj, *args, **kwargs)
           ^^^^^^^^^^^^^^^^^^^^^^^^^^^^^^^^^^^^^^
  File "/mnt/d/finance-lakehouse-aws/dbt/finance_dbt/.venv/lib/python3.12/site-packages/jinja2/runtime.py", line 303, in call
    return __obj(*args, **kwargs)
           ^^^^^^^^^^^^^^^^^^^^^^
  File "/mnt/d/finance-lakehouse-aws/dbt/finance_dbt/.venv/lib/python3.12/site-packages/dbt/clients/jinja.py", line 82, in __call__
    return self.call_macro(*args, **kwargs)
           ^^^^^^^^^^^^^^^^^^^^^^^^^^^^^^^^
  File "/mnt/d/finance-lakehouse-aws/dbt/finance_dbt/.venv/lib/python3.12/site-packages/dbt_common/clients/jinja.py", line 395, in call_macro
    return macro(*args, **kwargs)
           ^^^^^^^^^^^^^^^^^^^^^^
  File "/mnt/d/finance-lakehouse-aws/dbt/finance_dbt/.venv/lib/python3.12/site-packages/jinja2/runtime.py", line 770, in __call__
    return self._invoke(arguments, autoescape)
           ^^^^^^^^^^^^^^^^^^^^^^^^^^^^^^^^^^^
  File "/mnt/d/finance-lakehouse-aws/dbt/finance_dbt/.venv/lib/python3.12/site-packages/jinja2/runtime.py", line 784, in _invoke
    rv = self._func(*arguments)
         ^^^^^^^^^^^^^^^^^^^^^^
  File "<template>", line 50, in macro
  File "/mnt/d/finance-lakehouse-aws/dbt/finance_dbt/.venv/lib/python3.12/site-packages/jinja2/sandbox.py", line 401, in call
    return __context.call(__obj, *args, **kwargs)
           ^^^^^^^^^^^^^^^^^^^^^^^^^^^^^^^^^^^^^^
  File "/mnt/d/finance-lakehouse-aws/dbt/finance_dbt/.venv/lib/python3.12/site-packages/jinja2/runtime.py", line 303, in call
    return __obj(*args, **kwargs)
           ^^^^^^^^^^^^^^^^^^^^^^
  File "/mnt/d/finance-lakehouse-aws/dbt/finance_dbt/.venv/lib/python3.12/site-packages/dbt/adapters/athena/impl.py", line 1399, in run_query_with_partitions_limit_catching
    raise e
  File "/mnt/d/finance-lakehouse-aws/dbt/finance_dbt/.venv/lib/python3.12/site-packages/dbt/adapters/athena/impl.py", line 1395, in run_query_with_partitions_limit_catching
    cursor = self._run_query(sql, catch_partitions_limit=True)
             ^^^^^^^^^^^^^^^^^^^^^^^^^^^^^^^^^^^^^^^^^^^^^^^^^
  File "/mnt/d/finance-lakehouse-aws/dbt/finance_dbt/.venv/lib/python3.12/site-packages/dbt/adapters/athena/impl.py", line 1480, in _run_query
    raise e
  File "/mnt/d/finance-lakehouse-aws/dbt/finance_dbt/.venv/lib/python3.12/site-packages/dbt/adapters/athena/impl.py", line 1477, in _run_query
    cursor.execute(query, catch_partitions_limit=catch_partitions_limit)
  File "/mnt/d/finance-lakehouse-aws/dbt/finance_dbt/.venv/lib/python3.12/site-packages/dbt/adapters/athena/connections.py", line 229, in execute
    return inner()
           ^^^^^^^
  File "/mnt/d/finance-lakehouse-aws/dbt/finance_dbt/.venv/lib/python3.12/site-packages/tenacity/__init__.py", line 338, in wrapped_f
    return copy(f, *args, **kw)
           ^^^^^^^^^^^^^^^^^^^^
  File "/mnt/d/finance-lakehouse-aws/dbt/finance_dbt/.venv/lib/python3.12/site-packages/tenacity/__init__.py", line 477, in __call__
    do = self.iter(retry_state=retry_state)
         ^^^^^^^^^^^^^^^^^^^^^^^^^^^^^^^^^^
  File "/mnt/d/finance-lakehouse-aws/dbt/finance_dbt/.venv/lib/python3.12/site-packages/tenacity/__init__.py", line 378, in iter
    result = action(retry_state)
             ^^^^^^^^^^^^^^^^^^^
  File "/mnt/d/finance-lakehouse-aws/dbt/finance_dbt/.venv/lib/python3.12/site-packages/tenacity/__init__.py", line 420, in exc_check
    raise retry_exc.reraise()
          ^^^^^^^^^^^^^^^^^^^
  File "/mnt/d/finance-lakehouse-aws/dbt/finance_dbt/.venv/lib/python3.12/site-packages/tenacity/__init__.py", line 187, in reraise
    raise self.last_attempt.result()
          ^^^^^^^^^^^^^^^^^^^^^^^^^^
  File "/usr/lib/python3.12/concurrent/futures/_base.py", line 449, in result
    return self.__get_result()
           ^^^^^^^^^^^^^^^^^^^
  File "/usr/lib/python3.12/concurrent/futures/_base.py", line 401, in __get_result
    raise self._exception
  File "/mnt/d/finance-lakehouse-aws/dbt/finance_dbt/.venv/lib/python3.12/site-packages/tenacity/__init__.py", line 480, in __call__
    result = fn(*args, **kwargs)
             ^^^^^^^^^^^^^^^^^^^
  File "/mnt/d/finance-lakehouse-aws/dbt/finance_dbt/.venv/lib/python3.12/site-packages/dbt/adapters/athena/connections.py", line 227, in inner
    return execute_with_iceberg_retries()
           ^^^^^^^^^^^^^^^^^^^^^^^^^^^^^^
  File "/mnt/d/finance-lakehouse-aws/dbt/finance_dbt/.venv/lib/python3.12/site-packages/tenacity/__init__.py", line 338, in wrapped_f
    return copy(f, *args, **kw)
           ^^^^^^^^^^^^^^^^^^^^
  File "/mnt/d/finance-lakehouse-aws/dbt/finance_dbt/.venv/lib/python3.12/site-packages/tenacity/__init__.py", line 477, in __call__
    do = self.iter(retry_state=retry_state)
         ^^^^^^^^^^^^^^^^^^^^^^^^^^^^^^^^^^
  File "/mnt/d/finance-lakehouse-aws/dbt/finance_dbt/.venv/lib/python3.12/site-packages/tenacity/__init__.py", line 378, in iter
    result = action(retry_state)
             ^^^^^^^^^^^^^^^^^^^
  File "/mnt/d/finance-lakehouse-aws/dbt/finance_dbt/.venv/lib/python3.12/site-packages/tenacity/__init__.py", line 400, in <lambda>
    self._add_action_func(lambda rs: rs.outcome.result())
                                     ^^^^^^^^^^^^^^^^^^^
  File "/usr/lib/python3.12/concurrent/futures/_base.py", line 449, in result
    return self.__get_result()
           ^^^^^^^^^^^^^^^^^^^
  File "/usr/lib/python3.12/concurrent/futures/_base.py", line 401, in __get_result
    raise self._exception
  File "/mnt/d/finance-lakehouse-aws/dbt/finance_dbt/.venv/lib/python3.12/site-packages/tenacity/__init__.py", line 480, in __call__
    result = fn(*args, **kwargs)
             ^^^^^^^^^^^^^^^^^^^
  File "/mnt/d/finance-lakehouse-aws/dbt/finance_dbt/.venv/lib/python3.12/site-packages/dbt/adapters/athena/connections.py", line 225, in execute_with_iceberg_retries
    raise OperationalError(query_execution.state_change_reason)
pyathena.error.OperationalError: CATALOG_NOT_FOUND: line 19:3: Catalog 'finance-lake_db' does not exist. You may need to manually clean the data at location 's3://finance-lake-query-vk1911eu/tables/b5eb7a50-5027-451c-8985-c7ebdf072e6d' before retrying. Athena will not delete data in your account.

[0m19:51:15.816737 [debug] [Thread-1 (]: Sending event: {'category': 'dbt', 'action': 'run_model', 'label': '57df95e3-980e-4ae9-b3e4-feaff048ba12', 'context': [<snowplow_tracker.self_describing_json.SelfDescribingJson object at 0x7f84c4ae2510>]}
[0m19:51:15.820950 [error] [Thread-1 (]: 1 of 1 ERROR creating sql table model finance-lake_db.equities_clean ........... [[31mERROR[0m in 130.88s]
[0m19:51:15.823997 [debug] [Thread-1 (]: Finished running node model.finance_lakehouse.equities_clean
[0m19:51:15.827818 [debug] [Thread-4 (]: Marking all children of 'model.finance_lakehouse.equities_clean' to be skipped because of status 'error'.  Reason: CATALOG_NOT_FOUND: line 19:3: Catalog 'finance-lake_db' does not exist. You may need to manually clean the data at location 's3://finance-lake-query-vk1911eu/tables/b5eb7a50-5027-451c-8985-c7ebdf072e6d' before retrying. Athena will not delete data in your account..
[0m19:51:15.833821 [debug] [MainThread]: Connection 'master' was properly closed.
[0m19:51:15.836794 [debug] [MainThread]: Connection 'model.finance_lakehouse.equities_clean' was properly closed.
[0m19:51:15.839447 [info ] [MainThread]: 
[0m19:51:15.842011 [info ] [MainThread]: Finished running 1 table model in 0 hours 3 minutes and 26.49 seconds (206.49s).
[0m19:51:15.845785 [debug] [MainThread]: Command end result
[0m19:51:15.924572 [debug] [MainThread]: Wrote artifact WritableManifest to /mnt/d/finance-lakehouse-aws/dbt/finance_dbt/target/manifest.json
[0m19:51:15.967789 [debug] [MainThread]: Wrote artifact SemanticManifest to /mnt/d/finance-lakehouse-aws/dbt/finance_dbt/target/semantic_manifest.json
[0m19:51:15.991474 [debug] [MainThread]: Wrote artifact RunExecutionResult to /mnt/d/finance-lakehouse-aws/dbt/finance_dbt/target/run_results.json
[0m19:51:15.994863 [info ] [MainThread]: 
[0m19:51:15.998044 [info ] [MainThread]: [31mCompleted with 1 error, 0 partial successes, and 0 warnings:[0m
[0m19:51:16.001647 [info ] [MainThread]: 
[0m19:51:16.004913 [error] [MainThread]: [31mFailure in model equities_clean (models/silver/equities_clean.sql)[0m
[0m19:51:16.008148 [error] [MainThread]:   CATALOG_NOT_FOUND: line 19:3: Catalog 'finance-lake_db' does not exist. You may need to manually clean the data at location 's3://finance-lake-query-vk1911eu/tables/b5eb7a50-5027-451c-8985-c7ebdf072e6d' before retrying. Athena will not delete data in your account.
[0m19:51:16.012092 [info ] [MainThread]: 
[0m19:51:16.015450 [info ] [MainThread]:   compiled code at target/compiled/finance_lakehouse/models/silver/equities_clean.sql
[0m19:51:16.018473 [info ] [MainThread]: 
[0m19:51:16.021942 [info ] [MainThread]: Done. PASS=0 WARN=0 ERROR=1 SKIP=0 NO-OP=0 TOTAL=1
[0m19:51:16.035377 [debug] [MainThread]: Resource report: {"command_name": "run", "command_success": false, "command_wall_clock_time": 267.9631, "process_in_blocks": "12688", "process_kernel_time": 3.903185, "process_mem_max_rss": "178340", "process_out_blocks": "0", "process_user_time": 4.142767}
[0m19:51:16.039316 [debug] [MainThread]: Command `dbt run` failed at 19:51:16.039191 after 267.97 seconds
[0m19:51:16.042342 [debug] [MainThread]: Sending event: {'category': 'dbt', 'action': 'invocation', 'label': 'end', 'context': [<snowplow_tracker.self_describing_json.SelfDescribingJson object at 0x7f84cf47d7f0>, <snowplow_tracker.self_describing_json.SelfDescribingJson object at 0x7f84cefd1970>, <snowplow_tracker.self_describing_json.SelfDescribingJson object at 0x7f84cfea63f0>]}
[0m19:51:16.045445 [debug] [MainThread]: Flushing usage events
[0m19:51:17.119598 [debug] [MainThread]: An error was encountered while trying to flush usage events
[0m19:59:45.661345 [debug] [MainThread]: Sending event: {'category': 'dbt', 'action': 'invocation', 'label': 'start', 'context': [<snowplow_tracker.self_describing_json.SelfDescribingJson object at 0x7f55881cb410>, <snowplow_tracker.self_describing_json.SelfDescribingJson object at 0x7f55881cb380>, <snowplow_tracker.self_describing_json.SelfDescribingJson object at 0x7f5588ceea20>]}


============================== 19:59:45.693144 | 9c5b6e33-d517-4abe-b87c-5d1858fc5739 ==============================
[0m19:59:45.693144 [info ] [MainThread]: Running with dbt=1.10.13
[0m19:59:45.695630 [debug] [MainThread]: running dbt with arguments {'target_path': 'None', 'log_path': '/mnt/d/finance-lakehouse-aws/dbt/finance_dbt/logs', 'invocation_command': 'dbt clean', 'use_colors': 'True', 'introspect': 'True', 'empty': 'None', 'version_check': 'True', 'cache_selected_only': 'False', 'partial_parse': 'True', 'warn_error_options': 'WarnErrorOptionsV2(error=[], warn=[], silence=[])', 'profiles_dir': '/home/vaishu19/.dbt', 'use_experimental_parser': 'False', 'static_parser': 'True', 'log_cache_events': 'False', 'log_format': 'default', 'fail_fast': 'False', 'write_json': 'True', 'printer_width': '80', 'no_print': 'None', 'send_anonymous_usage_stats': 'True', 'debug': 'False', 'warn_error': 'None', 'quiet': 'False', 'indirect_selection': 'eager'}
[0m19:59:46.620583 [debug] [MainThread]: Sending event: {'category': 'dbt', 'action': 'project_id', 'label': '9c5b6e33-d517-4abe-b87c-5d1858fc5739', 'context': [<snowplow_tracker.self_describing_json.SelfDescribingJson object at 0x7f5587cbab10>]}
[0m19:59:47.445648 [debug] [MainThread]: Resource report: {"command_name": "clean", "command_success": true, "command_wall_clock_time": 1.8689582, "process_in_blocks": "12016", "process_kernel_time": 1.635448, "process_mem_max_rss": "101320", "process_out_blocks": "0", "process_user_time": 2.027573}
[0m19:59:47.447794 [debug] [MainThread]: Command `dbt clean` succeeded at 19:59:47.447663 after 1.87 seconds
[0m19:59:47.449031 [debug] [MainThread]: Sending event: {'category': 'dbt', 'action': 'invocation', 'label': 'end', 'context': [<snowplow_tracker.self_describing_json.SelfDescribingJson object at 0x7f5587de7c80>, <snowplow_tracker.self_describing_json.SelfDescribingJson object at 0x7f55886da9c0>, <snowplow_tracker.self_describing_json.SelfDescribingJson object at 0x7f55886d98e0>]}
[0m19:59:47.450634 [debug] [MainThread]: Flushing usage events
[0m19:59:48.389280 [debug] [MainThread]: An error was encountered while trying to flush usage events
[0m20:00:33.958761 [debug] [MainThread]: Sending event: {'category': 'dbt', 'action': 'invocation', 'label': 'start', 'context': [<snowplow_tracker.self_describing_json.SelfDescribingJson object at 0x7f89cb98db20>, <snowplow_tracker.self_describing_json.SelfDescribingJson object at 0x7f89cc597c20>, <snowplow_tracker.self_describing_json.SelfDescribingJson object at 0x7f89cbecd070>]}


============================== 20:00:33.995980 | 6f2ae0d7-ec9f-4111-9369-d4810e559eca ==============================
[0m20:00:33.995980 [info ] [MainThread]: Running with dbt=1.10.13
[0m20:00:33.999490 [debug] [MainThread]: running dbt with arguments {'send_anonymous_usage_stats': 'True', 'partial_parse': 'True', 'debug': 'False', 'log_path': '/mnt/d/finance-lakehouse-aws/dbt/finance_dbt/logs', 'log_format': 'default', 'fail_fast': 'False', 'invocation_command': 'dbt debug', 'warn_error_options': 'WarnErrorOptionsV2(error=[], warn=[], silence=[])', 'empty': 'None', 'log_cache_events': 'False', 'printer_width': '80', 'use_experimental_parser': 'False', 'quiet': 'False', 'use_colors': 'True', 'indirect_selection': 'eager', 'write_json': 'True', 'no_print': 'None', 'static_parser': 'True', 'introspect': 'True', 'cache_selected_only': 'False', 'warn_error': 'None', 'target_path': 'None', 'version_check': 'True', 'profiles_dir': '/home/vaishu19/.dbt'}
[0m20:00:34.903006 [info ] [MainThread]: dbt version: 1.10.13
[0m20:00:34.906530 [info ] [MainThread]: python version: 3.12.3
[0m20:00:34.909405 [info ] [MainThread]: python path: /mnt/d/finance-lakehouse-aws/dbt/finance_dbt/.venv/bin/python3
[0m20:00:34.913359 [info ] [MainThread]: os info: Linux-5.15.146.1-microsoft-standard-WSL2-x86_64-with-glibc2.39
[0m20:00:50.903997 [info ] [MainThread]: Using profiles dir at /home/vaishu19/.dbt
[0m20:00:50.907611 [info ] [MainThread]: Using profiles.yml file at /home/vaishu19/.dbt/profiles.yml
[0m20:00:50.910267 [info ] [MainThread]: Using dbt_project.yml file at /mnt/d/finance-lakehouse-aws/dbt/finance_dbt/dbt_project.yml
[0m20:00:50.946381 [info ] [MainThread]: adapter type: athena
[0m20:00:50.948305 [info ] [MainThread]: adapter version: 1.9.5
[0m20:00:51.101996 [info ] [MainThread]: Configuration:
[0m20:00:51.106118 [info ] [MainThread]:   profiles.yml file [[32mOK found and valid[0m]
[0m20:00:51.110160 [info ] [MainThread]:   dbt_project.yml file [[32mOK found and valid[0m]
[0m20:00:51.113878 [info ] [MainThread]: Required dependencies:
[0m20:00:51.117127 [debug] [MainThread]: Executing "git --help"
[0m20:00:51.137778 [debug] [MainThread]: STDOUT: "b"usage: git [-v | --version] [-h | --help] [-C <path>] [-c <name>=<value>]\n           [--exec-path[=<path>]] [--html-path] [--man-path] [--info-path]\n           [-p | --paginate | -P | --no-pager] [--no-replace-objects] [--bare]\n           [--git-dir=<path>] [--work-tree=<path>] [--namespace=<name>]\n           [--config-env=<name>=<envvar>] <command> [<args>]\n\nThese are common Git commands used in various situations:\n\nstart a working area (see also: git help tutorial)\n   clone     Clone a repository into a new directory\n   init      Create an empty Git repository or reinitialize an existing one\n\nwork on the current change (see also: git help everyday)\n   add       Add file contents to the index\n   mv        Move or rename a file, a directory, or a symlink\n   restore   Restore working tree files\n   rm        Remove files from the working tree and from the index\n\nexamine the history and state (see also: git help revisions)\n   bisect    Use binary search to find the commit that introduced a bug\n   diff      Show changes between commits, commit and working tree, etc\n   grep      Print lines matching a pattern\n   log       Show commit logs\n   show      Show various types of objects\n   status    Show the working tree status\n\ngrow, mark and tweak your common history\n   branch    List, create, or delete branches\n   commit    Record changes to the repository\n   merge     Join two or more development histories together\n   rebase    Reapply commits on top of another base tip\n   reset     Reset current HEAD to the specified state\n   switch    Switch branches\n   tag       Create, list, delete or verify a tag object signed with GPG\n\ncollaborate (see also: git help workflows)\n   fetch     Download objects and refs from another repository\n   pull      Fetch from and integrate with another repository or a local branch\n   push      Update remote refs along with associated objects\n\n'git help -a' and 'git help -g' list available subcommands and some\nconcept guides. See 'git help <command>' or 'git help <concept>'\nto read about a specific subcommand or concept.\nSee 'git help git' for an overview of the system.\n""
[0m20:00:51.141396 [debug] [MainThread]: STDERR: "b''"
[0m20:00:51.144293 [info ] [MainThread]:  - git [[32mOK found[0m]

[0m20:00:51.147057 [info ] [MainThread]: Connection:
[0m20:00:51.150584 [info ] [MainThread]:   s3_staging_dir: s3://finance-lake-query-vk1911eu/
[0m20:00:51.153487 [info ] [MainThread]:   work_group: primary
[0m20:00:51.156980 [info ] [MainThread]:   skip_workgroup_check: False
[0m20:00:51.159785 [info ] [MainThread]:   region_name: eu-central-1
[0m20:00:51.162418 [info ] [MainThread]:   database: AwsDataCatalog
[0m20:00:51.165903 [info ] [MainThread]:   schema: finance-lake_db
[0m20:00:51.169142 [info ] [MainThread]:   poll_interval: 1.0
[0m20:00:51.171765 [info ] [MainThread]:   aws_profile_name: vaishnavi-dev
[0m20:00:51.175174 [info ] [MainThread]:   aws_access_key_id: None
[0m20:00:51.178178 [info ] [MainThread]:   endpoint_url: None
[0m20:00:51.182205 [info ] [MainThread]:   s3_data_dir: None
[0m20:00:51.185474 [info ] [MainThread]:   s3_data_naming: schema_table_unique
[0m20:00:51.188622 [info ] [MainThread]:   s3_tmp_table_dir: None
[0m20:00:51.192047 [info ] [MainThread]:   debug_query_state: False
[0m20:00:51.194249 [info ] [MainThread]:   seed_s3_upload_args: None
[0m20:00:51.197674 [info ] [MainThread]:   lf_tags_database: None
[0m20:00:51.200437 [info ] [MainThread]:   spark_work_group: None
[0m20:00:51.210915 [info ] [MainThread]: Registered adapter: athena=1.9.5
[0m20:01:25.264056 [debug] [MainThread]: Acquiring new athena connection 'debug'
[0m20:01:25.267590 [debug] [MainThread]: Using athena connection "debug"
[0m20:01:25.270345 [debug] [MainThread]: On debug: select 1 as id
[0m20:01:25.273054 [debug] [MainThread]: Opening a new connection, currently in state init
[0m20:01:51.433811 [debug] [MainThread]: dbt.adapters.athena.constants adapter: Athena query ID 965b3753-ea7c-4524-b651-6d011c3b42fa
[0m20:01:53.828405 [debug] [MainThread]: SQL status: OK -1 in 28.555 seconds
[0m20:01:53.833650 [debug] [MainThread]: On debug: Close
[0m20:01:53.837548 [info ] [MainThread]:   Connection test: [[32mOK connection ok[0m]

[0m20:01:53.841105 [info ] [MainThread]: [32mAll checks passed![0m
[0m20:01:53.853286 [debug] [MainThread]: Resource report: {"command_name": "debug", "command_success": true, "command_wall_clock_time": 79.992035, "process_in_blocks": "12688", "process_kernel_time": 2.441415, "process_mem_max_rss": "140700", "process_out_blocks": "0", "process_user_time": 3.175824}
[0m20:01:53.856409 [debug] [MainThread]: Command `dbt debug` succeeded at 20:01:53.856259 after 80.00 seconds
[0m20:01:53.859447 [debug] [MainThread]: Connection 'debug' was properly closed.
[0m20:01:53.862524 [debug] [MainThread]: Sending event: {'category': 'dbt', 'action': 'invocation', 'label': 'end', 'context': [<snowplow_tracker.self_describing_json.SelfDescribingJson object at 0x7f89cba6a0c0>, <snowplow_tracker.self_describing_json.SelfDescribingJson object at 0x7f89cb410590>, <snowplow_tracker.self_describing_json.SelfDescribingJson object at 0x7f89ca6f3770>]}
[0m20:01:53.865444 [debug] [MainThread]: Flushing usage events
[0m20:01:54.797485 [debug] [MainThread]: An error was encountered while trying to flush usage events
[0m20:02:39.568732 [debug] [MainThread]: Sending event: {'category': 'dbt', 'action': 'invocation', 'label': 'start', 'context': [<snowplow_tracker.self_describing_json.SelfDescribingJson object at 0x7fdb4d671e50>, <snowplow_tracker.self_describing_json.SelfDescribingJson object at 0x7fdb4f90e780>, <snowplow_tracker.self_describing_json.SelfDescribingJson object at 0x7fdb4d5354c0>]}


============================== 20:02:39.603370 | 01158e87-da86-4ad2-a2ff-52c6d0f3f4b1 ==============================
[0m20:02:39.603370 [info ] [MainThread]: Running with dbt=1.10.13
[0m20:02:39.605920 [debug] [MainThread]: running dbt with arguments {'introspect': 'True', 'cache_selected_only': 'False', 'log_path': '/mnt/d/finance-lakehouse-aws/dbt/finance_dbt/logs', 'no_print': 'None', 'fail_fast': 'False', 'use_colors': 'True', 'static_parser': 'True', 'printer_width': '80', 'empty': 'None', 'use_experimental_parser': 'False', 'version_check': 'True', 'debug': 'False', 'quiet': 'False', 'partial_parse': 'True', 'send_anonymous_usage_stats': 'True', 'indirect_selection': 'eager', 'log_format': 'default', 'write_json': 'True', 'target_path': 'None', 'log_cache_events': 'False', 'invocation_command': 'dbt parse', 'warn_error': 'None', 'warn_error_options': 'WarnErrorOptionsV2(error=[], warn=[], silence=[])', 'profiles_dir': '/home/vaishu19/.dbt'}
[0m20:02:56.491263 [debug] [MainThread]: Sending event: {'category': 'dbt', 'action': 'project_id', 'label': '01158e87-da86-4ad2-a2ff-52c6d0f3f4b1', 'context': [<snowplow_tracker.self_describing_json.SelfDescribingJson object at 0x7fdb4c015430>]}
[0m20:02:56.603423 [debug] [MainThread]: Sending event: {'category': 'dbt', 'action': 'adapter_info', 'label': '01158e87-da86-4ad2-a2ff-52c6d0f3f4b1', 'context': [<snowplow_tracker.self_describing_json.SelfDescribingJson object at 0x7fdb4ca9f770>]}
[0m20:02:56.652625 [info ] [MainThread]: Registered adapter: athena=1.9.5
[0m20:03:30.319132 [debug] [MainThread]: checksum: 9f0c81e2574b4ff463f3d16d080df83c6982fc0372c9feeacae0504ac9ea3ffe, vars: {}, profile: , target: , version: 1.10.13
[0m20:03:30.336823 [info ] [MainThread]: Unable to do partial parsing because saved manifest not found. Starting full parse.
[0m20:03:30.338659 [debug] [MainThread]: Sending event: {'category': 'dbt', 'action': 'partial_parser', 'label': '01158e87-da86-4ad2-a2ff-52c6d0f3f4b1', 'context': [<snowplow_tracker.self_describing_json.SelfDescribingJson object at 0x7fdb4c4ee1e0>]}
[0m20:03:38.178794 [debug] [MainThread]: Sending event: {'category': 'dbt', 'action': 'load_project', 'label': '01158e87-da86-4ad2-a2ff-52c6d0f3f4b1', 'context': [<snowplow_tracker.self_describing_json.SelfDescribingJson object at 0x7fdb4b93a7b0>]}
[0m20:03:38.205936 [info ] [MainThread]: Performance info: /mnt/d/finance-lakehouse-aws/dbt/finance_dbt/target/perf_info.json
[0m20:03:38.343481 [debug] [MainThread]: Wrote artifact WritableManifest to /mnt/d/finance-lakehouse-aws/dbt/finance_dbt/target/manifest.json
[0m20:03:38.393366 [debug] [MainThread]: Wrote artifact SemanticManifest to /mnt/d/finance-lakehouse-aws/dbt/finance_dbt/target/semantic_manifest.json
[0m20:03:38.405692 [debug] [MainThread]: Resource report: {"command_name": "parse", "command_success": true, "command_wall_clock_time": 58.928307, "process_in_blocks": "12896", "process_kernel_time": 2.016235, "process_mem_max_rss": "131532", "process_out_blocks": "0", "process_user_time": 3.683124}
[0m20:03:38.409143 [debug] [MainThread]: Command `dbt parse` succeeded at 20:03:38.408937 after 58.93 seconds
[0m20:03:38.412040 [debug] [MainThread]: Sending event: {'category': 'dbt', 'action': 'invocation', 'label': 'end', 'context': [<snowplow_tracker.self_describing_json.SelfDescribingJson object at 0x7fdb4f1bef60>, <snowplow_tracker.self_describing_json.SelfDescribingJson object at 0x7fdb4b9579b0>, <snowplow_tracker.self_describing_json.SelfDescribingJson object at 0x7fdb4d287bf0>]}
[0m20:03:38.414857 [debug] [MainThread]: Flushing usage events
[0m20:03:39.490102 [debug] [MainThread]: An error was encountered while trying to flush usage events
[0m20:04:22.354936 [debug] [MainThread]: Sending event: {'category': 'dbt', 'action': 'invocation', 'label': 'start', 'context': [<snowplow_tracker.self_describing_json.SelfDescribingJson object at 0x7fbc5139c200>, <snowplow_tracker.self_describing_json.SelfDescribingJson object at 0x7fbc51732ae0>, <snowplow_tracker.self_describing_json.SelfDescribingJson object at 0x7fbc534a1e80>]}


============================== 20:04:22.390515 | 5c40d065-6b5f-442a-becd-681181c53046 ==============================
[0m20:04:22.390515 [info ] [MainThread]: Running with dbt=1.10.13
[0m20:04:22.392983 [debug] [MainThread]: running dbt with arguments {'static_parser': 'True', 'warn_error': 'None', 'use_experimental_parser': 'False', 'send_anonymous_usage_stats': 'True', 'indirect_selection': 'eager', 'printer_width': '80', 'warn_error_options': 'WarnErrorOptionsV2(error=[], warn=[], silence=[])', 'invocation_command': 'dbt run -s fred_clean --full-refresh', 'target_path': 'None', 'no_print': 'None', 'fail_fast': 'False', 'empty': 'False', 'debug': 'False', 'write_json': 'True', 'log_path': '/mnt/d/finance-lakehouse-aws/dbt/finance_dbt/logs', 'profiles_dir': '/home/vaishu19/.dbt', 'log_format': 'default', 'quiet': 'False', 'partial_parse': 'True', 'log_cache_events': 'False', 'cache_selected_only': 'False', 'use_colors': 'True', 'introspect': 'True', 'version_check': 'True'}
[0m20:04:40.244909 [debug] [MainThread]: Sending event: {'category': 'dbt', 'action': 'project_id', 'label': '5c40d065-6b5f-442a-becd-681181c53046', 'context': [<snowplow_tracker.self_describing_json.SelfDescribingJson object at 0x7fbc50560bc0>]}
[0m20:04:40.355341 [debug] [MainThread]: Sending event: {'category': 'dbt', 'action': 'adapter_info', 'label': '5c40d065-6b5f-442a-becd-681181c53046', 'context': [<snowplow_tracker.self_describing_json.SelfDescribingJson object at 0x7fbc5140f860>]}
[0m20:04:40.405464 [info ] [MainThread]: Registered adapter: athena=1.9.5
[0m20:05:15.912691 [debug] [MainThread]: checksum: 9f0c81e2574b4ff463f3d16d080df83c6982fc0372c9feeacae0504ac9ea3ffe, vars: {}, profile: , target: , version: 1.10.13
[0m20:05:23.054106 [debug] [MainThread]: Partial parsing enabled: 0 files deleted, 0 files added, 0 files changed.
[0m20:05:23.057474 [debug] [MainThread]: Partial parsing enabled, no changes found, skipping parsing
[0m20:05:23.083946 [debug] [MainThread]: Sending event: {'category': 'dbt', 'action': 'load_project', 'label': '5c40d065-6b5f-442a-becd-681181c53046', 'context': [<snowplow_tracker.self_describing_json.SelfDescribingJson object at 0x7fbc509cf410>]}
[0m20:05:23.196063 [debug] [MainThread]: Wrote artifact WritableManifest to /mnt/d/finance-lakehouse-aws/dbt/finance_dbt/target/manifest.json
[0m20:05:23.235474 [debug] [MainThread]: Wrote artifact SemanticManifest to /mnt/d/finance-lakehouse-aws/dbt/finance_dbt/target/semantic_manifest.json
[0m20:05:24.013755 [debug] [MainThread]: Sending event: {'category': 'dbt', 'action': 'resource_counts', 'label': '5c40d065-6b5f-442a-becd-681181c53046', 'context': [<snowplow_tracker.self_describing_json.SelfDescribingJson object at 0x7fbc4f91e180>]}
[0m20:05:24.017745 [info ] [MainThread]: Found 2 models, 2 sources, 477 macros
[0m20:05:24.021125 [debug] [MainThread]: Sending event: {'category': 'dbt', 'action': 'runnable_timing', 'label': '5c40d065-6b5f-442a-becd-681181c53046', 'context': [<snowplow_tracker.self_describing_json.SelfDescribingJson object at 0x7fbc4f766cc0>]}
[0m20:05:24.026013 [info ] [MainThread]: 
[0m20:05:24.030512 [info ] [MainThread]: Concurrency: 1 threads (target='dev')
[0m20:05:24.034017 [info ] [MainThread]: 
[0m20:05:24.038429 [debug] [MainThread]: Acquiring new athena connection 'master'
[0m20:05:24.042728 [debug] [ThreadPool]: Acquiring new athena connection 'list_AwsDataCatalog'
[0m20:05:24.046910 [debug] [ThreadPool]: Opening a new connection, currently in state init
[0m20:06:01.169126 [debug] [ThreadPool]: On list_AwsDataCatalog: Close
[0m20:06:01.177676 [debug] [ThreadPool]: Re-using an available connection from the pool (formerly list_AwsDataCatalog, now list_AwsDataCatalog_finance-lake_db)
[0m20:06:01.182025 [debug] [ThreadPool]: Opening a new connection, currently in state closed
[0m20:06:39.613073 [debug] [ThreadPool]: On list_AwsDataCatalog_finance-lake_db: Close
[0m20:06:39.618294 [debug] [MainThread]: Sending event: {'category': 'dbt', 'action': 'runnable_timing', 'label': '5c40d065-6b5f-442a-becd-681181c53046', 'context': [<snowplow_tracker.self_describing_json.SelfDescribingJson object at 0x7fbc4f9abef0>]}
[0m20:06:39.626734 [debug] [Thread-1 (]: Began running node model.finance_lakehouse.fred_clean
[0m20:06:39.630330 [info ] [Thread-1 (]: 1 of 1 START sql table model finance-lake_db.fred_clean ........................ [RUN]
[0m20:06:39.634107 [debug] [Thread-1 (]: Re-using an available connection from the pool (formerly list_AwsDataCatalog_finance-lake_db, now model.finance_lakehouse.fred_clean)
[0m20:06:39.637218 [debug] [Thread-1 (]: Began compiling node model.finance_lakehouse.fred_clean
[0m20:06:39.647534 [debug] [Thread-1 (]: Writing injected SQL for node "model.finance_lakehouse.fred_clean"
[0m20:06:39.712125 [debug] [Thread-1 (]: Began executing node model.finance_lakehouse.fred_clean
[0m20:06:39.755782 [debug] [Thread-1 (]: Skip partitioning: False
[0m20:06:39.761130 [debug] [Thread-1 (]: dbt.adapters.athena.constants adapter: get_work_group for %s
[0m20:06:39.765551 [debug] [Thread-1 (]: Opening a new connection, currently in state closed
[0m20:07:08.626082 [debug] [Thread-1 (]: dbt.adapters.athena.constants adapter: S3 path does not exist
[0m20:07:08.630181 [debug] [Thread-1 (]: dbt.adapters.athena.constants adapter: Running Athena query:
-- /* {"app": "dbt", "dbt_version": "1.10.13", "profile_name": "finance_lakehouse", "target_name": "dev", "node_id": "model.finance_lakehouse.fred_clean"} */
create table "AwsDataCatalog"."finance-lake_db"."fred_clean"
    with (
      table_type='hive',
      is_external=true,external_location='s3://finance-lake-query-vk1911eu/tables/finance-lake_db/fred_clean/45ef4522-2e15-4d85-9936-421b3bf9ed8e',
      format='parquet'
    )
    as
      

WITH base AS (
  SELECT
    realtime_start,
    realtime_end,
    observation_start,
    observation_end,
    obs
  FROM "AwsDataCatalog"."finance-lake_db"."fred_raw"
  CROSS JOIN UNNEST(observations) AS t(obs)
)
SELECT
  TRY_CAST(obs.date AS DATE) AS obs_date,
  TRY_CAST(obs.value AS DOUBLE) AS value,
  'DGS10' AS series   -- static placeholder; adjust if you union multiple series
FROM base
WHERE obs.value IS NOT NULL;
[0m20:07:09.254041 [debug] [Thread-1 (]: dbt.adapters.athena.constants adapter: Athena query ID b209b019-ea0c-4e58-a092-70e1edf51f6b
[0m20:10:02.500596 [debug] [Thread-1 (]: COMPILED CODE RESULT: {"rowcount":3216,"data_scanned_in_bytes":332311}
[0m20:10:02.512246 [debug] [Thread-1 (]: Using athena connection "model.finance_lakehouse.fred_clean"
[0m20:10:02.515392 [debug] [Thread-1 (]: On model.finance_lakehouse.fred_clean: alter table `finance-lake_db`.`fred_clean` set tblproperties ('classification' = 'parquet')
[0m20:10:02.656079 [debug] [Thread-1 (]: dbt.adapters.athena.constants adapter: Athena query ID 5e396c34-aa2d-4aa8-8a5c-8169168f6ebd
[0m20:10:04.115228 [debug] [Thread-1 (]: SQL status: OK -1 in 1.597 seconds
[0m20:10:04.123277 [debug] [Thread-1 (]: Writing runtime sql for node "model.finance_lakehouse.fred_clean"
[0m20:10:04.195871 [debug] [Thread-1 (]: Using athena connection "model.finance_lakehouse.fred_clean"
[0m20:10:04.198806 [debug] [Thread-1 (]: On model.finance_lakehouse.fred_clean: -- /* {"app": "dbt", "dbt_version": "1.10.13", "profile_name": "finance_lakehouse", "target_name": "dev", "node_id": "model.finance_lakehouse.fred_clean"} */
SELECT '{"rowcount":3216,"data_scanned_in_bytes":332311}';
[0m20:10:04.356695 [debug] [Thread-1 (]: dbt.adapters.athena.constants adapter: Athena query ID 7055005e-df6c-4544-b5ab-5ac11e6b432b
[0m20:10:05.824137 [debug] [Thread-1 (]: SQL status: OK 3216 in 1.622 seconds
[0m20:10:05.835110 [debug] [Thread-1 (]: On model.finance_lakehouse.fred_clean: Close
[0m20:10:05.878158 [debug] [Thread-1 (]: Sending event: {'category': 'dbt', 'action': 'run_model', 'label': '5c40d065-6b5f-442a-becd-681181c53046', 'context': [<snowplow_tracker.self_describing_json.SelfDescribingJson object at 0x7fbc504b5010>]}
[0m20:10:05.880895 [info ] [Thread-1 (]: 1 of 1 OK created sql table model finance-lake_db.fred_clean ................... [[32mOK 3216[0m in 206.21s]
[0m20:10:05.883129 [debug] [Thread-1 (]: Finished running node model.finance_lakehouse.fred_clean
[0m20:10:05.889013 [debug] [MainThread]: Connection 'master' was properly closed.
[0m20:10:05.891910 [debug] [MainThread]: Connection 'model.finance_lakehouse.fred_clean' was properly closed.
[0m20:10:05.894737 [info ] [MainThread]: 
[0m20:10:05.897745 [info ] [MainThread]: Finished running 1 table model in 0 hours 4 minutes and 41.86 seconds (281.86s).
[0m20:10:05.900820 [debug] [MainThread]: Command end result
[0m20:10:05.978944 [debug] [MainThread]: Wrote artifact WritableManifest to /mnt/d/finance-lakehouse-aws/dbt/finance_dbt/target/manifest.json
[0m20:10:06.031005 [debug] [MainThread]: Wrote artifact SemanticManifest to /mnt/d/finance-lakehouse-aws/dbt/finance_dbt/target/semantic_manifest.json
[0m20:10:06.055979 [debug] [MainThread]: Wrote artifact RunExecutionResult to /mnt/d/finance-lakehouse-aws/dbt/finance_dbt/target/run_results.json
[0m20:10:06.059775 [info ] [MainThread]: 
[0m20:10:06.064679 [info ] [MainThread]: [32mCompleted successfully[0m
[0m20:10:06.068343 [info ] [MainThread]: 
[0m20:10:06.072094 [info ] [MainThread]: Done. PASS=1 WARN=0 ERROR=0 SKIP=0 NO-OP=0 TOTAL=1
[0m20:10:06.084399 [debug] [MainThread]: Resource report: {"command_name": "run", "command_success": true, "command_wall_clock_time": 343.8248, "process_in_blocks": "12688", "process_kernel_time": 4.042827, "process_mem_max_rss": "179852", "process_out_blocks": "0", "process_user_time": 4.744639}
[0m20:10:06.088367 [debug] [MainThread]: Command `dbt run` succeeded at 20:10:06.088187 after 343.83 seconds
[0m20:10:06.091974 [debug] [MainThread]: Sending event: {'category': 'dbt', 'action': 'invocation', 'label': 'end', 'context': [<snowplow_tracker.self_describing_json.SelfDescribingJson object at 0x7fbc50f83e60>, <snowplow_tracker.self_describing_json.SelfDescribingJson object at 0x7fbc4f960a10>, <snowplow_tracker.self_describing_json.SelfDescribingJson object at 0x7fbc4dfacce0>]}
[0m20:10:06.096216 [debug] [MainThread]: Flushing usage events
[0m20:10:07.142250 [debug] [MainThread]: An error was encountered while trying to flush usage events
[0m20:10:52.373305 [debug] [MainThread]: Sending event: {'category': 'dbt', 'action': 'invocation', 'label': 'start', 'context': [<snowplow_tracker.self_describing_json.SelfDescribingJson object at 0x7fde7d65aa50>, <snowplow_tracker.self_describing_json.SelfDescribingJson object at 0x7fde7d773f50>, <snowplow_tracker.self_describing_json.SelfDescribingJson object at 0x7fde7c6fe960>]}


============================== 20:10:52.413412 | 52582f12-6dd8-4612-b31d-e44d6b088944 ==============================
[0m20:10:52.413412 [info ] [MainThread]: Running with dbt=1.10.13
[0m20:10:52.416860 [debug] [MainThread]: running dbt with arguments {'send_anonymous_usage_stats': 'True', 'cache_selected_only': 'False', 'empty': 'False', 'partial_parse': 'True', 'log_format': 'default', 'invocation_command': 'dbt run -s equities_clean --full-refresh', 'target_path': 'None', 'use_colors': 'True', 'log_path': '/mnt/d/finance-lakehouse-aws/dbt/finance_dbt/logs', 'no_print': 'None', 'indirect_selection': 'eager', 'debug': 'False', 'warn_error': 'None', 'printer_width': '80', 'quiet': 'False', 'write_json': 'True', 'profiles_dir': '/home/vaishu19/.dbt', 'static_parser': 'True', 'use_experimental_parser': 'False', 'introspect': 'True', 'log_cache_events': 'False', 'fail_fast': 'False', 'warn_error_options': 'WarnErrorOptionsV2(error=[], warn=[], silence=[])', 'version_check': 'True'}
[0m20:11:08.989968 [debug] [MainThread]: Sending event: {'category': 'dbt', 'action': 'project_id', 'label': '52582f12-6dd8-4612-b31d-e44d6b088944', 'context': [<snowplow_tracker.self_describing_json.SelfDescribingJson object at 0x7fde7b890ad0>]}
[0m20:11:09.105688 [debug] [MainThread]: Sending event: {'category': 'dbt', 'action': 'adapter_info', 'label': '52582f12-6dd8-4612-b31d-e44d6b088944', 'context': [<snowplow_tracker.self_describing_json.SelfDescribingJson object at 0x7fde7c20e9c0>]}
[0m20:11:09.158033 [info ] [MainThread]: Registered adapter: athena=1.9.5
[0m20:11:42.526726 [debug] [MainThread]: checksum: 9f0c81e2574b4ff463f3d16d080df83c6982fc0372c9feeacae0504ac9ea3ffe, vars: {}, profile: , target: , version: 1.10.13
[0m20:11:49.384150 [debug] [MainThread]: Partial parsing enabled: 0 files deleted, 0 files added, 0 files changed.
[0m20:11:49.387244 [debug] [MainThread]: Partial parsing enabled, no changes found, skipping parsing
[0m20:11:49.412894 [debug] [MainThread]: Sending event: {'category': 'dbt', 'action': 'load_project', 'label': '52582f12-6dd8-4612-b31d-e44d6b088944', 'context': [<snowplow_tracker.self_describing_json.SelfDescribingJson object at 0x7fde7b711b50>]}
[0m20:11:49.512434 [debug] [MainThread]: Wrote artifact WritableManifest to /mnt/d/finance-lakehouse-aws/dbt/finance_dbt/target/manifest.json
[0m20:11:49.551947 [debug] [MainThread]: Wrote artifact SemanticManifest to /mnt/d/finance-lakehouse-aws/dbt/finance_dbt/target/semantic_manifest.json
[0m20:11:50.368998 [debug] [MainThread]: Sending event: {'category': 'dbt', 'action': 'resource_counts', 'label': '52582f12-6dd8-4612-b31d-e44d6b088944', 'context': [<snowplow_tracker.self_describing_json.SelfDescribingJson object at 0x7fde7b4b9ac0>]}
[0m20:11:50.371050 [info ] [MainThread]: Found 2 models, 2 sources, 477 macros
[0m20:11:50.373535 [debug] [MainThread]: Sending event: {'category': 'dbt', 'action': 'runnable_timing', 'label': '52582f12-6dd8-4612-b31d-e44d6b088944', 'context': [<snowplow_tracker.self_describing_json.SelfDescribingJson object at 0x7fde7b42c3b0>]}
[0m20:11:50.376882 [info ] [MainThread]: 
[0m20:11:50.378836 [info ] [MainThread]: Concurrency: 1 threads (target='dev')
[0m20:11:50.383649 [info ] [MainThread]: 
[0m20:11:50.385758 [debug] [MainThread]: Acquiring new athena connection 'master'
[0m20:11:50.388921 [debug] [ThreadPool]: Acquiring new athena connection 'list_AwsDataCatalog'
[0m20:11:50.392021 [debug] [ThreadPool]: Opening a new connection, currently in state init
[0m20:12:26.195304 [debug] [ThreadPool]: On list_AwsDataCatalog: Close
[0m20:12:26.204628 [debug] [ThreadPool]: Re-using an available connection from the pool (formerly list_AwsDataCatalog, now list_AwsDataCatalog_finance-lake_db)
[0m20:12:26.209885 [debug] [ThreadPool]: Opening a new connection, currently in state closed
[0m20:13:06.889753 [debug] [ThreadPool]: On list_AwsDataCatalog_finance-lake_db: Close
[0m20:13:06.897769 [debug] [MainThread]: Sending event: {'category': 'dbt', 'action': 'runnable_timing', 'label': '52582f12-6dd8-4612-b31d-e44d6b088944', 'context': [<snowplow_tracker.self_describing_json.SelfDescribingJson object at 0x7fde808f7650>]}
[0m20:13:06.916042 [debug] [Thread-1 (]: Began running node model.finance_lakehouse.equities_clean
[0m20:13:06.921104 [info ] [Thread-1 (]: 1 of 1 START sql table model finance-lake_db.equities_clean .................... [RUN]
[0m20:13:06.925679 [debug] [Thread-1 (]: Re-using an available connection from the pool (formerly list_AwsDataCatalog_finance-lake_db, now model.finance_lakehouse.equities_clean)
[0m20:13:06.930312 [debug] [Thread-1 (]: Began compiling node model.finance_lakehouse.equities_clean
[0m20:13:06.941682 [debug] [Thread-1 (]: Writing injected SQL for node "model.finance_lakehouse.equities_clean"
[0m20:13:06.972776 [debug] [Thread-1 (]: Began executing node model.finance_lakehouse.equities_clean
[0m20:13:07.017714 [debug] [Thread-1 (]: Skip partitioning: False
[0m20:13:07.020510 [debug] [Thread-1 (]: dbt.adapters.athena.constants adapter: get_work_group for %s
[0m20:13:07.023142 [debug] [Thread-1 (]: Opening a new connection, currently in state closed
[0m20:13:36.589726 [debug] [Thread-1 (]: dbt.adapters.athena.constants adapter: S3 path does not exist
[0m20:13:36.594673 [debug] [Thread-1 (]: dbt.adapters.athena.constants adapter: Running Athena query:
-- /* {"app": "dbt", "dbt_version": "1.10.13", "profile_name": "finance_lakehouse", "target_name": "dev", "node_id": "model.finance_lakehouse.equities_clean"} */
create table "AwsDataCatalog"."finance-lake_db"."equities_clean"
    with (
      table_type='hive',
      is_external=true,external_location='s3://finance-lake-query-vk1911eu/tables/finance-lake_db/equities_clean/e6ede742-6b7c-4b5f-b878-eae22815dc84',
      format='parquet'
    )
    as
      

SELECT
  symbol,
  CAST(year  AS INTEGER) AS year,
  CAST(month AS INTEGER) AS month,
  CAST(day   AS INTEGER) AS day,
  TRY_CAST(date  AS DATE)    AS date,
  TRY_CAST(open   AS DOUBLE) AS open,
  TRY_CAST(high   AS DOUBLE) AS high,
  TRY_CAST(low    AS DOUBLE) AS low,
  TRY_CAST(close  AS DOUBLE) AS close,
  TRY_CAST(volume AS DOUBLE) AS volume
FROM "AwsDataCatalog"."finance-lake_db"."equities_stooq_raw";
[0m20:13:37.275356 [debug] [Thread-1 (]: dbt.adapters.athena.constants adapter: Athena query ID feae10c4-00db-46bc-b1a5-7af3a45d6b4e
[0m20:17:50.017980 [debug] [Thread-1 (]: COMPILED CODE RESULT: {"rowcount":158616,"data_scanned_in_bytes":9109836}
[0m20:17:50.039403 [debug] [Thread-1 (]: Using athena connection "model.finance_lakehouse.equities_clean"
[0m20:17:50.043197 [debug] [Thread-1 (]: On model.finance_lakehouse.equities_clean: alter table `finance-lake_db`.`equities_clean` set tblproperties ('classification' = 'parquet')
[0m20:17:50.184375 [debug] [Thread-1 (]: dbt.adapters.athena.constants adapter: Athena query ID 50a90b5d-2e32-4a69-ba1c-26a5c42ba2f6
[0m20:17:51.666435 [debug] [Thread-1 (]: SQL status: OK -1 in 1.619 seconds
[0m20:17:51.674797 [debug] [Thread-1 (]: Writing runtime sql for node "model.finance_lakehouse.equities_clean"
[0m20:17:51.708124 [debug] [Thread-1 (]: Using athena connection "model.finance_lakehouse.equities_clean"
[0m20:17:51.711538 [debug] [Thread-1 (]: On model.finance_lakehouse.equities_clean: -- /* {"app": "dbt", "dbt_version": "1.10.13", "profile_name": "finance_lakehouse", "target_name": "dev", "node_id": "model.finance_lakehouse.equities_clean"} */
SELECT '{"rowcount":158616,"data_scanned_in_bytes":9109836}';
[0m20:17:51.856123 [debug] [Thread-1 (]: dbt.adapters.athena.constants adapter: Athena query ID 6fe5bbaf-67e3-401a-b78f-bc4c037192fc
[0m20:17:53.322619 [debug] [Thread-1 (]: SQL status: OK 158616 in 1.608 seconds
[0m20:17:53.337353 [debug] [Thread-1 (]: On model.finance_lakehouse.equities_clean: Close
[0m20:17:53.383445 [debug] [Thread-1 (]: Sending event: {'category': 'dbt', 'action': 'run_model', 'label': '52582f12-6dd8-4612-b31d-e44d6b088944', 'context': [<snowplow_tracker.self_describing_json.SelfDescribingJson object at 0x7fde72e9a510>]}
[0m20:17:53.387245 [info ] [Thread-1 (]: 1 of 1 OK created sql table model finance-lake_db.equities_clean ............... [[32mOK 158616[0m in 286.42s]
[0m20:17:53.391859 [debug] [Thread-1 (]: Finished running node model.finance_lakehouse.equities_clean
[0m20:17:53.400711 [debug] [MainThread]: Connection 'master' was properly closed.
[0m20:17:53.404197 [debug] [MainThread]: Connection 'model.finance_lakehouse.equities_clean' was properly closed.
[0m20:17:53.408651 [info ] [MainThread]: 
[0m20:17:53.412143 [info ] [MainThread]: Finished running 1 table model in 0 hours 6 minutes and 3.02 seconds (363.02s).
[0m20:17:53.415828 [debug] [MainThread]: Command end result
[0m20:17:53.493231 [debug] [MainThread]: Wrote artifact WritableManifest to /mnt/d/finance-lakehouse-aws/dbt/finance_dbt/target/manifest.json
[0m20:17:53.537805 [debug] [MainThread]: Wrote artifact SemanticManifest to /mnt/d/finance-lakehouse-aws/dbt/finance_dbt/target/semantic_manifest.json
[0m20:17:53.560143 [debug] [MainThread]: Wrote artifact RunExecutionResult to /mnt/d/finance-lakehouse-aws/dbt/finance_dbt/target/run_results.json
[0m20:17:53.563012 [info ] [MainThread]: 
[0m20:17:53.567320 [info ] [MainThread]: [32mCompleted successfully[0m
[0m20:17:53.570159 [info ] [MainThread]: 
[0m20:17:53.574336 [info ] [MainThread]: Done. PASS=1 WARN=0 ERROR=0 SKIP=0 NO-OP=0 TOTAL=1
[0m20:17:53.585682 [debug] [MainThread]: Resource report: {"command_name": "run", "command_success": true, "command_wall_clock_time": 421.31363, "process_in_blocks": "12688", "process_kernel_time": 4.527702, "process_mem_max_rss": "183948", "process_out_blocks": "0", "process_user_time": 4.894278}
[0m20:17:53.590686 [debug] [MainThread]: Command `dbt run` succeeded at 20:17:53.590163 after 421.32 seconds
[0m20:17:53.594467 [debug] [MainThread]: Sending event: {'category': 'dbt', 'action': 'invocation', 'label': 'end', 'context': [<snowplow_tracker.self_describing_json.SelfDescribingJson object at 0x7fde7d5fa570>, <snowplow_tracker.self_describing_json.SelfDescribingJson object at 0x7fde7d65aa50>, <snowplow_tracker.self_describing_json.SelfDescribingJson object at 0x7fde72e1a690>]}
[0m20:17:53.597331 [debug] [MainThread]: Flushing usage events
[0m20:17:54.553355 [debug] [MainThread]: An error was encountered while trying to flush usage events
[0m20:38:48.844109 [debug] [MainThread]: Sending event: {'category': 'dbt', 'action': 'invocation', 'label': 'start', 'context': [<snowplow_tracker.self_describing_json.SelfDescribingJson object at 0x7fd148f3c140>, <snowplow_tracker.self_describing_json.SelfDescribingJson object at 0x7fd1494c5fd0>, <snowplow_tracker.self_describing_json.SelfDescribingJson object at 0x7fd14b150410>]}


============================== 20:38:48.880831 | e84f6dd7-63c6-4c35-b0ec-25f89f467926 ==============================
[0m20:38:48.880831 [info ] [MainThread]: Running with dbt=1.10.13
[0m20:38:48.883323 [debug] [MainThread]: running dbt with arguments {'write_json': 'True', 'target_path': 'None', 'invocation_command': 'dbt clean', 'fail_fast': 'False', 'no_print': 'None', 'cache_selected_only': 'False', 'empty': 'None', 'static_parser': 'True', 'log_format': 'default', 'warn_error_options': 'WarnErrorOptionsV2(error=[], warn=[], silence=[])', 'profiles_dir': '/home/vaishu19/.dbt', 'send_anonymous_usage_stats': 'True', 'introspect': 'True', 'version_check': 'True', 'use_colors': 'True', 'quiet': 'False', 'indirect_selection': 'eager', 'warn_error': 'None', 'log_cache_events': 'False', 'debug': 'False', 'log_path': '/mnt/d/finance-lakehouse-aws/dbt/finance_dbt/logs', 'use_experimental_parser': 'False', 'printer_width': '80', 'partial_parse': 'True'}
[0m20:38:49.692015 [debug] [MainThread]: Sending event: {'category': 'dbt', 'action': 'project_id', 'label': 'e84f6dd7-63c6-4c35-b0ec-25f89f467926', 'context': [<snowplow_tracker.self_describing_json.SelfDescribingJson object at 0x7fd1485952b0>]}
[0m20:38:50.554271 [debug] [MainThread]: Resource report: {"command_name": "clean", "command_success": true, "command_wall_clock_time": 1.8023046, "process_in_blocks": "12016", "process_kernel_time": 1.930558, "process_mem_max_rss": "101200", "process_out_blocks": "0", "process_user_time": 1.978822}
[0m20:38:50.558108 [debug] [MainThread]: Command `dbt clean` succeeded at 20:38:50.557931 after 1.81 seconds
[0m20:38:50.560938 [debug] [MainThread]: Sending event: {'category': 'dbt', 'action': 'invocation', 'label': 'end', 'context': [<snowplow_tracker.self_describing_json.SelfDescribingJson object at 0x7fd1492eb3e0>, <snowplow_tracker.self_describing_json.SelfDescribingJson object at 0x7fd1485bf830>, <snowplow_tracker.self_describing_json.SelfDescribingJson object at 0x7fd1485bfda0>]}
[0m20:38:50.563767 [debug] [MainThread]: Flushing usage events
[0m20:38:51.717329 [debug] [MainThread]: An error was encountered while trying to flush usage events
[0m20:39:34.148161 [debug] [MainThread]: Sending event: {'category': 'dbt', 'action': 'invocation', 'label': 'start', 'context': [<snowplow_tracker.self_describing_json.SelfDescribingJson object at 0x7f2b6a6a67e0>, <snowplow_tracker.self_describing_json.SelfDescribingJson object at 0x7f2b6a4d56a0>, <snowplow_tracker.self_describing_json.SelfDescribingJson object at 0x7f2b6a635910>]}


============================== 20:39:34.184348 | 118ab266-91da-4f07-a0db-af5b7207ec4b ==============================
[0m20:39:34.184348 [info ] [MainThread]: Running with dbt=1.10.13
[0m20:39:34.186513 [debug] [MainThread]: running dbt with arguments {'indirect_selection': 'eager', 'quiet': 'False', 'version_check': 'True', 'partial_parse': 'True', 'no_print': 'None', 'introspect': 'True', 'send_anonymous_usage_stats': 'True', 'use_colors': 'True', 'cache_selected_only': 'False', 'invocation_command': 'dbt parse', 'fail_fast': 'False', 'log_cache_events': 'False', 'log_format': 'default', 'warn_error': 'None', 'debug': 'False', 'static_parser': 'True', 'profiles_dir': '/home/vaishu19/.dbt', 'use_experimental_parser': 'False', 'printer_width': '80', 'empty': 'None', 'write_json': 'True', 'log_path': '/mnt/d/finance-lakehouse-aws/dbt/finance_dbt/logs', 'target_path': 'None', 'warn_error_options': 'WarnErrorOptionsV2(error=[], warn=[], silence=[])'}
[0m20:39:51.517131 [debug] [MainThread]: Sending event: {'category': 'dbt', 'action': 'project_id', 'label': '118ab266-91da-4f07-a0db-af5b7207ec4b', 'context': [<snowplow_tracker.self_describing_json.SelfDescribingJson object at 0x7f2b6ab64b90>]}
[0m20:39:51.632090 [debug] [MainThread]: Sending event: {'category': 'dbt', 'action': 'adapter_info', 'label': '118ab266-91da-4f07-a0db-af5b7207ec4b', 'context': [<snowplow_tracker.self_describing_json.SelfDescribingJson object at 0x7f2b69528620>]}
[0m20:39:51.671983 [info ] [MainThread]: Registered adapter: athena=1.9.5
[0m20:40:26.044889 [debug] [MainThread]: checksum: 9f0c81e2574b4ff463f3d16d080df83c6982fc0372c9feeacae0504ac9ea3ffe, vars: {}, profile: , target: , version: 1.10.13
[0m20:40:26.083753 [info ] [MainThread]: Unable to do partial parsing because saved manifest not found. Starting full parse.
[0m20:40:26.085806 [debug] [MainThread]: Sending event: {'category': 'dbt', 'action': 'partial_parser', 'label': '118ab266-91da-4f07-a0db-af5b7207ec4b', 'context': [<snowplow_tracker.self_describing_json.SelfDescribingJson object at 0x7f2b6a4a4bc0>]}
[0m20:40:33.874544 [debug] [MainThread]: Sending event: {'category': 'dbt', 'action': 'load_project', 'label': '118ab266-91da-4f07-a0db-af5b7207ec4b', 'context': [<snowplow_tracker.self_describing_json.SelfDescribingJson object at 0x7f2b6abea420>]}
[0m20:40:33.892809 [info ] [MainThread]: Performance info: /mnt/d/finance-lakehouse-aws/dbt/finance_dbt/target/perf_info.json
[0m20:40:33.985760 [debug] [MainThread]: Wrote artifact WritableManifest to /mnt/d/finance-lakehouse-aws/dbt/finance_dbt/target/manifest.json
[0m20:40:34.011844 [debug] [MainThread]: Wrote artifact SemanticManifest to /mnt/d/finance-lakehouse-aws/dbt/finance_dbt/target/semantic_manifest.json
[0m20:40:34.018184 [debug] [MainThread]: Resource report: {"command_name": "parse", "command_success": true, "command_wall_clock_time": 59.963722, "process_in_blocks": "12896", "process_kernel_time": 2.107032, "process_mem_max_rss": "135616", "process_out_blocks": "0", "process_user_time": 3.684711}
[0m20:40:34.020922 [debug] [MainThread]: Command `dbt parse` succeeded at 20:40:34.020743 after 59.97 seconds
[0m20:40:34.022564 [debug] [MainThread]: Sending event: {'category': 'dbt', 'action': 'invocation', 'label': 'end', 'context': [<snowplow_tracker.self_describing_json.SelfDescribingJson object at 0x7f2b6a1d2fc0>, <snowplow_tracker.self_describing_json.SelfDescribingJson object at 0x7f2b6c7bdd60>, <snowplow_tracker.self_describing_json.SelfDescribingJson object at 0x7f2b68b71520>]}
[0m20:40:34.024042 [debug] [MainThread]: Flushing usage events
[0m20:40:35.078638 [debug] [MainThread]: An error was encountered while trying to flush usage events
[0m20:41:19.087838 [debug] [MainThread]: Sending event: {'category': 'dbt', 'action': 'invocation', 'label': 'start', 'context': [<snowplow_tracker.self_describing_json.SelfDescribingJson object at 0x7f2b6ba2ed80>, <snowplow_tracker.self_describing_json.SelfDescribingJson object at 0x7f2b6bbe9d30>, <snowplow_tracker.self_describing_json.SelfDescribingJson object at 0x7f2b6c3790d0>]}


============================== 20:41:19.122175 | 3ae1ad4d-a0c5-4c7c-ac57-7692d431d8dd ==============================
[0m20:41:19.122175 [info ] [MainThread]: Running with dbt=1.10.13
[0m20:41:19.124259 [debug] [MainThread]: running dbt with arguments {'profiles_dir': '/home/vaishu19/.dbt', 'version_check': 'True', 'indirect_selection': 'eager', 'invocation_command': 'dbt run -s models/gold --full-refresh', 'partial_parse': 'True', 'target_path': 'None', 'empty': 'False', 'printer_width': '80', 'introspect': 'True', 'log_path': '/mnt/d/finance-lakehouse-aws/dbt/finance_dbt/logs', 'fail_fast': 'False', 'write_json': 'True', 'quiet': 'False', 'warn_error': 'None', 'warn_error_options': 'WarnErrorOptionsV2(error=[], warn=[], silence=[])', 'use_colors': 'True', 'log_cache_events': 'False', 'cache_selected_only': 'False', 'no_print': 'None', 'use_experimental_parser': 'False', 'debug': 'False', 'log_format': 'default', 'send_anonymous_usage_stats': 'True', 'static_parser': 'True'}
[0m20:41:36.497043 [debug] [MainThread]: Sending event: {'category': 'dbt', 'action': 'project_id', 'label': '3ae1ad4d-a0c5-4c7c-ac57-7692d431d8dd', 'context': [<snowplow_tracker.self_describing_json.SelfDescribingJson object at 0x7f2b6b766cf0>]}
[0m20:41:36.621790 [debug] [MainThread]: Sending event: {'category': 'dbt', 'action': 'adapter_info', 'label': '3ae1ad4d-a0c5-4c7c-ac57-7692d431d8dd', 'context': [<snowplow_tracker.self_describing_json.SelfDescribingJson object at 0x7f2b6abe33e0>]}
[0m20:41:36.687879 [info ] [MainThread]: Registered adapter: athena=1.9.5
[0m20:42:11.426624 [debug] [MainThread]: checksum: 9f0c81e2574b4ff463f3d16d080df83c6982fc0372c9feeacae0504ac9ea3ffe, vars: {}, profile: , target: , version: 1.10.13
[0m20:42:18.909393 [debug] [MainThread]: Partial parsing enabled: 0 files deleted, 0 files added, 0 files changed.
[0m20:42:18.911195 [debug] [MainThread]: Partial parsing enabled, no changes found, skipping parsing
[0m20:42:18.937923 [debug] [MainThread]: Sending event: {'category': 'dbt', 'action': 'load_project', 'label': '3ae1ad4d-a0c5-4c7c-ac57-7692d431d8dd', 'context': [<snowplow_tracker.self_describing_json.SelfDescribingJson object at 0x7f2b6b8cce60>]}
[0m20:42:19.020558 [debug] [MainThread]: Wrote artifact WritableManifest to /mnt/d/finance-lakehouse-aws/dbt/finance_dbt/target/manifest.json
[0m20:42:19.060123 [debug] [MainThread]: Wrote artifact SemanticManifest to /mnt/d/finance-lakehouse-aws/dbt/finance_dbt/target/semantic_manifest.json
[0m20:42:20.067778 [debug] [MainThread]: Sending event: {'category': 'dbt', 'action': 'resource_counts', 'label': '3ae1ad4d-a0c5-4c7c-ac57-7692d431d8dd', 'context': [<snowplow_tracker.self_describing_json.SelfDescribingJson object at 0x7f2b69e20110>]}
[0m20:42:20.071402 [info ] [MainThread]: Found 5 models, 2 sources, 477 macros
[0m20:42:20.075537 [debug] [MainThread]: Sending event: {'category': 'dbt', 'action': 'runnable_timing', 'label': '3ae1ad4d-a0c5-4c7c-ac57-7692d431d8dd', 'context': [<snowplow_tracker.self_describing_json.SelfDescribingJson object at 0x7f2b6a379100>]}
[0m20:42:20.093180 [info ] [MainThread]: 
[0m20:42:20.097110 [info ] [MainThread]: Concurrency: 1 threads (target='dev')
[0m20:42:20.099704 [info ] [MainThread]: 
[0m20:42:20.102706 [debug] [MainThread]: Acquiring new athena connection 'master'
[0m20:42:20.110960 [debug] [ThreadPool]: Acquiring new athena connection 'list_AwsDataCatalog'
[0m20:42:20.114730 [debug] [ThreadPool]: Opening a new connection, currently in state init
[0m20:42:57.521008 [debug] [ThreadPool]: On list_AwsDataCatalog: Close
[0m20:42:57.526291 [debug] [ThreadPool]: Re-using an available connection from the pool (formerly list_AwsDataCatalog, now list_AwsDataCatalog_finance-lake_db)
[0m20:42:57.529808 [debug] [ThreadPool]: Opening a new connection, currently in state closed
[0m20:43:35.992083 [debug] [ThreadPool]: On list_AwsDataCatalog_finance-lake_db: Close
[0m20:43:35.998217 [debug] [MainThread]: Sending event: {'category': 'dbt', 'action': 'runnable_timing', 'label': '3ae1ad4d-a0c5-4c7c-ac57-7692d431d8dd', 'context': [<snowplow_tracker.self_describing_json.SelfDescribingJson object at 0x7f2b6a84e7e0>]}
[0m20:43:36.007880 [debug] [Thread-1 (]: Began running node model.finance_lakehouse.returns
[0m20:43:36.012467 [info ] [Thread-1 (]: 1 of 3 START sql table model finance-lake_db.returns ........................... [RUN]
[0m20:43:36.016354 [debug] [Thread-1 (]: Re-using an available connection from the pool (formerly list_AwsDataCatalog_finance-lake_db, now model.finance_lakehouse.returns)
[0m20:43:36.019532 [debug] [Thread-1 (]: Began compiling node model.finance_lakehouse.returns
[0m20:43:36.030225 [debug] [Thread-1 (]: Writing injected SQL for node "model.finance_lakehouse.returns"
[0m20:43:36.104944 [debug] [Thread-1 (]: Began executing node model.finance_lakehouse.returns
[0m20:43:36.148759 [debug] [Thread-1 (]: Skip partitioning: False
[0m20:43:36.152842 [debug] [Thread-1 (]: dbt.adapters.athena.constants adapter: get_work_group for %s
[0m20:43:36.157018 [debug] [Thread-1 (]: Opening a new connection, currently in state closed
[0m20:44:02.836887 [debug] [Thread-1 (]: dbt.adapters.athena.constants adapter: S3 path does not exist
[0m20:44:02.841341 [debug] [Thread-1 (]: dbt.adapters.athena.constants adapter: Running Athena query:
-- /* {"app": "dbt", "dbt_version": "1.10.13", "profile_name": "finance_lakehouse", "target_name": "dev", "node_id": "model.finance_lakehouse.returns"} */
create table "AwsDataCatalog"."finance-lake_db"."returns"
    with (
      table_type='hive',
      is_external=true,external_location='s3://finance-lake-query-vk1911eu/tables/finance-lake_db/returns/1c6cc33c-89fe-48ae-a182-7aaa289ce55d',
      format='parquet'
    )
    as
      

with base as (
  select
    symbol,
    date,
    close
  from "AwsDataCatalog"."finance-lake_db"."equities_clean"
),
calc as (
  select
    symbol,
    date,
    close,
    lag(close) over (partition by symbol order by date)        as prev_close
  from base
)
select
  symbol,
  date,
  close,
  case
    when prev_close is null or prev_close = 0 then null
    else (close - prev_close) / prev_close
  end as daily_return
from calc
[0m20:44:03.424584 [debug] [Thread-1 (]: dbt.adapters.athena.constants adapter: Athena query ID 9825f178-e68c-42a0-ab17-dc01c361dff2
[0m20:44:05.979867 [debug] [Thread-1 (]: COMPILED CODE RESULT: {"rowcount":158616,"data_scanned_in_bytes":444910}
[0m20:44:05.987261 [debug] [Thread-1 (]: Using athena connection "model.finance_lakehouse.returns"
[0m20:44:05.989443 [debug] [Thread-1 (]: On model.finance_lakehouse.returns: alter table `finance-lake_db`.`returns` set tblproperties ('classification' = 'parquet')
[0m20:44:06.115026 [debug] [Thread-1 (]: dbt.adapters.athena.constants adapter: Athena query ID d317b066-7f26-4670-8ce2-943bca7bcd8b
[0m20:44:07.557290 [debug] [Thread-1 (]: SQL status: OK -1 in 1.566 seconds
[0m20:44:07.563779 [debug] [Thread-1 (]: Writing runtime sql for node "model.finance_lakehouse.returns"
[0m20:44:07.632699 [debug] [Thread-1 (]: Using athena connection "model.finance_lakehouse.returns"
[0m20:44:07.635832 [debug] [Thread-1 (]: On model.finance_lakehouse.returns: -- /* {"app": "dbt", "dbt_version": "1.10.13", "profile_name": "finance_lakehouse", "target_name": "dev", "node_id": "model.finance_lakehouse.returns"} */
SELECT '{"rowcount":158616,"data_scanned_in_bytes":444910}';
[0m20:44:07.767112 [debug] [Thread-1 (]: dbt.adapters.athena.constants adapter: Athena query ID 2657779d-7190-4d26-9281-9213beda2fc4
[0m20:44:09.196531 [debug] [Thread-1 (]: SQL status: OK 158616 in 1.558 seconds
[0m20:44:09.206049 [debug] [Thread-1 (]: On model.finance_lakehouse.returns: Close
[0m20:44:09.242095 [debug] [Thread-1 (]: Sending event: {'category': 'dbt', 'action': 'run_model', 'label': '3ae1ad4d-a0c5-4c7c-ac57-7692d431d8dd', 'context': [<snowplow_tracker.self_describing_json.SelfDescribingJson object at 0x7f2b6a100500>]}
[0m20:44:09.244527 [info ] [Thread-1 (]: 1 of 3 OK created sql table model finance-lake_db.returns ...................... [[32mOK 158616[0m in 33.19s]
[0m20:44:09.246470 [debug] [Thread-1 (]: Finished running node model.finance_lakehouse.returns
[0m20:44:09.249671 [debug] [Thread-1 (]: Began running node model.finance_lakehouse.macro_join
[0m20:44:09.251996 [info ] [Thread-1 (]: 2 of 3 START sql table model finance-lake_db.macro_join ........................ [RUN]
[0m20:44:09.253564 [debug] [Thread-1 (]: Re-using an available connection from the pool (formerly model.finance_lakehouse.returns, now model.finance_lakehouse.macro_join)
[0m20:44:09.255842 [debug] [Thread-1 (]: Began compiling node model.finance_lakehouse.macro_join
[0m20:44:09.260297 [debug] [Thread-1 (]: Writing injected SQL for node "model.finance_lakehouse.macro_join"
[0m20:44:09.285722 [debug] [Thread-1 (]: Began executing node model.finance_lakehouse.macro_join
[0m20:44:09.289965 [debug] [Thread-1 (]: Skip partitioning: False
[0m20:44:09.292900 [debug] [Thread-1 (]: Opening a new connection, currently in state closed
[0m20:44:34.998752 [debug] [Thread-1 (]: dbt.adapters.athena.constants adapter: S3 path does not exist
[0m20:44:35.003347 [debug] [Thread-1 (]: dbt.adapters.athena.constants adapter: Running Athena query:
-- /* {"app": "dbt", "dbt_version": "1.10.13", "profile_name": "finance_lakehouse", "target_name": "dev", "node_id": "model.finance_lakehouse.macro_join"} */
create table "AwsDataCatalog"."finance-lake_db"."macro_join"
    with (
      table_type='hive',
      is_external=true,external_location='s3://finance-lake-query-vk1911eu/tables/finance-lake_db/macro_join/47338e19-7f77-42f9-a30c-d42a048f5634',
      format='parquet'
    )
    as
      

with fred as (
  select
    series,
    obs_date as date,
    cast(value as double) as value
  from "AwsDataCatalog"."finance-lake_db"."fred_clean"
  where series in ('DGS10','CPIAUCSL','UNRATE','TB3MS')
),
fred_pivot as (
  select
    date,
    max(case when series='DGS10'    then value end) as dgs10,
    max(case when series='CPIAUCSL' then value end) as cpiaucsl,
    max(case when series='UNRATE'   then value end) as unrate,
    max(case when series='TB3MS'    then value end) as tb3ms
  from fred
  group by date
),
r as (
  select symbol, date, daily_return
  from "AwsDataCatalog"."finance-lake_db"."returns"
)
select
  r.symbol,
  r.date,
  r.daily_return,
  p.dgs10,
  p.cpiaucsl,
  p.unrate,
  p.tb3ms
from r r
left join fred_pivot p
  on p.date = r.date
[0m20:44:35.657282 [debug] [Thread-1 (]: dbt.adapters.athena.constants adapter: Athena query ID 980b6c97-c1c3-46d6-896e-86320e713fa0
[0m20:44:38.209402 [debug] [Thread-1 (]: COMPILED CODE RESULT: {"rowcount":158616,"data_scanned_in_bytes":512044}
[0m20:44:38.213655 [debug] [Thread-1 (]: Using athena connection "model.finance_lakehouse.macro_join"
[0m20:44:38.217304 [debug] [Thread-1 (]: On model.finance_lakehouse.macro_join: alter table `finance-lake_db`.`macro_join` set tblproperties ('classification' = 'parquet')
[0m20:44:38.369265 [debug] [Thread-1 (]: dbt.adapters.athena.constants adapter: Athena query ID 0db8bb32-7373-4d75-8437-1fa0ed7b8a82
[0m20:44:39.802004 [debug] [Thread-1 (]: SQL status: OK -1 in 1.581 seconds
[0m20:44:39.807451 [debug] [Thread-1 (]: Writing runtime sql for node "model.finance_lakehouse.macro_join"
[0m20:44:39.846378 [debug] [Thread-1 (]: Using athena connection "model.finance_lakehouse.macro_join"
[0m20:44:39.849790 [debug] [Thread-1 (]: On model.finance_lakehouse.macro_join: -- /* {"app": "dbt", "dbt_version": "1.10.13", "profile_name": "finance_lakehouse", "target_name": "dev", "node_id": "model.finance_lakehouse.macro_join"} */
SELECT '{"rowcount":158616,"data_scanned_in_bytes":512044}';
[0m20:44:40.024179 [debug] [Thread-1 (]: dbt.adapters.athena.constants adapter: Athena query ID d23cf9bb-6396-4217-91d6-52f49b39388f
[0m20:44:41.506844 [debug] [Thread-1 (]: SQL status: OK 158616 in 1.654 seconds
[0m20:44:41.512691 [debug] [Thread-1 (]: On model.finance_lakehouse.macro_join: Close
[0m20:44:41.516806 [debug] [Thread-1 (]: Sending event: {'category': 'dbt', 'action': 'run_model', 'label': '3ae1ad4d-a0c5-4c7c-ac57-7692d431d8dd', 'context': [<snowplow_tracker.self_describing_json.SelfDescribingJson object at 0x7f2b60c46bd0>]}
[0m20:44:41.521535 [info ] [Thread-1 (]: 2 of 3 OK created sql table model finance-lake_db.macro_join ................... [[32mOK 158616[0m in 32.26s]
[0m20:44:41.523912 [debug] [Thread-1 (]: Finished running node model.finance_lakehouse.macro_join
[0m20:44:41.527162 [debug] [Thread-1 (]: Began running node model.finance_lakehouse.volatility
[0m20:44:41.530898 [info ] [Thread-1 (]: 3 of 3 START sql table model finance-lake_db.volatility ........................ [RUN]
[0m20:44:41.533456 [debug] [Thread-1 (]: Re-using an available connection from the pool (formerly model.finance_lakehouse.macro_join, now model.finance_lakehouse.volatility)
[0m20:44:41.536890 [debug] [Thread-1 (]: Began compiling node model.finance_lakehouse.volatility
[0m20:44:41.541779 [debug] [Thread-1 (]: Writing injected SQL for node "model.finance_lakehouse.volatility"
[0m20:44:41.569050 [debug] [Thread-1 (]: Began executing node model.finance_lakehouse.volatility
[0m20:44:41.777724 [debug] [Thread-1 (]: Skip partitioning: False
[0m20:44:41.781991 [debug] [Thread-1 (]: Opening a new connection, currently in state closed
[0m20:45:08.496732 [debug] [Thread-1 (]: dbt.adapters.athena.constants adapter: S3 path does not exist
[0m20:45:08.500550 [debug] [Thread-1 (]: dbt.adapters.athena.constants adapter: Running Athena query:
-- /* {"app": "dbt", "dbt_version": "1.10.13", "profile_name": "finance_lakehouse", "target_name": "dev", "node_id": "model.finance_lakehouse.volatility"} */
create table "AwsDataCatalog"."finance-lake_db"."volatility"
    with (
      table_type='hive',
      is_external=true,external_location='s3://finance-lake-query-vk1911eu/tables/finance-lake_db/volatility/5cdf0a02-371b-4828-a7f4-f9f9fa198843',
      format='parquet'
    )
    as
      

with r as (
  select symbol, date, daily_return
  from "AwsDataCatalog"."finance-lake_db"."returns"
),
roll as (
  select
    symbol,
    date,
    -- 21-trading-day rolling window (approx 1 month)
    stddev_pop(daily_return) over (
      partition by symbol
      order by date
      rows between 20 preceding and current row
    ) as vol_21d,
    avg(daily_return) over (
      partition by symbol
      order by date
      rows between 20 preceding and current row
    ) as mean_21d
  from r
)
select symbol, date, vol_21d, mean_21d
from roll
[0m20:45:09.137867 [debug] [Thread-1 (]: dbt.adapters.athena.constants adapter: Athena query ID 09e8362f-2936-4c32-8ecc-f50f316f5ac2
[0m20:45:11.810836 [debug] [Thread-1 (]: COMPILED CODE RESULT: {"rowcount":158616,"data_scanned_in_bytes":499305}
[0m20:45:11.814724 [debug] [Thread-1 (]: Using athena connection "model.finance_lakehouse.volatility"
[0m20:45:11.818020 [debug] [Thread-1 (]: On model.finance_lakehouse.volatility: alter table `finance-lake_db`.`volatility` set tblproperties ('classification' = 'parquet')
[0m20:45:11.959677 [debug] [Thread-1 (]: dbt.adapters.athena.constants adapter: Athena query ID a1fd9088-238a-4c48-9b84-5922f256783a
[0m20:45:13.408693 [debug] [Thread-1 (]: SQL status: OK -1 in 1.588 seconds
[0m20:45:13.413401 [debug] [Thread-1 (]: Writing runtime sql for node "model.finance_lakehouse.volatility"
[0m20:45:13.445233 [debug] [Thread-1 (]: Using athena connection "model.finance_lakehouse.volatility"
[0m20:45:13.448201 [debug] [Thread-1 (]: On model.finance_lakehouse.volatility: -- /* {"app": "dbt", "dbt_version": "1.10.13", "profile_name": "finance_lakehouse", "target_name": "dev", "node_id": "model.finance_lakehouse.volatility"} */
SELECT '{"rowcount":158616,"data_scanned_in_bytes":499305}';
[0m20:45:13.610610 [debug] [Thread-1 (]: dbt.adapters.athena.constants adapter: Athena query ID 7bb37732-f792-4572-bcd0-a3f848886851
[0m20:45:15.060488 [debug] [Thread-1 (]: SQL status: OK 158616 in 1.609 seconds
[0m20:45:15.066117 [debug] [Thread-1 (]: On model.finance_lakehouse.volatility: Close
[0m20:45:15.069257 [debug] [Thread-1 (]: Sending event: {'category': 'dbt', 'action': 'run_model', 'label': '3ae1ad4d-a0c5-4c7c-ac57-7692d431d8dd', 'context': [<snowplow_tracker.self_describing_json.SelfDescribingJson object at 0x7f2b6bfd0a70>]}
[0m20:45:15.072082 [info ] [Thread-1 (]: 3 of 3 OK created sql table model finance-lake_db.volatility ................... [[32mOK 158616[0m in 33.54s]
[0m20:45:15.074647 [debug] [Thread-1 (]: Finished running node model.finance_lakehouse.volatility
[0m20:45:15.078961 [debug] [MainThread]: Connection 'master' was properly closed.
[0m20:45:15.081868 [debug] [MainThread]: Connection 'model.finance_lakehouse.volatility' was properly closed.
[0m20:45:15.084004 [info ] [MainThread]: 
[0m20:45:15.086892 [info ] [MainThread]: Finished running 3 table models in 0 hours 2 minutes and 54.98 seconds (174.98s).
[0m20:45:15.090260 [debug] [MainThread]: Command end result
[0m20:45:15.151953 [debug] [MainThread]: Wrote artifact WritableManifest to /mnt/d/finance-lakehouse-aws/dbt/finance_dbt/target/manifest.json
[0m20:45:15.190820 [debug] [MainThread]: Wrote artifact SemanticManifest to /mnt/d/finance-lakehouse-aws/dbt/finance_dbt/target/semantic_manifest.json
[0m20:45:15.208621 [debug] [MainThread]: Wrote artifact RunExecutionResult to /mnt/d/finance-lakehouse-aws/dbt/finance_dbt/target/run_results.json
[0m20:45:15.212134 [info ] [MainThread]: 
[0m20:45:15.214400 [info ] [MainThread]: [32mCompleted successfully[0m
[0m20:45:15.217786 [info ] [MainThread]: 
[0m20:45:15.221063 [info ] [MainThread]: Done. PASS=3 WARN=0 ERROR=0 SKIP=0 NO-OP=0 TOTAL=3
[0m20:45:15.233630 [debug] [MainThread]: Resource report: {"command_name": "run", "command_success": true, "command_wall_clock_time": 236.23106, "process_in_blocks": "12688", "process_kernel_time": 4.983393, "process_mem_max_rss": "189500", "process_out_blocks": "0", "process_user_time": 5.139735}
[0m20:45:15.237363 [debug] [MainThread]: Command `dbt run` succeeded at 20:45:15.237150 after 236.24 seconds
[0m20:45:15.240270 [debug] [MainThread]: Sending event: {'category': 'dbt', 'action': 'invocation', 'label': 'end', 'context': [<snowplow_tracker.self_describing_json.SelfDescribingJson object at 0x7f2b6d0d2a80>, <snowplow_tracker.self_describing_json.SelfDescribingJson object at 0x7f2b60baf7a0>, <snowplow_tracker.self_describing_json.SelfDescribingJson object at 0x7f2b60baee40>]}
[0m20:45:15.243695 [debug] [MainThread]: Flushing usage events
[0m20:45:16.269659 [debug] [MainThread]: An error was encountered while trying to flush usage events
[0m20:52:30.173005 [debug] [MainThread]: Sending event: {'category': 'dbt', 'action': 'invocation', 'label': 'start', 'context': [<snowplow_tracker.self_describing_json.SelfDescribingJson object at 0x7f67293836e0>, <snowplow_tracker.self_describing_json.SelfDescribingJson object at 0x7f6728fbe0c0>, <snowplow_tracker.self_describing_json.SelfDescribingJson object at 0x7f672aa8d2b0>]}


============================== 20:52:30.208266 | e341d86c-37cf-46ed-b1aa-4fc446ce4335 ==============================
[0m20:52:30.208266 [info ] [MainThread]: Running with dbt=1.10.13
[0m20:52:30.210646 [debug] [MainThread]: running dbt with arguments {'use_experimental_parser': 'False', 'static_parser': 'True', 'fail_fast': 'False', 'send_anonymous_usage_stats': 'True', 'warn_error': 'None', 'printer_width': '80', 'quiet': 'False', 'target_path': 'None', 'log_format': 'default', 'empty': 'False', 'write_json': 'True', 'profiles_dir': '/home/vaishu19/.dbt', 'version_check': 'True', 'invocation_command': 'dbt run -s metrics_by_month --full-refresh', 'no_print': 'None', 'warn_error_options': 'WarnErrorOptionsV2(error=[], warn=[], silence=[])', 'log_path': '/mnt/d/finance-lakehouse-aws/dbt/finance_dbt/logs', 'indirect_selection': 'eager', 'debug': 'False', 'log_cache_events': 'False', 'cache_selected_only': 'False', 'use_colors': 'True', 'partial_parse': 'True', 'introspect': 'True'}
[0m20:52:47.297797 [debug] [MainThread]: Sending event: {'category': 'dbt', 'action': 'project_id', 'label': 'e341d86c-37cf-46ed-b1aa-4fc446ce4335', 'context': [<snowplow_tracker.self_describing_json.SelfDescribingJson object at 0x7f67272848c0>]}
[0m20:52:47.418160 [debug] [MainThread]: Sending event: {'category': 'dbt', 'action': 'adapter_info', 'label': 'e341d86c-37cf-46ed-b1aa-4fc446ce4335', 'context': [<snowplow_tracker.self_describing_json.SelfDescribingJson object at 0x7f6728935a30>]}
[0m20:52:47.462267 [info ] [MainThread]: Registered adapter: athena=1.9.5
[0m20:53:20.747319 [debug] [MainThread]: checksum: 9f0c81e2574b4ff463f3d16d080df83c6982fc0372c9feeacae0504ac9ea3ffe, vars: {}, profile: , target: , version: 1.10.13
[0m20:53:28.122062 [debug] [MainThread]: Partial parsing enabled: 0 files deleted, 1 files added, 0 files changed.
[0m20:53:28.123905 [debug] [MainThread]: Partial parsing: added file: finance_lakehouse://models/gold/metrics_by_month.sql
[0m20:53:28.351289 [debug] [MainThread]: Sending event: {'category': 'dbt', 'action': 'load_project', 'label': 'e341d86c-37cf-46ed-b1aa-4fc446ce4335', 'context': [<snowplow_tracker.self_describing_json.SelfDescribingJson object at 0x7f6726cd7dd0>]}
[0m20:53:28.459949 [debug] [MainThread]: Wrote artifact WritableManifest to /mnt/d/finance-lakehouse-aws/dbt/finance_dbt/target/manifest.json
[0m20:53:28.501765 [debug] [MainThread]: Wrote artifact SemanticManifest to /mnt/d/finance-lakehouse-aws/dbt/finance_dbt/target/semantic_manifest.json
[0m20:53:29.529250 [debug] [MainThread]: Sending event: {'category': 'dbt', 'action': 'resource_counts', 'label': 'e341d86c-37cf-46ed-b1aa-4fc446ce4335', 'context': [<snowplow_tracker.self_describing_json.SelfDescribingJson object at 0x7f672542be60>]}
[0m20:53:29.532654 [info ] [MainThread]: Found 6 models, 2 sources, 477 macros
[0m20:53:29.538346 [debug] [MainThread]: Sending event: {'category': 'dbt', 'action': 'runnable_timing', 'label': 'e341d86c-37cf-46ed-b1aa-4fc446ce4335', 'context': [<snowplow_tracker.self_describing_json.SelfDescribingJson object at 0x7f6726cd4740>]}
[0m20:53:29.543812 [info ] [MainThread]: 
[0m20:53:29.549733 [info ] [MainThread]: Concurrency: 1 threads (target='dev')
[0m20:53:29.554204 [info ] [MainThread]: 
[0m20:53:29.558678 [debug] [MainThread]: Acquiring new athena connection 'master'
[0m20:53:29.566217 [debug] [ThreadPool]: Acquiring new athena connection 'list_AwsDataCatalog'
[0m20:53:29.570299 [debug] [ThreadPool]: Opening a new connection, currently in state init
[0m20:54:06.608044 [debug] [ThreadPool]: On list_AwsDataCatalog: Close
[0m20:54:06.618170 [debug] [ThreadPool]: Re-using an available connection from the pool (formerly list_AwsDataCatalog, now list_AwsDataCatalog_finance-lake_db)
[0m20:54:06.621752 [debug] [ThreadPool]: Opening a new connection, currently in state closed
[0m20:54:44.661108 [debug] [ThreadPool]: On list_AwsDataCatalog_finance-lake_db: Close
[0m20:54:44.665803 [debug] [MainThread]: Sending event: {'category': 'dbt', 'action': 'runnable_timing', 'label': 'e341d86c-37cf-46ed-b1aa-4fc446ce4335', 'context': [<snowplow_tracker.self_describing_json.SelfDescribingJson object at 0x7f6725416870>]}
[0m20:54:44.674264 [debug] [Thread-1 (]: Began running node model.finance_lakehouse.metrics_by_month
[0m20:54:44.677778 [info ] [Thread-1 (]: 1 of 1 START sql table model finance-lake_db.metrics_by_month .................. [RUN]
[0m20:54:44.681952 [debug] [Thread-1 (]: Re-using an available connection from the pool (formerly list_AwsDataCatalog_finance-lake_db, now model.finance_lakehouse.metrics_by_month)
[0m20:54:44.684819 [debug] [Thread-1 (]: Began compiling node model.finance_lakehouse.metrics_by_month
[0m20:54:44.693985 [debug] [Thread-1 (]: Writing injected SQL for node "model.finance_lakehouse.metrics_by_month"
[0m20:54:44.720711 [debug] [Thread-1 (]: Began executing node model.finance_lakehouse.metrics_by_month
[0m20:54:44.764083 [debug] [Thread-1 (]: Skip partitioning: False
[0m20:54:44.768649 [debug] [Thread-1 (]: dbt.adapters.athena.constants adapter: get_work_group for %s
[0m20:54:44.772484 [debug] [Thread-1 (]: Opening a new connection, currently in state closed
[0m20:55:12.510232 [debug] [Thread-1 (]: dbt.adapters.athena.constants adapter: S3 path does not exist
[0m20:55:12.514653 [debug] [Thread-1 (]: dbt.adapters.athena.constants adapter: Running Athena query:
-- /* {"app": "dbt", "dbt_version": "1.10.13", "profile_name": "finance_lakehouse", "target_name": "dev", "node_id": "model.finance_lakehouse.metrics_by_month"} */
create table "AwsDataCatalog"."finance-lake_db"."metrics_by_month"
    with (
      table_type='hive',
      is_external=true,external_location='s3://finance-lake-query-vk1911eu/tables/finance-lake_db/metrics_by_month/3dd15b72-d9e3-4847-bd0a-fbb22008093f',
      format='parquet'
    )
    as
      

with base as (
  select
    symbol,
    date_trunc('month', date) as month,
    avg(daily_return) as avg_return,
    stddev_pop(daily_return) as vol_month,
    count(*) as trading_days
  from "AwsDataCatalog"."finance-lake_db"."returns"
  group by symbol, date_trunc('month', date)
)
select
  symbol,
  month,
  avg_return,
  vol_month,
  trading_days,
  avg_return / nullif(vol_month, 0) as sharpe_ratio
from base
[0m20:55:13.009226 [debug] [Thread-1 (]: dbt.adapters.athena.constants adapter: Athena query ID 05dcec18-765d-4c24-901e-be2d9d15add4
[0m20:55:15.545571 [debug] [Thread-1 (]: COMPILED CODE RESULT: {"rowcount":1893,"data_scanned_in_bytes":499305}
[0m20:55:15.554767 [debug] [Thread-1 (]: Using athena connection "model.finance_lakehouse.metrics_by_month"
[0m20:55:15.558694 [debug] [Thread-1 (]: On model.finance_lakehouse.metrics_by_month: alter table `finance-lake_db`.`metrics_by_month` set tblproperties ('classification' = 'parquet')
[0m20:55:15.694093 [debug] [Thread-1 (]: dbt.adapters.athena.constants adapter: Athena query ID d867a0a0-fb1a-44ea-8711-ca95f88ef484
[0m20:55:17.177335 [debug] [Thread-1 (]: SQL status: OK -1 in 1.615 seconds
[0m20:55:17.183896 [debug] [Thread-1 (]: Writing runtime sql for node "model.finance_lakehouse.metrics_by_month"
[0m20:55:17.222212 [debug] [Thread-1 (]: Using athena connection "model.finance_lakehouse.metrics_by_month"
[0m20:55:17.225404 [debug] [Thread-1 (]: On model.finance_lakehouse.metrics_by_month: -- /* {"app": "dbt", "dbt_version": "1.10.13", "profile_name": "finance_lakehouse", "target_name": "dev", "node_id": "model.finance_lakehouse.metrics_by_month"} */
SELECT '{"rowcount":1893,"data_scanned_in_bytes":499305}';
[0m20:55:17.365412 [debug] [Thread-1 (]: dbt.adapters.athena.constants adapter: Athena query ID e184971b-3b68-47ca-b9a9-003e4542a769
[0m20:55:18.901960 [debug] [Thread-1 (]: SQL status: OK 1893 in 1.673 seconds
[0m20:55:18.912477 [debug] [Thread-1 (]: On model.finance_lakehouse.metrics_by_month: Close
[0m20:55:18.960843 [debug] [Thread-1 (]: Sending event: {'category': 'dbt', 'action': 'run_model', 'label': 'e341d86c-37cf-46ed-b1aa-4fc446ce4335', 'context': [<snowplow_tracker.self_describing_json.SelfDescribingJson object at 0x7f6729020b30>]}
[0m20:55:18.964313 [info ] [Thread-1 (]: 1 of 1 OK created sql table model finance-lake_db.metrics_by_month ............. [[32mOK 1893[0m in 34.24s]
[0m20:55:18.967067 [debug] [Thread-1 (]: Finished running node model.finance_lakehouse.metrics_by_month
[0m20:55:18.972041 [debug] [MainThread]: Connection 'master' was properly closed.
[0m20:55:18.974968 [debug] [MainThread]: Connection 'model.finance_lakehouse.metrics_by_month' was properly closed.
[0m20:55:18.977731 [info ] [MainThread]: 
[0m20:55:18.980709 [info ] [MainThread]: Finished running 1 table model in 0 hours 1 minutes and 49.42 seconds (109.42s).
[0m20:55:18.983753 [debug] [MainThread]: Command end result
[0m20:55:19.041772 [debug] [MainThread]: Wrote artifact WritableManifest to /mnt/d/finance-lakehouse-aws/dbt/finance_dbt/target/manifest.json
[0m20:55:19.071483 [debug] [MainThread]: Wrote artifact SemanticManifest to /mnt/d/finance-lakehouse-aws/dbt/finance_dbt/target/semantic_manifest.json
[0m20:55:19.087957 [debug] [MainThread]: Wrote artifact RunExecutionResult to /mnt/d/finance-lakehouse-aws/dbt/finance_dbt/target/run_results.json
[0m20:55:19.090886 [info ] [MainThread]: 
[0m20:55:19.094096 [info ] [MainThread]: [32mCompleted successfully[0m
[0m20:55:19.098584 [info ] [MainThread]: 
[0m20:55:19.101580 [info ] [MainThread]: Done. PASS=1 WARN=0 ERROR=0 SKIP=0 NO-OP=0 TOTAL=1
[0m20:55:19.111175 [debug] [MainThread]: Resource report: {"command_name": "run", "command_success": true, "command_wall_clock_time": 169.03008, "process_in_blocks": "12896", "process_kernel_time": 4.964252, "process_mem_max_rss": "184864", "process_out_blocks": "0", "process_user_time": 4.641771}
[0m20:55:19.115034 [debug] [MainThread]: Command `dbt run` succeeded at 20:55:19.114822 after 169.03 seconds
[0m20:55:19.116834 [debug] [MainThread]: Sending event: {'category': 'dbt', 'action': 'invocation', 'label': 'end', 'context': [<snowplow_tracker.self_describing_json.SelfDescribingJson object at 0x7f6728a91bb0>, <snowplow_tracker.self_describing_json.SelfDescribingJson object at 0x7f6728a91400>, <snowplow_tracker.self_describing_json.SelfDescribingJson object at 0x7f66ef6ec740>]}
[0m20:55:19.118963 [debug] [MainThread]: Flushing usage events
[0m20:55:20.081552 [debug] [MainThread]: An error was encountered while trying to flush usage events
